VALOR,INDICADOR,CLASIF,PERIODO,VALOR PERIODO,COD_UBICACION,AMBITO_PROY,DEPARTAMENTO,departamento,indicador,anio,valor,ambito
18.0,PORCENTAJE DE CONFIANZA EN LA PNP,0,AÑO,2014,0,NACIONAL,NACIONAL,NACIONAL,confianza_pnp_pct,2014,18.0,NACIONAL
25.5,PORCENTAJE DE CONFIANZA EN LA PNP,1,AÑO,2014,16,DEPARTAMENTO,LORETO,LORETO,confianza_pnp_pct,2014,25.5,DEPARTAMENTO
24.6,PORCENTAJE DE CONFIANZA EN LA PNP,2,AÑO,2014,3,DEPARTAMENTO,APURÍMAC,APURIMAC,confianza_pnp_pct,2014,24.6,DEPARTAMENTO
24.5,PORCENTAJE DE CONFIANZA EN LA PNP,3,AÑO,2014,25,DEPARTAMENTO,UCAYALI,UCAYALI,confianza_pnp_pct,2014,24.5,DEPARTAMENTO
23.4,PORCENTAJE DE CONFIANZA EN LA PNP,4,AÑO,2014,1,DEPARTAMENTO,AMAZONAS,AMAZONAS,confianza_pnp_pct,2014,23.4,DEPARTAMENTO
23.3,PORCENTAJE DE CONFIANZA EN LA PNP,5,AÑO,2014,24,DEPARTAMENTO,TUMBES,TUMBES,confianza_pnp_pct,2014,23.3,DEPARTAMENTO
22.5,PORCENTAJE DE CONFIANZA EN LA PNP,6,AÑO,2014,20,DEPARTAMENTO,PIURA,PIURA,confianza_pnp_pct,2014,22.5,DEPARTAMENTO
22.0,PORCENTAJE DE CONFIANZA EN LA PNP,7,AÑO,2014,6,DEPARTAMENTO,CAJAMARCA,CAJAMARCA,confianza_pnp_pct,2014,22.0,DEPARTAMENTO
21.7,PORCENTAJE DE CONFIANZA EN LA PNP,8,AÑO,2014,1599,DEPARTAMENTO,REGIÓN LIMA,LIMA,confianza_pnp_pct,2014,21.7,DEPARTAMENTO
19.9,PORCENTAJE DE CONFIANZA EN LA PNP,9,AÑO,2014,22,DEPARTAMENTO,SAN MARTÍN,SAN MARTIN,confianza_pnp_pct,2014,19.9,DEPARTAMENTO
19.8,PORCENTAJE DE CONFIANZA EN LA PNP,10,AÑO,2014,18,DEPARTAMENTO,MOQUEGUA,MOQUEGUA,confianza_pnp_pct,2014,19.8,DEPARTAMENTO
19.4,PORCENTAJE DE CONFIANZA EN LA PNP,11,AÑO,2014,14,DEPARTAMENTO,LAMBAYEQUE,LAMBAYEQUE,confianza_pnp_pct,2014,19.4,DEPARTAMENTO
19.4,PORCENTAJE DE CONFIANZA EN LA PNP,12,AÑO,2014,4,DEPARTAMENTO,AREQUIPA,AREQUIPA,confianza_pnp_pct,2014,19.4,DEPARTAMENTO
19.0,PORCENTAJE DE CONFIANZA EN LA PNP,13,AÑO,2014,1501,DEPARTAMENTO,LIMA METROPOLITANA,LIMA,confianza_pnp_pct,2014,19.0,DEPARTAMENTO
18.2,PORCENTAJE DE CONFIANZA EN LA PNP,14,AÑO,2014,13,DEPARTAMENTO,LA LIBERTAD,LA LIBERTAD,confianza_pnp_pct,2014,18.2,DEPARTAMENTO
17.3,PORCENTAJE DE CONFIANZA EN LA PNP,15,AÑO,2014,7,DEPARTAMENTO,PROV. CONST. DEL CALLAO,CALLAO,confianza_pnp_pct,2014,17.3,DEPARTAMENTO
16.9,PORCENTAJE DE CONFIANZA EN LA PNP,16,AÑO,2014,11,DEPARTAMENTO,ICA,ICA,confianza_pnp_pct,2014,16.9,DEPARTAMENTO
15.2,PORCENTAJE DE CONFIANZA EN LA PNP,17,AÑO,2014,8,DEPARTAMENTO,CUSCO,CUSCO,confianza_pnp_pct,2014,15.2,DEPARTAMENTO
15.0,PORCENTAJE DE CONFIANZA EN LA PNP,18,AÑO,2014,2,DEPARTAMENTO,ÁNCASH,ANCASH,confianza_pnp_pct,2014,15.0,DEPARTAMENTO
14.9,PORCENTAJE DE CONFIANZA EN LA PNP,19,AÑO,2014,23,DEPARTAMENTO,TACNA,TACNA,confianza_pnp_pct,2014,14.9,DEPARTAMENTO
14.8,PORCENTAJE DE CONFIANZA EN LA PNP,20,AÑO,2014,12,DEPARTAMENTO,JUNÍN,JUNIN,confianza_pnp_pct,2014,14.8,DEPARTAMENTO
14.2,PORCENTAJE DE CONFIANZA EN LA PNP,21,AÑO,2014,19,DEPARTAMENTO,PASCO,PASCO,confianza_pnp_pct,2014,14.2,DEPARTAMENTO
12.6,PORCENTAJE DE CONFIANZA EN LA PNP,22,AÑO,2014,9,DEPARTAMENTO,HUANCAVELICA,HUANCAVELICA,confianza_pnp_pct,2014,12.6,DEPARTAMENTO
11.4,PORCENTAJE DE CONFIANZA EN LA PNP,23,AÑO,2014,10,DEPARTAMENTO,HUÁNUCO,HUANUCO,confianza_pnp_pct,2014,11.4,DEPARTAMENTO
9.4,PORCENTAJE DE CONFIANZA EN LA PNP,24,AÑO,2014,17,DEPARTAMENTO,MADRE DE DIOS,MADRE DE DIOS,confianza_pnp_pct,2014,9.4,DEPARTAMENTO
9.1,PORCENTAJE DE CONFIANZA EN LA PNP,25,AÑO,2014,5,DEPARTAMENTO,AYACUCHO,AYACUCHO,confianza_pnp_pct,2014,9.1,DEPARTAMENTO
4.4,PORCENTAJE DE CONFIANZA EN LA PNP,26,AÑO,2014,21,DEPARTAMENTO,PUNO,PUNO,confianza_pnp_pct,2014,4.4,DEPARTAMENTO
19.3,PORCENTAJE DE CONFIANZA EN LA PNP,0,AÑO,2015,0,NACIONAL,NACIONAL,NACIONAL,confianza_pnp_pct,2015,19.3,NACIONAL
26.3,PORCENTAJE DE CONFIANZA EN LA PNP,1,AÑO,2015,16,DEPARTAMENTO,LORETO,LORETO,confianza_pnp_pct,2015,26.3,DEPARTAMENTO
25.6,PORCENTAJE DE CONFIANZA EN LA PNP,2,AÑO,2015,6,DEPARTAMENTO,CAJAMARCA,CAJAMARCA,confianza_pnp_pct,2015,25.6,DEPARTAMENTO
25.4,PORCENTAJE DE CONFIANZA EN LA PNP,3,AÑO,2015,1,DEPARTAMENTO,AMAZONAS,AMAZONAS,confianza_pnp_pct,2015,25.4,DEPARTAMENTO
24.4,PORCENTAJE DE CONFIANZA EN LA PNP,4,AÑO,2015,24,DEPARTAMENTO,TUMBES,TUMBES,confianza_pnp_pct,2015,24.4,DEPARTAMENTO
24.4,PORCENTAJE DE CONFIANZA EN LA PNP,5,AÑO,2015,4,DEPARTAMENTO,AREQUIPA,AREQUIPA,confianza_pnp_pct,2015,24.4,DEPARTAMENTO
24.0,PORCENTAJE DE CONFIANZA EN LA PNP,6,AÑO,2015,1599,DEPARTAMENTO,REGIÓN LIMA,LIMA,confianza_pnp_pct,2015,24.0,DEPARTAMENTO
23.7,PORCENTAJE DE CONFIANZA EN LA PNP,7,AÑO,2015,20,DEPARTAMENTO,PIURA,PIURA,confianza_pnp_pct,2015,23.7,DEPARTAMENTO
22.3,PORCENTAJE DE CONFIANZA EN LA PNP,8,AÑO,2015,25,DEPARTAMENTO,UCAYALI,UCAYALI,confianza_pnp_pct,2015,22.3,DEPARTAMENTO
21.1,PORCENTAJE DE CONFIANZA EN LA PNP,9,AÑO,2015,14,DEPARTAMENTO,LAMBAYEQUE,LAMBAYEQUE,confianza_pnp_pct,2015,21.1,DEPARTAMENTO
20.9,PORCENTAJE DE CONFIANZA EN LA PNP,10,AÑO,2015,13,DEPARTAMENTO,LA LIBERTAD,LA LIBERTAD,confianza_pnp_pct,2015,20.9,DEPARTAMENTO
20.6,PORCENTAJE DE CONFIANZA EN LA PNP,11,AÑO,2015,18,DEPARTAMENTO,MOQUEGUA,MOQUEGUA,confianza_pnp_pct,2015,20.6,DEPARTAMENTO
20.5,PORCENTAJE DE CONFIANZA EN LA PNP,12,AÑO,2015,11,DEPARTAMENTO,ICA,ICA,confianza_pnp_pct,2015,20.5,DEPARTAMENTO
19.8,PORCENTAJE DE CONFIANZA EN LA PNP,13,AÑO,2015,1501,DEPARTAMENTO,LIMA METROPOLITANA,LIMA,confianza_pnp_pct,2015,19.8,DEPARTAMENTO
19.8,PORCENTAJE DE CONFIANZA EN LA PNP,14,AÑO,2015,22,DEPARTAMENTO,SAN MARTÍN,SAN MARTIN,confianza_pnp_pct,2015,19.8,DEPARTAMENTO
18.0,PORCENTAJE DE CONFIANZA EN LA PNP,15,AÑO,2015,7,DEPARTAMENTO,PROV. CONST. DEL CALLAO,CALLAO,confianza_pnp_pct,2015,18.0,DEPARTAMENTO
16.1,PORCENTAJE DE CONFIANZA EN LA PNP,16,AÑO,2015,8,DEPARTAMENTO,CUSCO,CUSCO,confianza_pnp_pct,2015,16.1,DEPARTAMENTO
15.9,PORCENTAJE DE CONFIANZA EN LA PNP,17,AÑO,2015,12,DEPARTAMENTO,JUNÍN,JUNIN,confianza_pnp_pct,2015,15.9,DEPARTAMENTO
15.4,PORCENTAJE DE CONFIANZA EN LA PNP,18,AÑO,2015,2,DEPARTAMENTO,ÁNCASH,ANCASH,confianza_pnp_pct,2015,15.4,DEPARTAMENTO
14.8,PORCENTAJE DE CONFIANZA EN LA PNP,19,AÑO,2015,9,DEPARTAMENTO,HUANCAVELICA,HUANCAVELICA,confianza_pnp_pct,2015,14.8,DEPARTAMENTO
14.7,PORCENTAJE DE CONFIANZA EN LA PNP,20,AÑO,2015,23,DEPARTAMENTO,TACNA,TACNA,confianza_pnp_pct,2015,14.7,DEPARTAMENTO
13.7,PORCENTAJE DE CONFIANZA EN LA PNP,21,AÑO,2015,5,DEPARTAMENTO,AYACUCHO,AYACUCHO,confianza_pnp_pct,2015,13.7,DEPARTAMENTO
13.7,PORCENTAJE DE CONFIANZA EN LA PNP,22,AÑO,2015,19,DEPARTAMENTO,PASCO,PASCO,confianza_pnp_pct,2015,13.7,DEPARTAMENTO
12.9,PORCENTAJE DE CONFIANZA EN LA PNP,23,AÑO,2015,10,DEPARTAMENTO,HUÁNUCO,HUANUCO,confianza_pnp_pct,2015,12.9,DEPARTAMENTO
12.6,PORCENTAJE DE CONFIANZA EN LA PNP,24,AÑO,2015,3,DEPARTAMENTO,APURÍMAC,APURIMAC,confianza_pnp_pct,2015,12.6,DEPARTAMENTO
10.6,PORCENTAJE DE CONFIANZA EN LA PNP,25,AÑO,2015,17,DEPARTAMENTO,MADRE DE DIOS,MADRE DE DIOS,confianza_pnp_pct,2015,10.6,DEPARTAMENTO
5.9,PORCENTAJE DE CONFIANZA EN LA PNP,26,AÑO,2015,21,DEPARTAMENTO,PUNO,PUNO,confianza_pnp_pct,2015,5.9,DEPARTAMENTO
18.0,PORCENTAJE DE CONFIANZA EN LA PNP,0,AÑO,2016,0,NACIONAL,NACIONAL,NACIONAL,confianza_pnp_pct,2016,18.0,NACIONAL
25.8,PORCENTAJE DE CONFIANZA EN LA PNP,1,AÑO,2016,1,DEPARTAMENTO,AMAZONAS,AMAZONAS,confianza_pnp_pct,2016,25.8,DEPARTAMENTO
25.0,PORCENTAJE DE CONFIANZA EN LA PNP,2,AÑO,2016,14,DEPARTAMENTO,LAMBAYEQUE,LAMBAYEQUE,confianza_pnp_pct,2016,25.0,DEPARTAMENTO
24.1,PORCENTAJE DE CONFIANZA EN LA PNP,3,AÑO,2016,24,DEPARTAMENTO,TUMBES,TUMBES,confianza_pnp_pct,2016,24.1,DEPARTAMENTO
23.6,PORCENTAJE DE CONFIANZA EN LA PNP,4,AÑO,2016,20,DEPARTAMENTO,PIURA,PIURA,confianza_pnp_pct,2016,23.6,DEPARTAMENTO
23.4,PORCENTAJE DE CONFIANZA EN LA PNP,5,AÑO,2016,16,DEPARTAMENTO,LORETO,LORETO,confianza_pnp_pct,2016,23.4,DEPARTAMENTO
23.3,PORCENTAJE DE CONFIANZA EN LA PNP,6,AÑO,2016,6,DEPARTAMENTO,CAJAMARCA,CAJAMARCA,confianza_pnp_pct,2016,23.3,DEPARTAMENTO
22.8,PORCENTAJE DE CONFIANZA EN LA PNP,7,AÑO,2016,13,DEPARTAMENTO,LA LIBERTAD,LA LIBERTAD,confianza_pnp_pct,2016,22.8,DEPARTAMENTO
21.1,PORCENTAJE DE CONFIANZA EN LA PNP,8,AÑO,2016,4,DEPARTAMENTO,AREQUIPA,AREQUIPA,confianza_pnp_pct,2016,21.1,DEPARTAMENTO
19.7,PORCENTAJE DE CONFIANZA EN LA PNP,9,AÑO,2016,18,DEPARTAMENTO,MOQUEGUA,MOQUEGUA,confianza_pnp_pct,2016,19.7,DEPARTAMENTO
19.0,PORCENTAJE DE CONFIANZA EN LA PNP,10,AÑO,2016,22,DEPARTAMENTO,SAN MARTÍN,SAN MARTIN,confianza_pnp_pct,2016,19.0,DEPARTAMENTO
19.0,PORCENTAJE DE CONFIANZA EN LA PNP,11,AÑO,2016,7,DEPARTAMENTO,PROV. CONST. DEL CALLAO,CALLAO,confianza_pnp_pct,2016,19.0,DEPARTAMENTO
18.5,PORCENTAJE DE CONFIANZA EN LA PNP,12,AÑO,2016,25,DEPARTAMENTO,UCAYALI,UCAYALI,confianza_pnp_pct,2016,18.5,DEPARTAMENTO
17.8,PORCENTAJE DE CONFIANZA EN LA PNP,13,AÑO,2016,1599,DEPARTAMENTO,REGIÓN LIMA,LIMA,confianza_pnp_pct,2016,17.8,DEPARTAMENTO
17.3,PORCENTAJE DE CONFIANZA EN LA PNP,14,AÑO,2016,3,DEPARTAMENTO,APURÍMAC,APURIMAC,confianza_pnp_pct,2016,17.3,DEPARTAMENTO
17.1,PORCENTAJE DE CONFIANZA EN LA PNP,15,AÑO,2016,9,DEPARTAMENTO,HUANCAVELICA,HUANCAVELICA,confianza_pnp_pct,2016,17.1,DEPARTAMENTO
17.0,PORCENTAJE DE CONFIANZA EN LA PNP,16,AÑO,2016,11,DEPARTAMENTO,ICA,ICA,confianza_pnp_pct,2016,17.0,DEPARTAMENTO
16.8,PORCENTAJE DE CONFIANZA EN LA PNP,17,AÑO,2016,1501,DEPARTAMENTO,LIMA METROPOLITANA,LIMA,confianza_pnp_pct,2016,16.8,DEPARTAMENTO
16.8,PORCENTAJE DE CONFIANZA EN LA PNP,18,AÑO,2016,23,DEPARTAMENTO,TACNA,TACNA,confianza_pnp_pct,2016,16.8,DEPARTAMENTO
15.5,PORCENTAJE DE CONFIANZA EN LA PNP,19,AÑO,2016,10,DEPARTAMENTO,HUÁNUCO,HUANUCO,confianza_pnp_pct,2016,15.5,DEPARTAMENTO
15.1,PORCENTAJE DE CONFIANZA EN LA PNP,20,AÑO,2016,2,DEPARTAMENTO,ÁNCASH,ANCASH,confianza_pnp_pct,2016,15.1,DEPARTAMENTO
14.8,PORCENTAJE DE CONFIANZA EN LA PNP,21,AÑO,2016,5,DEPARTAMENTO,AYACUCHO,AYACUCHO,confianza_pnp_pct,2016,14.8,DEPARTAMENTO
14.3,PORCENTAJE DE CONFIANZA EN LA PNP,22,AÑO,2016,19,DEPARTAMENTO,PASCO,PASCO,confianza_pnp_pct,2016,14.3,DEPARTAMENTO
14.0,PORCENTAJE DE CONFIANZA EN LA PNP,23,AÑO,2016,12,DEPARTAMENTO,JUNÍN,JUNIN,confianza_pnp_pct,2016,14.0,DEPARTAMENTO
13.6,PORCENTAJE DE CONFIANZA EN LA PNP,24,AÑO,2016,8,DEPARTAMENTO,CUSCO,CUSCO,confianza_pnp_pct,2016,13.6,DEPARTAMENTO
9.4,PORCENTAJE DE CONFIANZA EN LA PNP,25,AÑO,2016,17,DEPARTAMENTO,MADRE DE DIOS,MADRE DE DIOS,confianza_pnp_pct,2016,9.4,DEPARTAMENTO
5.7,PORCENTAJE DE CONFIANZA EN LA PNP,26,AÑO,2016,21,DEPARTAMENTO,PUNO,PUNO,confianza_pnp_pct,2016,5.7,DEPARTAMENTO
18.7,PORCENTAJE DE CONFIANZA EN LA PNP,0,AÑO,2017,0,NACIONAL,NACIONAL,NACIONAL,confianza_pnp_pct,2017,18.7,NACIONAL
28.8,PORCENTAJE DE CONFIANZA EN LA PNP,1,AÑO,2017,24,DEPARTAMENTO,TUMBES,TUMBES,confianza_pnp_pct,2017,28.8,DEPARTAMENTO
27.3,PORCENTAJE DE CONFIANZA EN LA PNP,2,AÑO,2017,6,DEPARTAMENTO,CAJAMARCA,CAJAMARCA,confianza_pnp_pct,2017,27.3,DEPARTAMENTO
25.5,PORCENTAJE DE CONFIANZA EN LA PNP,3,AÑO,2017,20,DEPARTAMENTO,PIURA,PIURA,confianza_pnp_pct,2017,25.5,DEPARTAMENTO
23.9,PORCENTAJE DE CONFIANZA EN LA PNP,4,AÑO,2017,1,DEPARTAMENTO,AMAZONAS,AMAZONAS,confianza_pnp_pct,2017,23.9,DEPARTAMENTO
22.4,PORCENTAJE DE CONFIANZA EN LA PNP,5,AÑO,2017,25,DEPARTAMENTO,UCAYALI,UCAYALI,confianza_pnp_pct,2017,22.4,DEPARTAMENTO
22.3,PORCENTAJE DE CONFIANZA EN LA PNP,6,AÑO,2017,16,DEPARTAMENTO,LORETO,LORETO,confianza_pnp_pct,2017,22.3,DEPARTAMENTO
21.7,PORCENTAJE DE CONFIANZA EN LA PNP,7,AÑO,2017,4,DEPARTAMENTO,AREQUIPA,AREQUIPA,confianza_pnp_pct,2017,21.7,DEPARTAMENTO
21.5,PORCENTAJE DE CONFIANZA EN LA PNP,8,AÑO,2017,22,DEPARTAMENTO,SAN MARTÍN,SAN MARTIN,confianza_pnp_pct,2017,21.5,DEPARTAMENTO
21.3,PORCENTAJE DE CONFIANZA EN LA PNP,9,AÑO,2017,14,DEPARTAMENTO,LAMBAYEQUE,LAMBAYEQUE,confianza_pnp_pct,2017,21.3,DEPARTAMENTO
20.1,PORCENTAJE DE CONFIANZA EN LA PNP,10,AÑO,2017,7,DEPARTAMENTO,PROV. CONST. DEL CALLAO,CALLAO,confianza_pnp_pct,2017,20.1,DEPARTAMENTO
19.7,PORCENTAJE DE CONFIANZA EN LA PNP,11,AÑO,2017,1501,DEPARTAMENTO,LIMA METROPOLITANA,LIMA,confianza_pnp_pct,2017,19.7,DEPARTAMENTO
18.9,PORCENTAJE DE CONFIANZA EN LA PNP,12,AÑO,2017,13,DEPARTAMENTO,LA LIBERTAD,LA LIBERTAD,confianza_pnp_pct,2017,18.9,DEPARTAMENTO
18.7,PORCENTAJE DE CONFIANZA EN LA PNP,13,AÑO,2017,11,DEPARTAMENTO,ICA,ICA,confianza_pnp_pct,2017,18.7,DEPARTAMENTO
18.5,PORCENTAJE DE CONFIANZA EN LA PNP,14,AÑO,2017,19,DEPARTAMENTO,PASCO,PASCO,confianza_pnp_pct,2017,18.5,DEPARTAMENTO
18.2,PORCENTAJE DE CONFIANZA EN LA PNP,15,AÑO,2017,1599,DEPARTAMENTO,REGIÓN LIMA,LIMA,confianza_pnp_pct,2017,18.2,DEPARTAMENTO
17.6,PORCENTAJE DE CONFIANZA EN LA PNP,16,AÑO,2017,18,DEPARTAMENTO,MOQUEGUA,MOQUEGUA,confianza_pnp_pct,2017,17.6,DEPARTAMENTO
16.9,PORCENTAJE DE CONFIANZA EN LA PNP,17,AÑO,2017,23,DEPARTAMENTO,TACNA,TACNA,confianza_pnp_pct,2017,16.9,DEPARTAMENTO
16.6,PORCENTAJE DE CONFIANZA EN LA PNP,18,AÑO,2017,2,DEPARTAMENTO,ÁNCASH,ANCASH,confianza_pnp_pct,2017,16.6,DEPARTAMENTO
14.3,PORCENTAJE DE CONFIANZA EN LA PNP,19,AÑO,2017,12,DEPARTAMENTO,JUNÍN,JUNIN,confianza_pnp_pct,2017,14.3,DEPARTAMENTO
12.7,PORCENTAJE DE CONFIANZA EN LA PNP,20,AÑO,2017,9,DEPARTAMENTO,HUANCAVELICA,HUANCAVELICA,confianza_pnp_pct,2017,12.7,DEPARTAMENTO
12.5,PORCENTAJE DE CONFIANZA EN LA PNP,21,AÑO,2017,17,DEPARTAMENTO,MADRE DE DIOS,MADRE DE DIOS,confianza_pnp_pct,2017,12.5,DEPARTAMENTO
12.3,PORCENTAJE DE CONFIANZA EN LA PNP,22,AÑO,2017,3,DEPARTAMENTO,APURÍMAC,APURIMAC,confianza_pnp_pct,2017,12.3,DEPARTAMENTO
12.3,PORCENTAJE DE CONFIANZA EN LA PNP,23,AÑO,2017,5,DEPARTAMENTO,AYACUCHO,AYACUCHO,confianza_pnp_pct,2017,12.3,DEPARTAMENTO
11.5,PORCENTAJE DE CONFIANZA EN LA PNP,24,AÑO,2017,10,DEPARTAMENTO,HUÁNUCO,HUANUCO,confianza_pnp_pct,2017,11.5,DEPARTAMENTO
11.0,PORCENTAJE DE CONFIANZA EN LA PNP,25,AÑO,2017,8,DEPARTAMENTO,CUSCO,CUSCO,confianza_pnp_pct,2017,11.0,DEPARTAMENTO
6.8,PORCENTAJE DE CONFIANZA EN LA PNP,26,AÑO,2017,21,DEPARTAMENTO,PUNO,PUNO,confianza_pnp_pct,2017,6.8,DEPARTAMENTO
17.2,PORCENTAJE DE CONFIANZA EN LA PNP,0,AÑO,2018,0,NACIONAL,NACIONAL,NACIONAL,confianza_pnp_pct,2018,17.2,NACIONAL
25.2,PORCENTAJE DE CONFIANZA EN LA PNP,1,AÑO,2018,24,DEPARTAMENTO,TUMBES,TUMBES,confianza_pnp_pct,2018,25.2,DEPARTAMENTO
23.8,PORCENTAJE DE CONFIANZA EN LA PNP,2,AÑO,2018,20,DEPARTAMENTO,PIURA,PIURA,confianza_pnp_pct,2018,23.8,DEPARTAMENTO
22.7,PORCENTAJE DE CONFIANZA EN LA PNP,3,AÑO,2018,1,DEPARTAMENTO,AMAZONAS,AMAZONAS,confianza_pnp_pct,2018,22.7,DEPARTAMENTO
22.6,PORCENTAJE DE CONFIANZA EN LA PNP,4,AÑO,2018,6,DEPARTAMENTO,CAJAMARCA,CAJAMARCA,confianza_pnp_pct,2018,22.6,DEPARTAMENTO
21.5,PORCENTAJE DE CONFIANZA EN LA PNP,5,AÑO,2018,25,DEPARTAMENTO,UCAYALI,UCAYALI,confianza_pnp_pct,2018,21.5,DEPARTAMENTO
20.7,PORCENTAJE DE CONFIANZA EN LA PNP,6,AÑO,2018,16,DEPARTAMENTO,LORETO,LORETO,confianza_pnp_pct,2018,20.7,DEPARTAMENTO
20.1,PORCENTAJE DE CONFIANZA EN LA PNP,7,AÑO,2018,11,DEPARTAMENTO,ICA,ICA,confianza_pnp_pct,2018,20.1,DEPARTAMENTO
19.6,PORCENTAJE DE CONFIANZA EN LA PNP,8,AÑO,2018,22,DEPARTAMENTO,SAN MARTÍN,SAN MARTIN,confianza_pnp_pct,2018,19.6,DEPARTAMENTO
18.4,PORCENTAJE DE CONFIANZA EN LA PNP,9,AÑO,2018,4,DEPARTAMENTO,AREQUIPA,AREQUIPA,confianza_pnp_pct,2018,18.4,DEPARTAMENTO
18.3,PORCENTAJE DE CONFIANZA EN LA PNP,10,AÑO,2018,1501,DEPARTAMENTO,LIMA METROPOLITANA,LIMA,confianza_pnp_pct,2018,18.3,DEPARTAMENTO
18.2,PORCENTAJE DE CONFIANZA EN LA PNP,11,AÑO,2018,14,DEPARTAMENTO,LAMBAYEQUE,LAMBAYEQUE,confianza_pnp_pct,2018,18.2,DEPARTAMENTO
17.8,PORCENTAJE DE CONFIANZA EN LA PNP,12,AÑO,2018,13,DEPARTAMENTO,LA LIBERTAD,LA LIBERTAD,confianza_pnp_pct,2018,17.8,DEPARTAMENTO
17.7,PORCENTAJE DE CONFIANZA EN LA PNP,13,AÑO,2018,1599,DEPARTAMENTO,REGIÓN LIMA,LIMA,confianza_pnp_pct,2018,17.7,DEPARTAMENTO
17.5,PORCENTAJE DE CONFIANZA EN LA PNP,14,AÑO,2018,7,DEPARTAMENTO,PROV. CONST. DEL CALLAO,CALLAO,confianza_pnp_pct,2018,17.5,DEPARTAMENTO
17.1,PORCENTAJE DE CONFIANZA EN LA PNP,15,AÑO,2018,23,DEPARTAMENTO,TACNA,TACNA,confianza_pnp_pct,2018,17.1,DEPARTAMENTO
15.8,PORCENTAJE DE CONFIANZA EN LA PNP,16,AÑO,2018,18,DEPARTAMENTO,MOQUEGUA,MOQUEGUA,confianza_pnp_pct,2018,15.8,DEPARTAMENTO
15.2,PORCENTAJE DE CONFIANZA EN LA PNP,17,AÑO,2018,9,DEPARTAMENTO,HUANCAVELICA,HUANCAVELICA,confianza_pnp_pct,2018,15.2,DEPARTAMENTO
14.8,PORCENTAJE DE CONFIANZA EN LA PNP,18,AÑO,2018,2,DEPARTAMENTO,ÁNCASH,ANCASH,confianza_pnp_pct,2018,14.8,DEPARTAMENTO
14.5,PORCENTAJE DE CONFIANZA EN LA PNP,19,AÑO,2018,19,DEPARTAMENTO,PASCO,PASCO,confianza_pnp_pct,2018,14.5,DEPARTAMENTO
13.7,PORCENTAJE DE CONFIANZA EN LA PNP,20,AÑO,2018,10,DEPARTAMENTO,HUÁNUCO,HUANUCO,confianza_pnp_pct,2018,13.7,DEPARTAMENTO
13.5,PORCENTAJE DE CONFIANZA EN LA PNP,21,AÑO,2018,8,DEPARTAMENTO,CUSCO,CUSCO,confianza_pnp_pct,2018,13.5,DEPARTAMENTO
10.5,PORCENTAJE DE CONFIANZA EN LA PNP,22,AÑO,2018,3,DEPARTAMENTO,APURÍMAC,APURIMAC,confianza_pnp_pct,2018,10.5,DEPARTAMENTO
10.2,PORCENTAJE DE CONFIANZA EN LA PNP,23,AÑO,2018,12,DEPARTAMENTO,JUNÍN,JUNIN,confianza_pnp_pct,2018,10.2,DEPARTAMENTO
9.1,PORCENTAJE DE CONFIANZA EN LA PNP,24,AÑO,2018,5,DEPARTAMENTO,AYACUCHO,AYACUCHO,confianza_pnp_pct,2018,9.1,DEPARTAMENTO
8.4,PORCENTAJE DE CONFIANZA EN LA PNP,25,AÑO,2018,17,DEPARTAMENTO,MADRE DE DIOS,MADRE DE DIOS,confianza_pnp_pct,2018,8.4,DEPARTAMENTO
5.9,PORCENTAJE DE CONFIANZA EN LA PNP,26,AÑO,2018,21,DEPARTAMENTO,PUNO,PUNO,confianza_pnp_pct,2018,5.9,DEPARTAMENTO
18.8,PORCENTAJE DE CONFIANZA EN LA PNP,0,AÑO,2019,0,NACIONAL,NACIONAL,NACIONAL,confianza_pnp_pct,2019,18.8,NACIONAL
31.8,PORCENTAJE DE CONFIANZA EN LA PNP,1,AÑO,2019,24,DEPARTAMENTO,TUMBES,TUMBES,confianza_pnp_pct,2019,31.8,DEPARTAMENTO
28.2,PORCENTAJE DE CONFIANZA EN LA PNP,2,AÑO,2019,1,DEPARTAMENTO,AMAZONAS,AMAZONAS,confianza_pnp_pct,2019,28.2,DEPARTAMENTO
27.7,PORCENTAJE DE CONFIANZA EN LA PNP,3,AÑO,2019,6,DEPARTAMENTO,CAJAMARCA,CAJAMARCA,confianza_pnp_pct,2019,27.7,DEPARTAMENTO
26.1,PORCENTAJE DE CONFIANZA EN LA PNP,4,AÑO,2019,20,DEPARTAMENTO,PIURA,PIURA,confianza_pnp_pct,2019,26.1,DEPARTAMENTO
25.6,PORCENTAJE DE CONFIANZA EN LA PNP,5,AÑO,2019,14,DEPARTAMENTO,LAMBAYEQUE,LAMBAYEQUE,confianza_pnp_pct,2019,25.6,DEPARTAMENTO
23.3,PORCENTAJE DE CONFIANZA EN LA PNP,6,AÑO,2019,25,DEPARTAMENTO,UCAYALI,UCAYALI,confianza_pnp_pct,2019,23.3,DEPARTAMENTO
22.2,PORCENTAJE DE CONFIANZA EN LA PNP,7,AÑO,2019,22,DEPARTAMENTO,SAN MARTÍN,SAN MARTIN,confianza_pnp_pct,2019,22.2,DEPARTAMENTO
21.2,PORCENTAJE DE CONFIANZA EN LA PNP,8,AÑO,2019,9,DEPARTAMENTO,HUANCAVELICA,HUANCAVELICA,confianza_pnp_pct,2019,21.2,DEPARTAMENTO
21.1,PORCENTAJE DE CONFIANZA EN LA PNP,9,AÑO,2019,11,DEPARTAMENTO,ICA,ICA,confianza_pnp_pct,2019,21.1,DEPARTAMENTO
20.4,PORCENTAJE DE CONFIANZA EN LA PNP,10,AÑO,2019,7,DEPARTAMENTO,PROV. CONST. DEL CALLAO,CALLAO,confianza_pnp_pct,2019,20.4,DEPARTAMENTO
19.4,PORCENTAJE DE CONFIANZA EN LA PNP,11,AÑO,2019,16,DEPARTAMENTO,LORETO,LORETO,confianza_pnp_pct,2019,19.4,DEPARTAMENTO
19.2,PORCENTAJE DE CONFIANZA EN LA PNP,12,AÑO,2019,1501,DEPARTAMENTO,LIMA METROPOLITANA,LIMA,confianza_pnp_pct,2019,19.2,DEPARTAMENTO
18.4,PORCENTAJE DE CONFIANZA EN LA PNP,13,AÑO,2019,1599,DEPARTAMENTO,REGIÓN LIMA,LIMA,confianza_pnp_pct,2019,18.4,DEPARTAMENTO
17.9,PORCENTAJE DE CONFIANZA EN LA PNP,14,AÑO,2019,4,DEPARTAMENTO,AREQUIPA,AREQUIPA,confianza_pnp_pct,2019,17.9,DEPARTAMENTO
17.7,PORCENTAJE DE CONFIANZA EN LA PNP,15,AÑO,2019,10,DEPARTAMENTO,HUÁNUCO,HUANUCO,confianza_pnp_pct,2019,17.7,DEPARTAMENTO
17.0,PORCENTAJE DE CONFIANZA EN LA PNP,16,AÑO,2019,13,DEPARTAMENTO,LA LIBERTAD,LA LIBERTAD,confianza_pnp_pct,2019,17.0,DEPARTAMENTO
16.8,PORCENTAJE DE CONFIANZA EN LA PNP,17,AÑO,2019,8,DEPARTAMENTO,CUSCO,CUSCO,confianza_pnp_pct,2019,16.8,DEPARTAMENTO
16.3,PORCENTAJE DE CONFIANZA EN LA PNP,18,AÑO,2019,2,DEPARTAMENTO,ÁNCASH,ANCASH,confianza_pnp_pct,2019,16.3,DEPARTAMENTO
15.7,PORCENTAJE DE CONFIANZA EN LA PNP,19,AÑO,2019,23,DEPARTAMENTO,TACNA,TACNA,confianza_pnp_pct,2019,15.7,DEPARTAMENTO
15.6,PORCENTAJE DE CONFIANZA EN LA PNP,20,AÑO,2019,18,DEPARTAMENTO,MOQUEGUA,MOQUEGUA,confianza_pnp_pct,2019,15.6,DEPARTAMENTO
13.1,PORCENTAJE DE CONFIANZA EN LA PNP,21,AÑO,2019,19,DEPARTAMENTO,PASCO,PASCO,confianza_pnp_pct,2019,13.1,DEPARTAMENTO
11.5,PORCENTAJE DE CONFIANZA EN LA PNP,22,AÑO,2019,3,DEPARTAMENTO,APURÍMAC,APURIMAC,confianza_pnp_pct,2019,11.5,DEPARTAMENTO
11.4,PORCENTAJE DE CONFIANZA EN LA PNP,23,AÑO,2019,12,DEPARTAMENTO,JUNÍN,JUNIN,confianza_pnp_pct,2019,11.4,DEPARTAMENTO
10.3,PORCENTAJE DE CONFIANZA EN LA PNP,24,AÑO,2019,5,DEPARTAMENTO,AYACUCHO,AYACUCHO,confianza_pnp_pct,2019,10.3,DEPARTAMENTO
8.2,PORCENTAJE DE CONFIANZA EN LA PNP,25,AÑO,2019,17,DEPARTAMENTO,MADRE DE DIOS,MADRE DE DIOS,confianza_pnp_pct,2019,8.2,DEPARTAMENTO
5.8,PORCENTAJE DE CONFIANZA EN LA PNP,26,AÑO,2019,21,DEPARTAMENTO,PUNO,PUNO,confianza_pnp_pct,2019,5.8,DEPARTAMENTO
28.2,PORCENTAJE DE CONFIANZA EN LA PNP,0,AÑO,2020,0,NACIONAL,NACIONAL,NACIONAL,confianza_pnp_pct,2020,28.2,NACIONAL
39.7,PORCENTAJE DE CONFIANZA EN LA PNP,1,AÑO,2020,24,DEPARTAMENTO,TUMBES,TUMBES,confianza_pnp_pct,2020,39.7,DEPARTAMENTO
38.8,PORCENTAJE DE CONFIANZA EN LA PNP,2,AÑO,2020,14,DEPARTAMENTO,LAMBAYEQUE,LAMBAYEQUE,confianza_pnp_pct,2020,38.8,DEPARTAMENTO
38.4,PORCENTAJE DE CONFIANZA EN LA PNP,3,AÑO,2020,6,DEPARTAMENTO,CAJAMARCA,CAJAMARCA,confianza_pnp_pct,2020,38.4,DEPARTAMENTO
34.3,PORCENTAJE DE CONFIANZA EN LA PNP,4,AÑO,2020,1,DEPARTAMENTO,AMAZONAS,AMAZONAS,confianza_pnp_pct,2020,34.3,DEPARTAMENTO
33.5,PORCENTAJE DE CONFIANZA EN LA PNP,5,AÑO,2020,11,DEPARTAMENTO,ICA,ICA,confianza_pnp_pct,2020,33.5,DEPARTAMENTO
33.1,PORCENTAJE DE CONFIANZA EN LA PNP,6,AÑO,2020,20,DEPARTAMENTO,PIURA,PIURA,confianza_pnp_pct,2020,33.1,DEPARTAMENTO
33.1,PORCENTAJE DE CONFIANZA EN LA PNP,7,AÑO,2020,7,DEPARTAMENTO,PROV. CONST. DEL CALLAO,CALLAO,confianza_pnp_pct,2020,33.1,DEPARTAMENTO
30.4,PORCENTAJE DE CONFIANZA EN LA PNP,8,AÑO,2020,1501,DEPARTAMENTO,LIMA METROPOLITANA,LIMA,confianza_pnp_pct,2020,30.4,DEPARTAMENTO
29.3,PORCENTAJE DE CONFIANZA EN LA PNP,9,AÑO,2020,1599,DEPARTAMENTO,REGIÓN LIMA,LIMA,confianza_pnp_pct,2020,29.3,DEPARTAMENTO
27.8,PORCENTAJE DE CONFIANZA EN LA PNP,10,AÑO,2020,8,DEPARTAMENTO,CUSCO,CUSCO,confianza_pnp_pct,2020,27.8,DEPARTAMENTO
27.7,PORCENTAJE DE CONFIANZA EN LA PNP,11,AÑO,2020,22,DEPARTAMENTO,SAN MARTÍN,SAN MARTIN,confianza_pnp_pct,2020,27.7,DEPARTAMENTO
27.3,PORCENTAJE DE CONFIANZA EN LA PNP,12,AÑO,2020,2,DEPARTAMENTO,ÁNCASH,ANCASH,confianza_pnp_pct,2020,27.3,DEPARTAMENTO
27.0,PORCENTAJE DE CONFIANZA EN LA PNP,13,AÑO,2020,9,DEPARTAMENTO,HUANCAVELICA,HUANCAVELICA,confianza_pnp_pct,2020,27.0,DEPARTAMENTO
26.7,PORCENTAJE DE CONFIANZA EN LA PNP,14,AÑO,2020,4,DEPARTAMENTO,AREQUIPA,AREQUIPA,confianza_pnp_pct,2020,26.7,DEPARTAMENTO
25.6,PORCENTAJE DE CONFIANZA EN LA PNP,15,AÑO,2020,25,DEPARTAMENTO,UCAYALI,UCAYALI,confianza_pnp_pct,2020,25.6,DEPARTAMENTO
25.2,PORCENTAJE DE CONFIANZA EN LA PNP,16,AÑO,2020,16,DEPARTAMENTO,LORETO,LORETO,confianza_pnp_pct,2020,25.2,DEPARTAMENTO
24.7,PORCENTAJE DE CONFIANZA EN LA PNP,17,AÑO,2020,13,DEPARTAMENTO,LA LIBERTAD,LA LIBERTAD,confianza_pnp_pct,2020,24.7,DEPARTAMENTO
24.0,PORCENTAJE DE CONFIANZA EN LA PNP,18,AÑO,2020,18,DEPARTAMENTO,MOQUEGUA,MOQUEGUA,confianza_pnp_pct,2020,24.0,DEPARTAMENTO
23.3,PORCENTAJE DE CONFIANZA EN LA PNP,19,AÑO,2020,23,DEPARTAMENTO,TACNA,TACNA,confianza_pnp_pct,2020,23.3,DEPARTAMENTO
23.3,PORCENTAJE DE CONFIANZA EN LA PNP,20,AÑO,2020,12,DEPARTAMENTO,JUNÍN,JUNIN,confianza_pnp_pct,2020,23.3,DEPARTAMENTO
23.0,PORCENTAJE DE CONFIANZA EN LA PNP,21,AÑO,2020,19,DEPARTAMENTO,PASCO,PASCO,confianza_pnp_pct,2020,23.0,DEPARTAMENTO
22.1,PORCENTAJE DE CONFIANZA EN LA PNP,22,AÑO,2020,10,DEPARTAMENTO,HUÁNUCO,HUANUCO,confianza_pnp_pct,2020,22.1,DEPARTAMENTO
19.1,PORCENTAJE DE CONFIANZA EN LA PNP,23,AÑO,2020,3,DEPARTAMENTO,APURÍMAC,APURIMAC,confianza_pnp_pct,2020,19.1,DEPARTAMENTO
15.3,PORCENTAJE DE CONFIANZA EN LA PNP,24,AÑO,2020,17,DEPARTAMENTO,MADRE DE DIOS,MADRE DE DIOS,confianza_pnp_pct,2020,15.3,DEPARTAMENTO
14.9,PORCENTAJE DE CONFIANZA EN LA PNP,25,AÑO,2020,5,DEPARTAMENTO,AYACUCHO,AYACUCHO,confianza_pnp_pct,2020,14.9,DEPARTAMENTO
8.5,PORCENTAJE DE CONFIANZA EN LA PNP,26,AÑO,2020,21,DEPARTAMENTO,PUNO,PUNO,confianza_pnp_pct,2020,8.5,DEPARTAMENTO
24.6,PORCENTAJE DE CONFIANZA EN LA PNP,0,AÑO,2021,0,NACIONAL,NACIONAL,NACIONAL,confianza_pnp_pct,2021,24.6,NACIONAL
33.0,PORCENTAJE DE CONFIANZA EN LA PNP,1,AÑO,2021,6,DEPARTAMENTO,CAJAMARCA,CAJAMARCA,confianza_pnp_pct,2021,33.0,DEPARTAMENTO
29.8,PORCENTAJE DE CONFIANZA EN LA PNP,2,AÑO,2021,24,DEPARTAMENTO,TUMBES,TUMBES,confianza_pnp_pct,2021,29.8,DEPARTAMENTO
29.0,PORCENTAJE DE CONFIANZA EN LA PNP,3,AÑO,2021,1501,DEPARTAMENTO,LIMA METROPOLITANA,LIMA,confianza_pnp_pct,2021,29.0,DEPARTAMENTO
28.5,PORCENTAJE DE CONFIANZA EN LA PNP,4,AÑO,2021,1,DEPARTAMENTO,AMAZONAS,AMAZONAS,confianza_pnp_pct,2021,28.5,DEPARTAMENTO
28.0,PORCENTAJE DE CONFIANZA EN LA PNP,5,AÑO,2021,1599,DEPARTAMENTO,REGIÓN LIMA,LIMA,confianza_pnp_pct,2021,28.0,DEPARTAMENTO
27.7,PORCENTAJE DE CONFIANZA EN LA PNP,6,AÑO,2021,14,DEPARTAMENTO,LAMBAYEQUE,LAMBAYEQUE,confianza_pnp_pct,2021,27.7,DEPARTAMENTO
26.7,PORCENTAJE DE CONFIANZA EN LA PNP,7,AÑO,2021,20,DEPARTAMENTO,PIURA,PIURA,confianza_pnp_pct,2021,26.7,DEPARTAMENTO
26.2,PORCENTAJE DE CONFIANZA EN LA PNP,8,AÑO,2021,7,DEPARTAMENTO,PROV. CONST. DEL CALLAO,CALLAO,confianza_pnp_pct,2021,26.2,DEPARTAMENTO
25.4,PORCENTAJE DE CONFIANZA EN LA PNP,9,AÑO,2021,13,DEPARTAMENTO,LA LIBERTAD,LA LIBERTAD,confianza_pnp_pct,2021,25.4,DEPARTAMENTO
25.2,PORCENTAJE DE CONFIANZA EN LA PNP,10,AÑO,2021,2,DEPARTAMENTO,ÁNCASH,ANCASH,confianza_pnp_pct,2021,25.2,DEPARTAMENTO
24.5,PORCENTAJE DE CONFIANZA EN LA PNP,11,AÑO,2021,16,DEPARTAMENTO,LORETO,LORETO,confianza_pnp_pct,2021,24.5,DEPARTAMENTO
24.5,PORCENTAJE DE CONFIANZA EN LA PNP,12,AÑO,2021,9,DEPARTAMENTO,HUANCAVELICA,HUANCAVELICA,confianza_pnp_pct,2021,24.5,DEPARTAMENTO
23.7,PORCENTAJE DE CONFIANZA EN LA PNP,13,AÑO,2021,11,DEPARTAMENTO,ICA,ICA,confianza_pnp_pct,2021,23.7,DEPARTAMENTO
23.1,PORCENTAJE DE CONFIANZA EN LA PNP,14,AÑO,2021,22,DEPARTAMENTO,SAN MARTÍN,SAN MARTIN,confianza_pnp_pct,2021,23.1,DEPARTAMENTO
22.7,PORCENTAJE DE CONFIANZA EN LA PNP,15,AÑO,2021,25,DEPARTAMENTO,UCAYALI,UCAYALI,confianza_pnp_pct,2021,22.7,DEPARTAMENTO
22.1,PORCENTAJE DE CONFIANZA EN LA PNP,16,AÑO,2021,4,DEPARTAMENTO,AREQUIPA,AREQUIPA,confianza_pnp_pct,2021,22.1,DEPARTAMENTO
19.4,PORCENTAJE DE CONFIANZA EN LA PNP,17,AÑO,2021,18,DEPARTAMENTO,MOQUEGUA,MOQUEGUA,confianza_pnp_pct,2021,19.4,DEPARTAMENTO
18.8,PORCENTAJE DE CONFIANZA EN LA PNP,18,AÑO,2021,19,DEPARTAMENTO,PASCO,PASCO,confianza_pnp_pct,2021,18.8,DEPARTAMENTO
18.7,PORCENTAJE DE CONFIANZA EN LA PNP,19,AÑO,2021,8,DEPARTAMENTO,CUSCO,CUSCO,confianza_pnp_pct,2021,18.7,DEPARTAMENTO
17.1,PORCENTAJE DE CONFIANZA EN LA PNP,20,AÑO,2021,12,DEPARTAMENTO,JUNÍN,JUNIN,confianza_pnp_pct,2021,17.1,DEPARTAMENTO
16.8,PORCENTAJE DE CONFIANZA EN LA PNP,21,AÑO,2021,10,DEPARTAMENTO,HUÁNUCO,HUANUCO,confianza_pnp_pct,2021,16.8,DEPARTAMENTO
15.2,PORCENTAJE DE CONFIANZA EN LA PNP,22,AÑO,2021,3,DEPARTAMENTO,APURÍMAC,APURIMAC,confianza_pnp_pct,2021,15.2,DEPARTAMENTO
14.7,PORCENTAJE DE CONFIANZA EN LA PNP,23,AÑO,2021,5,DEPARTAMENTO,AYACUCHO,AYACUCHO,confianza_pnp_pct,2021,14.7,DEPARTAMENTO
13.6,PORCENTAJE DE CONFIANZA EN LA PNP,24,AÑO,2021,23,DEPARTAMENTO,TACNA,TACNA,confianza_pnp_pct,2021,13.6,DEPARTAMENTO
10.6,PORCENTAJE DE CONFIANZA EN LA PNP,25,AÑO,2021,17,DEPARTAMENTO,MADRE DE DIOS,MADRE DE DIOS,confianza_pnp_pct,2021,10.6,DEPARTAMENTO
7.9,PORCENTAJE DE CONFIANZA EN LA PNP,26,AÑO,2021,21,DEPARTAMENTO,PUNO,PUNO,confianza_pnp_pct,2021,7.9,DEPARTAMENTO
21.2,PORCENTAJE DE CONFIANZA EN LA PNP,0,AÑO,2022,0,NACIONAL,NACIONAL,NACIONAL,confianza_pnp_pct,2022,21.2,NACIONAL
30.0,PORCENTAJE DE CONFIANZA EN LA PNP,1,AÑO,2022,24,DEPARTAMENTO,TUMBES,TUMBES,confianza_pnp_pct,2022,30.0,DEPARTAMENTO
29.9,PORCENTAJE DE CONFIANZA EN LA PNP,2,AÑO,2022,1,DEPARTAMENTO,AMAZONAS,AMAZONAS,confianza_pnp_pct,2022,29.9,DEPARTAMENTO
26.6,PORCENTAJE DE CONFIANZA EN LA PNP,3,AÑO,2022,20,DEPARTAMENTO,PIURA,PIURA,confianza_pnp_pct,2022,26.6,DEPARTAMENTO
24.7,PORCENTAJE DE CONFIANZA EN LA PNP,4,AÑO,2022,1599,DEPARTAMENTO,REGIÓN LIMA,LIMA,confianza_pnp_pct,2022,24.7,DEPARTAMENTO
24.5,PORCENTAJE DE CONFIANZA EN LA PNP,5,AÑO,2022,1501,DEPARTAMENTO,LIMA METROPOLITANA,LIMA,confianza_pnp_pct,2022,24.5,DEPARTAMENTO
24.3,PORCENTAJE DE CONFIANZA EN LA PNP,6,AÑO,2022,7,DEPARTAMENTO,PROV. CONST. DEL CALLAO,CALLAO,confianza_pnp_pct,2022,24.3,DEPARTAMENTO
23.5,PORCENTAJE DE CONFIANZA EN LA PNP,7,AÑO,2022,22,DEPARTAMENTO,SAN MARTÍN,SAN MARTIN,confianza_pnp_pct,2022,23.5,DEPARTAMENTO
22.8,PORCENTAJE DE CONFIANZA EN LA PNP,8,AÑO,2022,14,DEPARTAMENTO,LAMBAYEQUE,LAMBAYEQUE,confianza_pnp_pct,2022,22.8,DEPARTAMENTO
21.9,PORCENTAJE DE CONFIANZA EN LA PNP,9,AÑO,2022,16,DEPARTAMENTO,LORETO,LORETO,confianza_pnp_pct,2022,21.9,DEPARTAMENTO
21.0,PORCENTAJE DE CONFIANZA EN LA PNP,10,AÑO,2022,11,DEPARTAMENTO,ICA,ICA,confianza_pnp_pct,2022,21.0,DEPARTAMENTO
21.0,PORCENTAJE DE CONFIANZA EN LA PNP,11,AÑO,2022,6,DEPARTAMENTO,CAJAMARCA,CAJAMARCA,confianza_pnp_pct,2022,21.0,DEPARTAMENTO
20.8,PORCENTAJE DE CONFIANZA EN LA PNP,12,AÑO,2022,13,DEPARTAMENTO,LA LIBERTAD,LA LIBERTAD,confianza_pnp_pct,2022,20.8,DEPARTAMENTO
20.1,PORCENTAJE DE CONFIANZA EN LA PNP,13,AÑO,2022,19,DEPARTAMENTO,PASCO,PASCO,confianza_pnp_pct,2022,20.1,DEPARTAMENTO
20.1,PORCENTAJE DE CONFIANZA EN LA PNP,14,AÑO,2022,9,DEPARTAMENTO,HUANCAVELICA,HUANCAVELICA,confianza_pnp_pct,2022,20.1,DEPARTAMENTO
19.0,PORCENTAJE DE CONFIANZA EN LA PNP,15,AÑO,2022,2,DEPARTAMENTO,ÁNCASH,ANCASH,confianza_pnp_pct,2022,19.0,DEPARTAMENTO
19.0,PORCENTAJE DE CONFIANZA EN LA PNP,16,AÑO,2022,4,DEPARTAMENTO,AREQUIPA,AREQUIPA,confianza_pnp_pct,2022,19.0,DEPARTAMENTO
18.1,PORCENTAJE DE CONFIANZA EN LA PNP,17,AÑO,2022,18,DEPARTAMENTO,MOQUEGUA,MOQUEGUA,confianza_pnp_pct,2022,18.1,DEPARTAMENTO
17.9,PORCENTAJE DE CONFIANZA EN LA PNP,18,AÑO,2022,12,DEPARTAMENTO,JUNÍN,JUNIN,confianza_pnp_pct,2022,17.9,DEPARTAMENTO
17.8,PORCENTAJE DE CONFIANZA EN LA PNP,19,AÑO,2022,10,DEPARTAMENTO,HUÁNUCO,HUANUCO,confianza_pnp_pct,2022,17.8,DEPARTAMENTO
17.5,PORCENTAJE DE CONFIANZA EN LA PNP,20,AÑO,2022,23,DEPARTAMENTO,TACNA,TACNA,confianza_pnp_pct,2022,17.5,DEPARTAMENTO
17.0,PORCENTAJE DE CONFIANZA EN LA PNP,21,AÑO,2022,25,DEPARTAMENTO,UCAYALI,UCAYALI,confianza_pnp_pct,2022,17.0,DEPARTAMENTO
16.5,PORCENTAJE DE CONFIANZA EN LA PNP,22,AÑO,2022,3,DEPARTAMENTO,APURÍMAC,APURIMAC,confianza_pnp_pct,2022,16.5,DEPARTAMENTO
13.4,PORCENTAJE DE CONFIANZA EN LA PNP,23,AÑO,2022,8,DEPARTAMENTO,CUSCO,CUSCO,confianza_pnp_pct,2022,13.4,DEPARTAMENTO
12.4,PORCENTAJE DE CONFIANZA EN LA PNP,24,AÑO,2022,5,DEPARTAMENTO,AYACUCHO,AYACUCHO,confianza_pnp_pct,2022,12.4,DEPARTAMENTO
9.7,PORCENTAJE DE CONFIANZA EN LA PNP,25,AÑO,2022,17,DEPARTAMENTO,MADRE DE DIOS,MADRE DE DIOS,confianza_pnp_pct,2022,9.7,DEPARTAMENTO
7.1,PORCENTAJE DE CONFIANZA EN LA PNP,26,AÑO,2022,21,DEPARTAMENTO,PUNO,PUNO,confianza_pnp_pct,2022,7.1,DEPARTAMENTO
20.5,PORCENTAJE DE CONFIANZA EN LA PNP,0,AÑO,2023,0,NACIONAL,NACIONAL,NACIONAL,confianza_pnp_pct,2023,20.5,NACIONAL
34.6,PORCENTAJE DE CONFIANZA EN LA PNP,1,AÑO,2023,24,DEPARTAMENTO,TUMBES,TUMBES,confianza_pnp_pct,2023,34.6,DEPARTAMENTO
28.7,PORCENTAJE DE CONFIANZA EN LA PNP,2,AÑO,2023,7,DEPARTAMENTO,PROV. CONST. DEL CALLAO,CALLAO,confianza_pnp_pct,2023,28.7,DEPARTAMENTO
27.1,PORCENTAJE DE CONFIANZA EN LA PNP,3,AÑO,2023,1,DEPARTAMENTO,AMAZONAS,AMAZONAS,confianza_pnp_pct,2023,27.1,DEPARTAMENTO
23.5,PORCENTAJE DE CONFIANZA EN LA PNP,4,AÑO,2023,1501,DEPARTAMENTO,LIMA METROPOLITANA,LIMA,confianza_pnp_pct,2023,23.5,DEPARTAMENTO
22.6,PORCENTAJE DE CONFIANZA EN LA PNP,5,AÑO,2023,14,DEPARTAMENTO,LAMBAYEQUE,LAMBAYEQUE,confianza_pnp_pct,2023,22.6,DEPARTAMENTO
22.6,PORCENTAJE DE CONFIANZA EN LA PNP,6,AÑO,2023,1599,DEPARTAMENTO,REGIÓN LIMA,LIMA,confianza_pnp_pct,2023,22.6,DEPARTAMENTO
22.4,PORCENTAJE DE CONFIANZA EN LA PNP,7,AÑO,2023,20,DEPARTAMENTO,PIURA,PIURA,confianza_pnp_pct,2023,22.4,DEPARTAMENTO
22.1,PORCENTAJE DE CONFIANZA EN LA PNP,8,AÑO,2023,22,DEPARTAMENTO,SAN MARTÍN,SAN MARTIN,confianza_pnp_pct,2023,22.1,DEPARTAMENTO
21.5,PORCENTAJE DE CONFIANZA EN LA PNP,9,AÑO,2023,6,DEPARTAMENTO,CAJAMARCA,CAJAMARCA,confianza_pnp_pct,2023,21.5,DEPARTAMENTO
21.1,PORCENTAJE DE CONFIANZA EN LA PNP,10,AÑO,2023,11,DEPARTAMENTO,ICA,ICA,confianza_pnp_pct,2023,21.1,DEPARTAMENTO
21.0,PORCENTAJE DE CONFIANZA EN LA PNP,11,AÑO,2023,25,DEPARTAMENTO,UCAYALI,UCAYALI,confianza_pnp_pct,2023,21.0,DEPARTAMENTO
20.4,PORCENTAJE DE CONFIANZA EN LA PNP,12,AÑO,2023,2,DEPARTAMENTO,ÁNCASH,ANCASH,confianza_pnp_pct,2023,20.4,DEPARTAMENTO
19.8,PORCENTAJE DE CONFIANZA EN LA PNP,13,AÑO,2023,4,DEPARTAMENTO,AREQUIPA,AREQUIPA,confianza_pnp_pct,2023,19.8,DEPARTAMENTO
19.7,PORCENTAJE DE CONFIANZA EN LA PNP,14,AÑO,2023,16,DEPARTAMENTO,LORETO,LORETO,confianza_pnp_pct,2023,19.7,DEPARTAMENTO
19.0,PORCENTAJE DE CONFIANZA EN LA PNP,15,AÑO,2023,12,DEPARTAMENTO,JUNÍN,JUNIN,confianza_pnp_pct,2023,19.0,DEPARTAMENTO
18.8,PORCENTAJE DE CONFIANZA EN LA PNP,16,AÑO,2023,13,DEPARTAMENTO,LA LIBERTAD,LA LIBERTAD,confianza_pnp_pct,2023,18.8,DEPARTAMENTO
17.9,PORCENTAJE DE CONFIANZA EN LA PNP,17,AÑO,2023,19,DEPARTAMENTO,PASCO,PASCO,confianza_pnp_pct,2023,17.9,DEPARTAMENTO
17.5,PORCENTAJE DE CONFIANZA EN LA PNP,18,AÑO,2023,18,DEPARTAMENTO,MOQUEGUA,MOQUEGUA,confianza_pnp_pct,2023,17.5,DEPARTAMENTO
16.7,PORCENTAJE DE CONFIANZA EN LA PNP,19,AÑO,2023,23,DEPARTAMENTO,TACNA,TACNA,confianza_pnp_pct,2023,16.7,DEPARTAMENTO
16.4,PORCENTAJE DE CONFIANZA EN LA PNP,20,AÑO,2023,10,DEPARTAMENTO,HUÁNUCO,HUANUCO,confianza_pnp_pct,2023,16.4,DEPARTAMENTO
14.3,PORCENTAJE DE CONFIANZA EN LA PNP,21,AÑO,2023,8,DEPARTAMENTO,CUSCO,CUSCO,confianza_pnp_pct,2023,14.3,DEPARTAMENTO
11.8,PORCENTAJE DE CONFIANZA EN LA PNP,22,AÑO,2023,9,DEPARTAMENTO,HUANCAVELICA,HUANCAVELICA,confianza_pnp_pct,2023,11.8,DEPARTAMENTO
11.7,PORCENTAJE DE CONFIANZA EN LA PNP,23,AÑO,2023,3,DEPARTAMENTO,APURÍMAC,APURIMAC,confianza_pnp_pct,2023,11.7,DEPARTAMENTO
11.1,PORCENTAJE DE CONFIANZA EN LA PNP,24,AÑO,2023,5,DEPARTAMENTO,AYACUCHO,AYACUCHO,confianza_pnp_pct,2023,11.1,DEPARTAMENTO
9.3,PORCENTAJE DE CONFIANZA EN LA PNP,25,AÑO,2023,17,DEPARTAMENTO,MADRE DE DIOS,MADRE DE DIOS,confianza_pnp_pct,2023,9.3,DEPARTAMENTO
8.0,PORCENTAJE DE CONFIANZA EN LA PNP,26,AÑO,2023,21,DEPARTAMENTO,PUNO,PUNO,confianza_pnp_pct,2023,8.0,DEPARTAMENTO
17.6,PORCENTAJE DE CONFIANZA EN LA PNP,0,AÑO,2024,0,NACIONAL,NACIONAL,NACIONAL,confianza_pnp_pct,2024,17.6,NACIONAL
37.8,PORCENTAJE DE CONFIANZA EN LA PNP,1,AÑO,2024,24,DEPARTAMENTO,TUMBES,TUMBES,confianza_pnp_pct,2024,37.8,DEPARTAMENTO
26.1,PORCENTAJE DE CONFIANZA EN LA PNP,2,AÑO,2024,1,DEPARTAMENTO,AMAZONAS,AMAZONAS,confianza_pnp_pct,2024,26.1,DEPARTAMENTO
24.8,PORCENTAJE DE CONFIANZA EN LA PNP,3,AÑO,2024,22,DEPARTAMENTO,SAN MARTÍN,SAN MARTIN,confianza_pnp_pct,2024,24.8,DEPARTAMENTO
24.7,PORCENTAJE DE CONFIANZA EN LA PNP,4,AÑO,2024,6,DEPARTAMENTO,CAJAMARCA,CAJAMARCA,confianza_pnp_pct,2024,24.7,DEPARTAMENTO
23.1,PORCENTAJE DE CONFIANZA EN LA PNP,5,AÑO,2024,20,DEPARTAMENTO,PIURA,PIURA,confianza_pnp_pct,2024,23.1,DEPARTAMENTO
21.7,PORCENTAJE DE CONFIANZA EN LA PNP,6,AÑO,2024,25,DEPARTAMENTO,UCAYALI,UCAYALI,confianza_pnp_pct,2024,21.7,DEPARTAMENTO
20.9,PORCENTAJE DE CONFIANZA EN LA PNP,7,AÑO,2024,11,DEPARTAMENTO,ICA,ICA,confianza_pnp_pct,2024,20.9,DEPARTAMENTO
20.0,PORCENTAJE DE CONFIANZA EN LA PNP,8,AÑO,2024,7,DEPARTAMENTO,PROV. CONST. DEL CALLAO,CALLAO,confianza_pnp_pct,2024,20.0,DEPARTAMENTO
18.4,PORCENTAJE DE CONFIANZA EN LA PNP,9,AÑO,2024,4,DEPARTAMENTO,AREQUIPA,AREQUIPA,confianza_pnp_pct,2024,18.4,DEPARTAMENTO
17.9,PORCENTAJE DE CONFIANZA EN LA PNP,10,AÑO,2024,2,DEPARTAMENTO,ÁNCASH,ANCASH,confianza_pnp_pct,2024,17.9,DEPARTAMENTO
17.7,PORCENTAJE DE CONFIANZA EN LA PNP,11,AÑO,2024,1501,DEPARTAMENTO,LIMA METROPOLITANA,LIMA,confianza_pnp_pct,2024,17.7,DEPARTAMENTO
17.7,PORCENTAJE DE CONFIANZA EN LA PNP,12,AÑO,2024,19,DEPARTAMENTO,PASCO,PASCO,confianza_pnp_pct,2024,17.7,DEPARTAMENTO
17.7,PORCENTAJE DE CONFIANZA EN LA PNP,13,AÑO,2024,16,DEPARTAMENTO,LORETO,LORETO,confianza_pnp_pct,2024,17.7,DEPARTAMENTO
17.5,PORCENTAJE DE CONFIANZA EN LA PNP,14,AÑO,2024,13,DEPARTAMENTO,LA LIBERTAD,LA LIBERTAD,confianza_pnp_pct,2024,17.5,DEPARTAMENTO
17.2,PORCENTAJE DE CONFIANZA EN LA PNP,15,AÑO,2024,14,DEPARTAMENTO,LAMBAYEQUE,LAMBAYEQUE,confianza_pnp_pct,2024,17.2,DEPARTAMENTO
17.1,PORCENTAJE DE CONFIANZA EN LA PNP,16,AÑO,2024,18,DEPARTAMENTO,MOQUEGUA,MOQUEGUA,confianza_pnp_pct,2024,17.1,DEPARTAMENTO
16.3,PORCENTAJE DE CONFIANZA EN LA PNP,17,AÑO,2024,12,DEPARTAMENTO,JUNÍN,JUNIN,confianza_pnp_pct,2024,16.3,DEPARTAMENTO
16.2,PORCENTAJE DE CONFIANZA EN LA PNP,18,AÑO,2024,23,DEPARTAMENTO,TACNA,TACNA,confianza_pnp_pct,2024,16.2,DEPARTAMENTO
15.7,PORCENTAJE DE CONFIANZA EN LA PNP,19,AÑO,2024,1599,DEPARTAMENTO,REGIÓN LIMA,LIMA,confianza_pnp_pct,2024,15.7,DEPARTAMENTO
13.9,PORCENTAJE DE CONFIANZA EN LA PNP,20,AÑO,2024,8,DEPARTAMENTO,CUSCO,CUSCO,confianza_pnp_pct,2024,13.9,DEPARTAMENTO
13.8,PORCENTAJE DE CONFIANZA EN LA PNP,21,AÑO,2024,10,DEPARTAMENTO,HUÁNUCO,HUANUCO,confianza_pnp_pct,2024,13.8,DEPARTAMENTO
11.7,PORCENTAJE DE CONFIANZA EN LA PNP,22,AÑO,2024,3,DEPARTAMENTO,APURÍMAC,APURIMAC,confianza_pnp_pct,2024,11.7,DEPARTAMENTO
9.4,PORCENTAJE DE CONFIANZA EN LA PNP,23,AÑO,2024,9,DEPARTAMENTO,HUANCAVELICA,HUANCAVELICA,confianza_pnp_pct,2024,9.4,DEPARTAMENTO
8.9,PORCENTAJE DE CONFIANZA EN LA PNP,24,AÑO,2024,5,DEPARTAMENTO,AYACUCHO,AYACUCHO,confianza_pnp_pct,2024,8.9,DEPARTAMENTO
7.6,PORCENTAJE DE CONFIANZA EN LA PNP,25,AÑO,2024,21,DEPARTAMENTO,PUNO,PUNO,confianza_pnp_pct,2024,7.6,DEPARTAMENTO
7.2,PORCENTAJE DE CONFIANZA EN LA PNP,26,AÑO,2024,17,DEPARTAMENTO,MADRE DE DIOS,MADRE DE DIOS,confianza_pnp_pct,2024,7.2,DEPARTAMENTO
58.1,PORCENTAJE DE PERCEPCIÓN DE INSEGURIDAD AL CAMINAR SOLO(A) DE NOCHE EN SU ZONA O BARRIO,0,AÑO,2013,0,NACIONAL,NACIONAL,NACIONAL,percepcion_inseguridad_pct,2013,58.1,NACIONAL
68.0,PORCENTAJE DE PERCEPCIÓN DE INSEGURIDAD AL CAMINAR SOLO(A) DE NOCHE EN SU ZONA O BARRIO,1,AÑO,2013,3,DEPARTAMENTO,APURÍMAC,APURIMAC,percepcion_inseguridad_pct,2013,68.0,DEPARTAMENTO
65.2,PORCENTAJE DE PERCEPCIÓN DE INSEGURIDAD AL CAMINAR SOLO(A) DE NOCHE EN SU ZONA O BARRIO,2,AÑO,2013,21,DEPARTAMENTO,PUNO,PUNO,percepcion_inseguridad_pct,2013,65.2,DEPARTAMENTO
64.4,PORCENTAJE DE PERCEPCIÓN DE INSEGURIDAD AL CAMINAR SOLO(A) DE NOCHE EN SU ZONA O BARRIO,3,AÑO,2013,8,DEPARTAMENTO,CUSCO,CUSCO,percepcion_inseguridad_pct,2013,64.4,DEPARTAMENTO
63.4,PORCENTAJE DE PERCEPCIÓN DE INSEGURIDAD AL CAMINAR SOLO(A) DE NOCHE EN SU ZONA O BARRIO,4,AÑO,2013,20,DEPARTAMENTO,PIURA,PIURA,percepcion_inseguridad_pct,2013,63.4,DEPARTAMENTO
62.4,PORCENTAJE DE PERCEPCIÓN DE INSEGURIDAD AL CAMINAR SOLO(A) DE NOCHE EN SU ZONA O BARRIO,5,AÑO,2013,23,DEPARTAMENTO,TACNA,TACNA,percepcion_inseguridad_pct,2013,62.4,DEPARTAMENTO
61.7,PORCENTAJE DE PERCEPCIÓN DE INSEGURIDAD AL CAMINAR SOLO(A) DE NOCHE EN SU ZONA O BARRIO,6,AÑO,2013,17,DEPARTAMENTO,MADRE DE DIOS,MADRE DE DIOS,percepcion_inseguridad_pct,2013,61.7,DEPARTAMENTO
61.3,PORCENTAJE DE PERCEPCIÓN DE INSEGURIDAD AL CAMINAR SOLO(A) DE NOCHE EN SU ZONA O BARRIO,7,AÑO,2013,11,DEPARTAMENTO,ICA,ICA,percepcion_inseguridad_pct,2013,61.3,DEPARTAMENTO
59.8,PORCENTAJE DE PERCEPCIÓN DE INSEGURIDAD AL CAMINAR SOLO(A) DE NOCHE EN SU ZONA O BARRIO,8,AÑO,2013,7,DEPARTAMENTO,PROV. CONST. DEL CALLAO,CALLAO,percepcion_inseguridad_pct,2013,59.8,DEPARTAMENTO
59.6,PORCENTAJE DE PERCEPCIÓN DE INSEGURIDAD AL CAMINAR SOLO(A) DE NOCHE EN SU ZONA O BARRIO,9,AÑO,2013,12,DEPARTAMENTO,JUNÍN,JUNIN,percepcion_inseguridad_pct,2013,59.6,DEPARTAMENTO
59.4,PORCENTAJE DE PERCEPCIÓN DE INSEGURIDAD AL CAMINAR SOLO(A) DE NOCHE EN SU ZONA O BARRIO,10,AÑO,2013,6,DEPARTAMENTO,CAJAMARCA,CAJAMARCA,percepcion_inseguridad_pct,2013,59.4,DEPARTAMENTO
59.4,PORCENTAJE DE PERCEPCIÓN DE INSEGURIDAD AL CAMINAR SOLO(A) DE NOCHE EN SU ZONA O BARRIO,11,AÑO,2013,10,DEPARTAMENTO,HUÁNUCO,HUANUCO,percepcion_inseguridad_pct,2013,59.4,DEPARTAMENTO
59.2,PORCENTAJE DE PERCEPCIÓN DE INSEGURIDAD AL CAMINAR SOLO(A) DE NOCHE EN SU ZONA O BARRIO,12,AÑO,2013,1501,DEPARTAMENTO,LIMA METROPOLITANA,LIMA,percepcion_inseguridad_pct,2013,59.2,DEPARTAMENTO
58.9,PORCENTAJE DE PERCEPCIÓN DE INSEGURIDAD AL CAMINAR SOLO(A) DE NOCHE EN SU ZONA O BARRIO,13,AÑO,2013,14,DEPARTAMENTO,LAMBAYEQUE,LAMBAYEQUE,percepcion_inseguridad_pct,2013,58.9,DEPARTAMENTO
58.5,PORCENTAJE DE PERCEPCIÓN DE INSEGURIDAD AL CAMINAR SOLO(A) DE NOCHE EN SU ZONA O BARRIO,14,AÑO,2013,24,DEPARTAMENTO,TUMBES,TUMBES,percepcion_inseguridad_pct,2013,58.5,DEPARTAMENTO
58.0,PORCENTAJE DE PERCEPCIÓN DE INSEGURIDAD AL CAMINAR SOLO(A) DE NOCHE EN SU ZONA O BARRIO,15,AÑO,2013,4,DEPARTAMENTO,AREQUIPA,AREQUIPA,percepcion_inseguridad_pct,2013,58.0,DEPARTAMENTO
57.4,PORCENTAJE DE PERCEPCIÓN DE INSEGURIDAD AL CAMINAR SOLO(A) DE NOCHE EN SU ZONA O BARRIO,16,AÑO,2013,5,DEPARTAMENTO,AYACUCHO,AYACUCHO,percepcion_inseguridad_pct,2013,57.4,DEPARTAMENTO
56.0,PORCENTAJE DE PERCEPCIÓN DE INSEGURIDAD AL CAMINAR SOLO(A) DE NOCHE EN SU ZONA O BARRIO,17,AÑO,2013,25,DEPARTAMENTO,UCAYALI,UCAYALI,percepcion_inseguridad_pct,2013,56.0,DEPARTAMENTO
55.9,PORCENTAJE DE PERCEPCIÓN DE INSEGURIDAD AL CAMINAR SOLO(A) DE NOCHE EN SU ZONA O BARRIO,18,AÑO,2013,13,DEPARTAMENTO,LA LIBERTAD,LA LIBERTAD,percepcion_inseguridad_pct,2013,55.9,DEPARTAMENTO
54.3,PORCENTAJE DE PERCEPCIÓN DE INSEGURIDAD AL CAMINAR SOLO(A) DE NOCHE EN SU ZONA O BARRIO,19,AÑO,2013,18,DEPARTAMENTO,MOQUEGUA,MOQUEGUA,percepcion_inseguridad_pct,2013,54.3,DEPARTAMENTO
52.8,PORCENTAJE DE PERCEPCIÓN DE INSEGURIDAD AL CAMINAR SOLO(A) DE NOCHE EN SU ZONA O BARRIO,20,AÑO,2013,1599,DEPARTAMENTO,REGIÓN LIMA,LIMA,percepcion_inseguridad_pct,2013,52.8,DEPARTAMENTO
51.9,PORCENTAJE DE PERCEPCIÓN DE INSEGURIDAD AL CAMINAR SOLO(A) DE NOCHE EN SU ZONA O BARRIO,21,AÑO,2013,9,DEPARTAMENTO,HUANCAVELICA,HUANCAVELICA,percepcion_inseguridad_pct,2013,51.9,DEPARTAMENTO
51.2,PORCENTAJE DE PERCEPCIÓN DE INSEGURIDAD AL CAMINAR SOLO(A) DE NOCHE EN SU ZONA O BARRIO,22,AÑO,2013,19,DEPARTAMENTO,PASCO,PASCO,percepcion_inseguridad_pct,2013,51.2,DEPARTAMENTO
48.2,PORCENTAJE DE PERCEPCIÓN DE INSEGURIDAD AL CAMINAR SOLO(A) DE NOCHE EN SU ZONA O BARRIO,23,AÑO,2013,16,DEPARTAMENTO,LORETO,LORETO,percepcion_inseguridad_pct,2013,48.2,DEPARTAMENTO
48.2,PORCENTAJE DE PERCEPCIÓN DE INSEGURIDAD AL CAMINAR SOLO(A) DE NOCHE EN SU ZONA O BARRIO,24,AÑO,2013,2,DEPARTAMENTO,ÁNCASH,ANCASH,percepcion_inseguridad_pct,2013,48.2,DEPARTAMENTO
46.3,PORCENTAJE DE PERCEPCIÓN DE INSEGURIDAD AL CAMINAR SOLO(A) DE NOCHE EN SU ZONA O BARRIO,25,AÑO,2013,1,DEPARTAMENTO,AMAZONAS,AMAZONAS,percepcion_inseguridad_pct,2013,46.3,DEPARTAMENTO
34.9,PORCENTAJE DE PERCEPCIÓN DE INSEGURIDAD AL CAMINAR SOLO(A) DE NOCHE EN SU ZONA O BARRIO,26,AÑO,2013,22,DEPARTAMENTO,SAN MARTÍN,SAN MARTIN,percepcion_inseguridad_pct,2013,34.9,DEPARTAMENTO
58.4,PORCENTAJE DE PERCEPCIÓN DE INSEGURIDAD AL CAMINAR SOLO(A) DE NOCHE EN SU ZONA O BARRIO,0,AÑO,2014,0,NACIONAL,NACIONAL,NACIONAL,percepcion_inseguridad_pct,2014,58.4,NACIONAL
70.1,PORCENTAJE DE PERCEPCIÓN DE INSEGURIDAD AL CAMINAR SOLO(A) DE NOCHE EN SU ZONA O BARRIO,1,AÑO,2014,21,DEPARTAMENTO,PUNO,PUNO,percepcion_inseguridad_pct,2014,70.1,DEPARTAMENTO
67.6,PORCENTAJE DE PERCEPCIÓN DE INSEGURIDAD AL CAMINAR SOLO(A) DE NOCHE EN SU ZONA O BARRIO,2,AÑO,2014,23,DEPARTAMENTO,TACNA,TACNA,percepcion_inseguridad_pct,2014,67.6,DEPARTAMENTO
66.6,PORCENTAJE DE PERCEPCIÓN DE INSEGURIDAD AL CAMINAR SOLO(A) DE NOCHE EN SU ZONA O BARRIO,3,AÑO,2014,3,DEPARTAMENTO,APURÍMAC,APURIMAC,percepcion_inseguridad_pct,2014,66.6,DEPARTAMENTO
63.5,PORCENTAJE DE PERCEPCIÓN DE INSEGURIDAD AL CAMINAR SOLO(A) DE NOCHE EN SU ZONA O BARRIO,4,AÑO,2014,14,DEPARTAMENTO,LAMBAYEQUE,LAMBAYEQUE,percepcion_inseguridad_pct,2014,63.5,DEPARTAMENTO
63.1,PORCENTAJE DE PERCEPCIÓN DE INSEGURIDAD AL CAMINAR SOLO(A) DE NOCHE EN SU ZONA O BARRIO,5,AÑO,2014,11,DEPARTAMENTO,ICA,ICA,percepcion_inseguridad_pct,2014,63.1,DEPARTAMENTO
62.9,PORCENTAJE DE PERCEPCIÓN DE INSEGURIDAD AL CAMINAR SOLO(A) DE NOCHE EN SU ZONA O BARRIO,6,AÑO,2014,7,DEPARTAMENTO,PROV. CONST. DEL CALLAO,CALLAO,percepcion_inseguridad_pct,2014,62.9,DEPARTAMENTO
62.0,PORCENTAJE DE PERCEPCIÓN DE INSEGURIDAD AL CAMINAR SOLO(A) DE NOCHE EN SU ZONA O BARRIO,7,AÑO,2014,17,DEPARTAMENTO,MADRE DE DIOS,MADRE DE DIOS,percepcion_inseguridad_pct,2014,62.0,DEPARTAMENTO
61.6,PORCENTAJE DE PERCEPCIÓN DE INSEGURIDAD AL CAMINAR SOLO(A) DE NOCHE EN SU ZONA O BARRIO,8,AÑO,2014,8,DEPARTAMENTO,CUSCO,CUSCO,percepcion_inseguridad_pct,2014,61.6,DEPARTAMENTO
60.2,PORCENTAJE DE PERCEPCIÓN DE INSEGURIDAD AL CAMINAR SOLO(A) DE NOCHE EN SU ZONA O BARRIO,9,AÑO,2014,1501,DEPARTAMENTO,LIMA METROPOLITANA,LIMA,percepcion_inseguridad_pct,2014,60.2,DEPARTAMENTO
59.8,PORCENTAJE DE PERCEPCIÓN DE INSEGURIDAD AL CAMINAR SOLO(A) DE NOCHE EN SU ZONA O BARRIO,10,AÑO,2014,20,DEPARTAMENTO,PIURA,PIURA,percepcion_inseguridad_pct,2014,59.8,DEPARTAMENTO
59.1,PORCENTAJE DE PERCEPCIÓN DE INSEGURIDAD AL CAMINAR SOLO(A) DE NOCHE EN SU ZONA O BARRIO,11,AÑO,2014,5,DEPARTAMENTO,AYACUCHO,AYACUCHO,percepcion_inseguridad_pct,2014,59.1,DEPARTAMENTO
58.6,PORCENTAJE DE PERCEPCIÓN DE INSEGURIDAD AL CAMINAR SOLO(A) DE NOCHE EN SU ZONA O BARRIO,12,AÑO,2014,25,DEPARTAMENTO,UCAYALI,UCAYALI,percepcion_inseguridad_pct,2014,58.6,DEPARTAMENTO
58.3,PORCENTAJE DE PERCEPCIÓN DE INSEGURIDAD AL CAMINAR SOLO(A) DE NOCHE EN SU ZONA O BARRIO,13,AÑO,2014,24,DEPARTAMENTO,TUMBES,TUMBES,percepcion_inseguridad_pct,2014,58.3,DEPARTAMENTO
57.8,PORCENTAJE DE PERCEPCIÓN DE INSEGURIDAD AL CAMINAR SOLO(A) DE NOCHE EN SU ZONA O BARRIO,14,AÑO,2014,1599,DEPARTAMENTO,REGIÓN LIMA,LIMA,percepcion_inseguridad_pct,2014,57.8,DEPARTAMENTO
57.8,PORCENTAJE DE PERCEPCIÓN DE INSEGURIDAD AL CAMINAR SOLO(A) DE NOCHE EN SU ZONA O BARRIO,15,AÑO,2014,4,DEPARTAMENTO,AREQUIPA,AREQUIPA,percepcion_inseguridad_pct,2014,57.8,DEPARTAMENTO
57.1,PORCENTAJE DE PERCEPCIÓN DE INSEGURIDAD AL CAMINAR SOLO(A) DE NOCHE EN SU ZONA O BARRIO,16,AÑO,2014,12,DEPARTAMENTO,JUNÍN,JUNIN,percepcion_inseguridad_pct,2014,57.1,DEPARTAMENTO
57.0,PORCENTAJE DE PERCEPCIÓN DE INSEGURIDAD AL CAMINAR SOLO(A) DE NOCHE EN SU ZONA O BARRIO,17,AÑO,2014,6,DEPARTAMENTO,CAJAMARCA,CAJAMARCA,percepcion_inseguridad_pct,2014,57.0,DEPARTAMENTO
56.2,PORCENTAJE DE PERCEPCIÓN DE INSEGURIDAD AL CAMINAR SOLO(A) DE NOCHE EN SU ZONA O BARRIO,18,AÑO,2014,10,DEPARTAMENTO,HUÁNUCO,HUANUCO,percepcion_inseguridad_pct,2014,56.2,DEPARTAMENTO
52.5,PORCENTAJE DE PERCEPCIÓN DE INSEGURIDAD AL CAMINAR SOLO(A) DE NOCHE EN SU ZONA O BARRIO,19,AÑO,2014,13,DEPARTAMENTO,LA LIBERTAD,LA LIBERTAD,percepcion_inseguridad_pct,2014,52.5,DEPARTAMENTO
50.1,PORCENTAJE DE PERCEPCIÓN DE INSEGURIDAD AL CAMINAR SOLO(A) DE NOCHE EN SU ZONA O BARRIO,20,AÑO,2014,18,DEPARTAMENTO,MOQUEGUA,MOQUEGUA,percepcion_inseguridad_pct,2014,50.1,DEPARTAMENTO
49.3,PORCENTAJE DE PERCEPCIÓN DE INSEGURIDAD AL CAMINAR SOLO(A) DE NOCHE EN SU ZONA O BARRIO,21,AÑO,2014,19,DEPARTAMENTO,PASCO,PASCO,percepcion_inseguridad_pct,2014,49.3,DEPARTAMENTO
48.8,PORCENTAJE DE PERCEPCIÓN DE INSEGURIDAD AL CAMINAR SOLO(A) DE NOCHE EN SU ZONA O BARRIO,22,AÑO,2014,2,DEPARTAMENTO,ÁNCASH,ANCASH,percepcion_inseguridad_pct,2014,48.8,DEPARTAMENTO
45.8,PORCENTAJE DE PERCEPCIÓN DE INSEGURIDAD AL CAMINAR SOLO(A) DE NOCHE EN SU ZONA O BARRIO,23,AÑO,2014,9,DEPARTAMENTO,HUANCAVELICA,HUANCAVELICA,percepcion_inseguridad_pct,2014,45.8,DEPARTAMENTO
45.8,PORCENTAJE DE PERCEPCIÓN DE INSEGURIDAD AL CAMINAR SOLO(A) DE NOCHE EN SU ZONA O BARRIO,24,AÑO,2014,16,DEPARTAMENTO,LORETO,LORETO,percepcion_inseguridad_pct,2014,45.8,DEPARTAMENTO
38.6,PORCENTAJE DE PERCEPCIÓN DE INSEGURIDAD AL CAMINAR SOLO(A) DE NOCHE EN SU ZONA O BARRIO,25,AÑO,2014,1,DEPARTAMENTO,AMAZONAS,AMAZONAS,percepcion_inseguridad_pct,2014,38.6,DEPARTAMENTO
34.7,PORCENTAJE DE PERCEPCIÓN DE INSEGURIDAD AL CAMINAR SOLO(A) DE NOCHE EN SU ZONA O BARRIO,26,AÑO,2014,22,DEPARTAMENTO,SAN MARTÍN,SAN MARTIN,percepcion_inseguridad_pct,2014,34.7,DEPARTAMENTO
58.3,PORCENTAJE DE PERCEPCIÓN DE INSEGURIDAD AL CAMINAR SOLO(A) DE NOCHE EN SU ZONA O BARRIO,0,AÑO,2015,0,NACIONAL,NACIONAL,NACIONAL,percepcion_inseguridad_pct,2015,58.3,NACIONAL
69.4,PORCENTAJE DE PERCEPCIÓN DE INSEGURIDAD AL CAMINAR SOLO(A) DE NOCHE EN SU ZONA O BARRIO,1,AÑO,2015,17,DEPARTAMENTO,MADRE DE DIOS,MADRE DE DIOS,percepcion_inseguridad_pct,2015,69.4,DEPARTAMENTO
68.0,PORCENTAJE DE PERCEPCIÓN DE INSEGURIDAD AL CAMINAR SOLO(A) DE NOCHE EN SU ZONA O BARRIO,2,AÑO,2015,21,DEPARTAMENTO,PUNO,PUNO,percepcion_inseguridad_pct,2015,68.0,DEPARTAMENTO
67.3,PORCENTAJE DE PERCEPCIÓN DE INSEGURIDAD AL CAMINAR SOLO(A) DE NOCHE EN SU ZONA O BARRIO,3,AÑO,2015,7,DEPARTAMENTO,PROV. CONST. DEL CALLAO,CALLAO,percepcion_inseguridad_pct,2015,67.3,DEPARTAMENTO
64.3,PORCENTAJE DE PERCEPCIÓN DE INSEGURIDAD AL CAMINAR SOLO(A) DE NOCHE EN SU ZONA O BARRIO,4,AÑO,2015,14,DEPARTAMENTO,LAMBAYEQUE,LAMBAYEQUE,percepcion_inseguridad_pct,2015,64.3,DEPARTAMENTO
64.2,PORCENTAJE DE PERCEPCIÓN DE INSEGURIDAD AL CAMINAR SOLO(A) DE NOCHE EN SU ZONA O BARRIO,5,AÑO,2015,3,DEPARTAMENTO,APURÍMAC,APURIMAC,percepcion_inseguridad_pct,2015,64.2,DEPARTAMENTO
63.9,PORCENTAJE DE PERCEPCIÓN DE INSEGURIDAD AL CAMINAR SOLO(A) DE NOCHE EN SU ZONA O BARRIO,6,AÑO,2015,23,DEPARTAMENTO,TACNA,TACNA,percepcion_inseguridad_pct,2015,63.9,DEPARTAMENTO
63.8,PORCENTAJE DE PERCEPCIÓN DE INSEGURIDAD AL CAMINAR SOLO(A) DE NOCHE EN SU ZONA O BARRIO,7,AÑO,2015,11,DEPARTAMENTO,ICA,ICA,percepcion_inseguridad_pct,2015,63.8,DEPARTAMENTO
61.9,PORCENTAJE DE PERCEPCIÓN DE INSEGURIDAD AL CAMINAR SOLO(A) DE NOCHE EN SU ZONA O BARRIO,8,AÑO,2015,8,DEPARTAMENTO,CUSCO,CUSCO,percepcion_inseguridad_pct,2015,61.9,DEPARTAMENTO
61.8,PORCENTAJE DE PERCEPCIÓN DE INSEGURIDAD AL CAMINAR SOLO(A) DE NOCHE EN SU ZONA O BARRIO,9,AÑO,2015,1501,DEPARTAMENTO,LIMA METROPOLITANA,LIMA,percepcion_inseguridad_pct,2015,61.8,DEPARTAMENTO
59.1,PORCENTAJE DE PERCEPCIÓN DE INSEGURIDAD AL CAMINAR SOLO(A) DE NOCHE EN SU ZONA O BARRIO,10,AÑO,2015,20,DEPARTAMENTO,PIURA,PIURA,percepcion_inseguridad_pct,2015,59.1,DEPARTAMENTO
59.0,PORCENTAJE DE PERCEPCIÓN DE INSEGURIDAD AL CAMINAR SOLO(A) DE NOCHE EN SU ZONA O BARRIO,11,AÑO,2015,25,DEPARTAMENTO,UCAYALI,UCAYALI,percepcion_inseguridad_pct,2015,59.0,DEPARTAMENTO
57.9,PORCENTAJE DE PERCEPCIÓN DE INSEGURIDAD AL CAMINAR SOLO(A) DE NOCHE EN SU ZONA O BARRIO,12,AÑO,2015,4,DEPARTAMENTO,AREQUIPA,AREQUIPA,percepcion_inseguridad_pct,2015,57.9,DEPARTAMENTO
57.1,PORCENTAJE DE PERCEPCIÓN DE INSEGURIDAD AL CAMINAR SOLO(A) DE NOCHE EN SU ZONA O BARRIO,13,AÑO,2015,5,DEPARTAMENTO,AYACUCHO,AYACUCHO,percepcion_inseguridad_pct,2015,57.1,DEPARTAMENTO
55.8,PORCENTAJE DE PERCEPCIÓN DE INSEGURIDAD AL CAMINAR SOLO(A) DE NOCHE EN SU ZONA O BARRIO,14,AÑO,2015,10,DEPARTAMENTO,HUÁNUCO,HUANUCO,percepcion_inseguridad_pct,2015,55.8,DEPARTAMENTO
55.7,PORCENTAJE DE PERCEPCIÓN DE INSEGURIDAD AL CAMINAR SOLO(A) DE NOCHE EN SU ZONA O BARRIO,15,AÑO,2015,12,DEPARTAMENTO,JUNÍN,JUNIN,percepcion_inseguridad_pct,2015,55.7,DEPARTAMENTO
54.6,PORCENTAJE DE PERCEPCIÓN DE INSEGURIDAD AL CAMINAR SOLO(A) DE NOCHE EN SU ZONA O BARRIO,16,AÑO,2015,24,DEPARTAMENTO,TUMBES,TUMBES,percepcion_inseguridad_pct,2015,54.6,DEPARTAMENTO
54.5,PORCENTAJE DE PERCEPCIÓN DE INSEGURIDAD AL CAMINAR SOLO(A) DE NOCHE EN SU ZONA O BARRIO,17,AÑO,2015,1599,DEPARTAMENTO,REGIÓN LIMA,LIMA,percepcion_inseguridad_pct,2015,54.5,DEPARTAMENTO
50.4,PORCENTAJE DE PERCEPCIÓN DE INSEGURIDAD AL CAMINAR SOLO(A) DE NOCHE EN SU ZONA O BARRIO,18,AÑO,2015,6,DEPARTAMENTO,CAJAMARCA,CAJAMARCA,percepcion_inseguridad_pct,2015,50.4,DEPARTAMENTO
49.6,PORCENTAJE DE PERCEPCIÓN DE INSEGURIDAD AL CAMINAR SOLO(A) DE NOCHE EN SU ZONA O BARRIO,19,AÑO,2015,13,DEPARTAMENTO,LA LIBERTAD,LA LIBERTAD,percepcion_inseguridad_pct,2015,49.6,DEPARTAMENTO
48.9,PORCENTAJE DE PERCEPCIÓN DE INSEGURIDAD AL CAMINAR SOLO(A) DE NOCHE EN SU ZONA O BARRIO,20,AÑO,2015,18,DEPARTAMENTO,MOQUEGUA,MOQUEGUA,percepcion_inseguridad_pct,2015,48.9,DEPARTAMENTO
48.7,PORCENTAJE DE PERCEPCIÓN DE INSEGURIDAD AL CAMINAR SOLO(A) DE NOCHE EN SU ZONA O BARRIO,21,AÑO,2015,16,DEPARTAMENTO,LORETO,LORETO,percepcion_inseguridad_pct,2015,48.7,DEPARTAMENTO
48.5,PORCENTAJE DE PERCEPCIÓN DE INSEGURIDAD AL CAMINAR SOLO(A) DE NOCHE EN SU ZONA O BARRIO,22,AÑO,2015,19,DEPARTAMENTO,PASCO,PASCO,percepcion_inseguridad_pct,2015,48.5,DEPARTAMENTO
47.6,PORCENTAJE DE PERCEPCIÓN DE INSEGURIDAD AL CAMINAR SOLO(A) DE NOCHE EN SU ZONA O BARRIO,23,AÑO,2015,9,DEPARTAMENTO,HUANCAVELICA,HUANCAVELICA,percepcion_inseguridad_pct,2015,47.6,DEPARTAMENTO
41.3,PORCENTAJE DE PERCEPCIÓN DE INSEGURIDAD AL CAMINAR SOLO(A) DE NOCHE EN SU ZONA O BARRIO,24,AÑO,2015,2,DEPARTAMENTO,ÁNCASH,ANCASH,percepcion_inseguridad_pct,2015,41.3,DEPARTAMENTO
35.8,PORCENTAJE DE PERCEPCIÓN DE INSEGURIDAD AL CAMINAR SOLO(A) DE NOCHE EN SU ZONA O BARRIO,25,AÑO,2015,1,DEPARTAMENTO,AMAZONAS,AMAZONAS,percepcion_inseguridad_pct,2015,35.8,DEPARTAMENTO
30.9,PORCENTAJE DE PERCEPCIÓN DE INSEGURIDAD AL CAMINAR SOLO(A) DE NOCHE EN SU ZONA O BARRIO,26,AÑO,2015,22,DEPARTAMENTO,SAN MARTÍN,SAN MARTIN,percepcion_inseguridad_pct,2015,30.9,DEPARTAMENTO
58.0,PORCENTAJE DE PERCEPCIÓN DE INSEGURIDAD AL CAMINAR SOLO(A) DE NOCHE EN SU ZONA O BARRIO,0,AÑO,2016,0,NACIONAL,NACIONAL,NACIONAL,percepcion_inseguridad_pct,2016,58.0,NACIONAL
68.5,PORCENTAJE DE PERCEPCIÓN DE INSEGURIDAD AL CAMINAR SOLO(A) DE NOCHE EN SU ZONA O BARRIO,1,AÑO,2016,21,DEPARTAMENTO,PUNO,PUNO,percepcion_inseguridad_pct,2016,68.5,DEPARTAMENTO
64.6,PORCENTAJE DE PERCEPCIÓN DE INSEGURIDAD AL CAMINAR SOLO(A) DE NOCHE EN SU ZONA O BARRIO,2,AÑO,2016,17,DEPARTAMENTO,MADRE DE DIOS,MADRE DE DIOS,percepcion_inseguridad_pct,2016,64.6,DEPARTAMENTO
64.0,PORCENTAJE DE PERCEPCIÓN DE INSEGURIDAD AL CAMINAR SOLO(A) DE NOCHE EN SU ZONA O BARRIO,3,AÑO,2016,7,DEPARTAMENTO,PROV. CONST. DEL CALLAO,CALLAO,percepcion_inseguridad_pct,2016,64.0,DEPARTAMENTO
63.9,PORCENTAJE DE PERCEPCIÓN DE INSEGURIDAD AL CAMINAR SOLO(A) DE NOCHE EN SU ZONA O BARRIO,4,AÑO,2016,23,DEPARTAMENTO,TACNA,TACNA,percepcion_inseguridad_pct,2016,63.9,DEPARTAMENTO
63.8,PORCENTAJE DE PERCEPCIÓN DE INSEGURIDAD AL CAMINAR SOLO(A) DE NOCHE EN SU ZONA O BARRIO,5,AÑO,2016,11,DEPARTAMENTO,ICA,ICA,percepcion_inseguridad_pct,2016,63.8,DEPARTAMENTO
63.3,PORCENTAJE DE PERCEPCIÓN DE INSEGURIDAD AL CAMINAR SOLO(A) DE NOCHE EN SU ZONA O BARRIO,6,AÑO,2016,1501,DEPARTAMENTO,LIMA METROPOLITANA,LIMA,percepcion_inseguridad_pct,2016,63.3,DEPARTAMENTO
62.6,PORCENTAJE DE PERCEPCIÓN DE INSEGURIDAD AL CAMINAR SOLO(A) DE NOCHE EN SU ZONA O BARRIO,7,AÑO,2016,20,DEPARTAMENTO,PIURA,PIURA,percepcion_inseguridad_pct,2016,62.6,DEPARTAMENTO
61.6,PORCENTAJE DE PERCEPCIÓN DE INSEGURIDAD AL CAMINAR SOLO(A) DE NOCHE EN SU ZONA O BARRIO,8,AÑO,2016,3,DEPARTAMENTO,APURÍMAC,APURIMAC,percepcion_inseguridad_pct,2016,61.6,DEPARTAMENTO
61.0,PORCENTAJE DE PERCEPCIÓN DE INSEGURIDAD AL CAMINAR SOLO(A) DE NOCHE EN SU ZONA O BARRIO,9,AÑO,2016,14,DEPARTAMENTO,LAMBAYEQUE,LAMBAYEQUE,percepcion_inseguridad_pct,2016,61.0,DEPARTAMENTO
60.5,PORCENTAJE DE PERCEPCIÓN DE INSEGURIDAD AL CAMINAR SOLO(A) DE NOCHE EN SU ZONA O BARRIO,10,AÑO,2016,4,DEPARTAMENTO,AREQUIPA,AREQUIPA,percepcion_inseguridad_pct,2016,60.5,DEPARTAMENTO
58.8,PORCENTAJE DE PERCEPCIÓN DE INSEGURIDAD AL CAMINAR SOLO(A) DE NOCHE EN SU ZONA O BARRIO,11,AÑO,2016,8,DEPARTAMENTO,CUSCO,CUSCO,percepcion_inseguridad_pct,2016,58.8,DEPARTAMENTO
56.6,PORCENTAJE DE PERCEPCIÓN DE INSEGURIDAD AL CAMINAR SOLO(A) DE NOCHE EN SU ZONA O BARRIO,12,AÑO,2016,1599,DEPARTAMENTO,REGIÓN LIMA,LIMA,percepcion_inseguridad_pct,2016,56.6,DEPARTAMENTO
56.3,PORCENTAJE DE PERCEPCIÓN DE INSEGURIDAD AL CAMINAR SOLO(A) DE NOCHE EN SU ZONA O BARRIO,13,AÑO,2016,25,DEPARTAMENTO,UCAYALI,UCAYALI,percepcion_inseguridad_pct,2016,56.3,DEPARTAMENTO
55.6,PORCENTAJE DE PERCEPCIÓN DE INSEGURIDAD AL CAMINAR SOLO(A) DE NOCHE EN SU ZONA O BARRIO,14,AÑO,2016,5,DEPARTAMENTO,AYACUCHO,AYACUCHO,percepcion_inseguridad_pct,2016,55.6,DEPARTAMENTO
55.3,PORCENTAJE DE PERCEPCIÓN DE INSEGURIDAD AL CAMINAR SOLO(A) DE NOCHE EN SU ZONA O BARRIO,15,AÑO,2016,24,DEPARTAMENTO,TUMBES,TUMBES,percepcion_inseguridad_pct,2016,55.3,DEPARTAMENTO
53.2,PORCENTAJE DE PERCEPCIÓN DE INSEGURIDAD AL CAMINAR SOLO(A) DE NOCHE EN SU ZONA O BARRIO,16,AÑO,2016,12,DEPARTAMENTO,JUNÍN,JUNIN,percepcion_inseguridad_pct,2016,53.2,DEPARTAMENTO
49.1,PORCENTAJE DE PERCEPCIÓN DE INSEGURIDAD AL CAMINAR SOLO(A) DE NOCHE EN SU ZONA O BARRIO,17,AÑO,2016,18,DEPARTAMENTO,MOQUEGUA,MOQUEGUA,percepcion_inseguridad_pct,2016,49.1,DEPARTAMENTO
47.4,PORCENTAJE DE PERCEPCIÓN DE INSEGURIDAD AL CAMINAR SOLO(A) DE NOCHE EN SU ZONA O BARRIO,18,AÑO,2016,6,DEPARTAMENTO,CAJAMARCA,CAJAMARCA,percepcion_inseguridad_pct,2016,47.4,DEPARTAMENTO
46.9,PORCENTAJE DE PERCEPCIÓN DE INSEGURIDAD AL CAMINAR SOLO(A) DE NOCHE EN SU ZONA O BARRIO,19,AÑO,2016,16,DEPARTAMENTO,LORETO,LORETO,percepcion_inseguridad_pct,2016,46.9,DEPARTAMENTO
46.2,PORCENTAJE DE PERCEPCIÓN DE INSEGURIDAD AL CAMINAR SOLO(A) DE NOCHE EN SU ZONA O BARRIO,20,AÑO,2016,10,DEPARTAMENTO,HUÁNUCO,HUANUCO,percepcion_inseguridad_pct,2016,46.2,DEPARTAMENTO
46.2,PORCENTAJE DE PERCEPCIÓN DE INSEGURIDAD AL CAMINAR SOLO(A) DE NOCHE EN SU ZONA O BARRIO,21,AÑO,2016,13,DEPARTAMENTO,LA LIBERTAD,LA LIBERTAD,percepcion_inseguridad_pct,2016,46.2,DEPARTAMENTO
45.3,PORCENTAJE DE PERCEPCIÓN DE INSEGURIDAD AL CAMINAR SOLO(A) DE NOCHE EN SU ZONA O BARRIO,22,AÑO,2016,19,DEPARTAMENTO,PASCO,PASCO,percepcion_inseguridad_pct,2016,45.3,DEPARTAMENTO
43.6,PORCENTAJE DE PERCEPCIÓN DE INSEGURIDAD AL CAMINAR SOLO(A) DE NOCHE EN SU ZONA O BARRIO,23,AÑO,2016,9,DEPARTAMENTO,HUANCAVELICA,HUANCAVELICA,percepcion_inseguridad_pct,2016,43.6,DEPARTAMENTO
36.6,PORCENTAJE DE PERCEPCIÓN DE INSEGURIDAD AL CAMINAR SOLO(A) DE NOCHE EN SU ZONA O BARRIO,24,AÑO,2016,1,DEPARTAMENTO,AMAZONAS,AMAZONAS,percepcion_inseguridad_pct,2016,36.6,DEPARTAMENTO
34.1,PORCENTAJE DE PERCEPCIÓN DE INSEGURIDAD AL CAMINAR SOLO(A) DE NOCHE EN SU ZONA O BARRIO,25,AÑO,2016,2,DEPARTAMENTO,ÁNCASH,ANCASH,percepcion_inseguridad_pct,2016,34.1,DEPARTAMENTO
31.8,PORCENTAJE DE PERCEPCIÓN DE INSEGURIDAD AL CAMINAR SOLO(A) DE NOCHE EN SU ZONA O BARRIO,26,AÑO,2016,22,DEPARTAMENTO,SAN MARTÍN,SAN MARTIN,percepcion_inseguridad_pct,2016,31.8,DEPARTAMENTO
54.2,PORCENTAJE DE PERCEPCIÓN DE INSEGURIDAD AL CAMINAR SOLO(A) DE NOCHE EN SU ZONA O BARRIO,0,AÑO,2017,0,NACIONAL,NACIONAL,NACIONAL,percepcion_inseguridad_pct,2017,54.2,NACIONAL
69.0,PORCENTAJE DE PERCEPCIÓN DE INSEGURIDAD AL CAMINAR SOLO(A) DE NOCHE EN SU ZONA O BARRIO,1,AÑO,2017,21,DEPARTAMENTO,PUNO,PUNO,percepcion_inseguridad_pct,2017,69.0,DEPARTAMENTO
62.1,PORCENTAJE DE PERCEPCIÓN DE INSEGURIDAD AL CAMINAR SOLO(A) DE NOCHE EN SU ZONA O BARRIO,2,AÑO,2017,11,DEPARTAMENTO,ICA,ICA,percepcion_inseguridad_pct,2017,62.1,DEPARTAMENTO
60.2,PORCENTAJE DE PERCEPCIÓN DE INSEGURIDAD AL CAMINAR SOLO(A) DE NOCHE EN SU ZONA O BARRIO,3,AÑO,2017,17,DEPARTAMENTO,MADRE DE DIOS,MADRE DE DIOS,percepcion_inseguridad_pct,2017,60.2,DEPARTAMENTO
59.6,PORCENTAJE DE PERCEPCIÓN DE INSEGURIDAD AL CAMINAR SOLO(A) DE NOCHE EN SU ZONA O BARRIO,4,AÑO,2017,20,DEPARTAMENTO,PIURA,PIURA,percepcion_inseguridad_pct,2017,59.6,DEPARTAMENTO
59.3,PORCENTAJE DE PERCEPCIÓN DE INSEGURIDAD AL CAMINAR SOLO(A) DE NOCHE EN SU ZONA O BARRIO,5,AÑO,2017,1501,DEPARTAMENTO,LIMA METROPOLITANA,LIMA,percepcion_inseguridad_pct,2017,59.3,DEPARTAMENTO
59.3,PORCENTAJE DE PERCEPCIÓN DE INSEGURIDAD AL CAMINAR SOLO(A) DE NOCHE EN SU ZONA O BARRIO,6,AÑO,2017,23,DEPARTAMENTO,TACNA,TACNA,percepcion_inseguridad_pct,2017,59.3,DEPARTAMENTO
57.3,PORCENTAJE DE PERCEPCIÓN DE INSEGURIDAD AL CAMINAR SOLO(A) DE NOCHE EN SU ZONA O BARRIO,7,AÑO,2017,4,DEPARTAMENTO,AREQUIPA,AREQUIPA,percepcion_inseguridad_pct,2017,57.3,DEPARTAMENTO
56.8,PORCENTAJE DE PERCEPCIÓN DE INSEGURIDAD AL CAMINAR SOLO(A) DE NOCHE EN SU ZONA O BARRIO,8,AÑO,2017,14,DEPARTAMENTO,LAMBAYEQUE,LAMBAYEQUE,percepcion_inseguridad_pct,2017,56.8,DEPARTAMENTO
55.8,PORCENTAJE DE PERCEPCIÓN DE INSEGURIDAD AL CAMINAR SOLO(A) DE NOCHE EN SU ZONA O BARRIO,9,AÑO,2017,7,DEPARTAMENTO,PROV. CONST. DEL CALLAO,CALLAO,percepcion_inseguridad_pct,2017,55.8,DEPARTAMENTO
54.8,PORCENTAJE DE PERCEPCIÓN DE INSEGURIDAD AL CAMINAR SOLO(A) DE NOCHE EN SU ZONA O BARRIO,10,AÑO,2017,3,DEPARTAMENTO,APURÍMAC,APURIMAC,percepcion_inseguridad_pct,2017,54.8,DEPARTAMENTO
54.4,PORCENTAJE DE PERCEPCIÓN DE INSEGURIDAD AL CAMINAR SOLO(A) DE NOCHE EN SU ZONA O BARRIO,11,AÑO,2017,12,DEPARTAMENTO,JUNÍN,JUNIN,percepcion_inseguridad_pct,2017,54.4,DEPARTAMENTO
53.8,PORCENTAJE DE PERCEPCIÓN DE INSEGURIDAD AL CAMINAR SOLO(A) DE NOCHE EN SU ZONA O BARRIO,12,AÑO,2017,8,DEPARTAMENTO,CUSCO,CUSCO,percepcion_inseguridad_pct,2017,53.8,DEPARTAMENTO
52.2,PORCENTAJE DE PERCEPCIÓN DE INSEGURIDAD AL CAMINAR SOLO(A) DE NOCHE EN SU ZONA O BARRIO,13,AÑO,2017,1599,DEPARTAMENTO,REGIÓN LIMA,LIMA,percepcion_inseguridad_pct,2017,52.2,DEPARTAMENTO
51.8,PORCENTAJE DE PERCEPCIÓN DE INSEGURIDAD AL CAMINAR SOLO(A) DE NOCHE EN SU ZONA O BARRIO,14,AÑO,2017,25,DEPARTAMENTO,UCAYALI,UCAYALI,percepcion_inseguridad_pct,2017,51.8,DEPARTAMENTO
51.0,PORCENTAJE DE PERCEPCIÓN DE INSEGURIDAD AL CAMINAR SOLO(A) DE NOCHE EN SU ZONA O BARRIO,15,AÑO,2017,24,DEPARTAMENTO,TUMBES,TUMBES,percepcion_inseguridad_pct,2017,51.0,DEPARTAMENTO
48.4,PORCENTAJE DE PERCEPCIÓN DE INSEGURIDAD AL CAMINAR SOLO(A) DE NOCHE EN SU ZONA O BARRIO,16,AÑO,2017,5,DEPARTAMENTO,AYACUCHO,AYACUCHO,percepcion_inseguridad_pct,2017,48.4,DEPARTAMENTO
43.9,PORCENTAJE DE PERCEPCIÓN DE INSEGURIDAD AL CAMINAR SOLO(A) DE NOCHE EN SU ZONA O BARRIO,17,AÑO,2017,10,DEPARTAMENTO,HUÁNUCO,HUANUCO,percepcion_inseguridad_pct,2017,43.9,DEPARTAMENTO
43.5,PORCENTAJE DE PERCEPCIÓN DE INSEGURIDAD AL CAMINAR SOLO(A) DE NOCHE EN SU ZONA O BARRIO,18,AÑO,2017,13,DEPARTAMENTO,LA LIBERTAD,LA LIBERTAD,percepcion_inseguridad_pct,2017,43.5,DEPARTAMENTO
43.0,PORCENTAJE DE PERCEPCIÓN DE INSEGURIDAD AL CAMINAR SOLO(A) DE NOCHE EN SU ZONA O BARRIO,19,AÑO,2017,19,DEPARTAMENTO,PASCO,PASCO,percepcion_inseguridad_pct,2017,43.0,DEPARTAMENTO
41.8,PORCENTAJE DE PERCEPCIÓN DE INSEGURIDAD AL CAMINAR SOLO(A) DE NOCHE EN SU ZONA O BARRIO,20,AÑO,2017,9,DEPARTAMENTO,HUANCAVELICA,HUANCAVELICA,percepcion_inseguridad_pct,2017,41.8,DEPARTAMENTO
40.8,PORCENTAJE DE PERCEPCIÓN DE INSEGURIDAD AL CAMINAR SOLO(A) DE NOCHE EN SU ZONA O BARRIO,21,AÑO,2017,16,DEPARTAMENTO,LORETO,LORETO,percepcion_inseguridad_pct,2017,40.8,DEPARTAMENTO
40.7,PORCENTAJE DE PERCEPCIÓN DE INSEGURIDAD AL CAMINAR SOLO(A) DE NOCHE EN SU ZONA O BARRIO,22,AÑO,2017,18,DEPARTAMENTO,MOQUEGUA,MOQUEGUA,percepcion_inseguridad_pct,2017,40.7,DEPARTAMENTO
39.2,PORCENTAJE DE PERCEPCIÓN DE INSEGURIDAD AL CAMINAR SOLO(A) DE NOCHE EN SU ZONA O BARRIO,23,AÑO,2017,6,DEPARTAMENTO,CAJAMARCA,CAJAMARCA,percepcion_inseguridad_pct,2017,39.2,DEPARTAMENTO
36.7,PORCENTAJE DE PERCEPCIÓN DE INSEGURIDAD AL CAMINAR SOLO(A) DE NOCHE EN SU ZONA O BARRIO,24,AÑO,2017,1,DEPARTAMENTO,AMAZONAS,AMAZONAS,percepcion_inseguridad_pct,2017,36.7,DEPARTAMENTO
30.1,PORCENTAJE DE PERCEPCIÓN DE INSEGURIDAD AL CAMINAR SOLO(A) DE NOCHE EN SU ZONA O BARRIO,25,AÑO,2017,2,DEPARTAMENTO,ÁNCASH,ANCASH,percepcion_inseguridad_pct,2017,30.1,DEPARTAMENTO
26.4,PORCENTAJE DE PERCEPCIÓN DE INSEGURIDAD AL CAMINAR SOLO(A) DE NOCHE EN SU ZONA O BARRIO,26,AÑO,2017,22,DEPARTAMENTO,SAN MARTÍN,SAN MARTIN,percepcion_inseguridad_pct,2017,26.4,DEPARTAMENTO
55.3,PORCENTAJE DE PERCEPCIÓN DE INSEGURIDAD AL CAMINAR SOLO(A) DE NOCHE EN SU ZONA O BARRIO,0,AÑO,2018,0,NACIONAL,NACIONAL,NACIONAL,percepcion_inseguridad_pct,2018,55.3,NACIONAL
71.7,PORCENTAJE DE PERCEPCIÓN DE INSEGURIDAD AL CAMINAR SOLO(A) DE NOCHE EN SU ZONA O BARRIO,1,AÑO,2018,21,DEPARTAMENTO,PUNO,PUNO,percepcion_inseguridad_pct,2018,71.7,DEPARTAMENTO
70.6,PORCENTAJE DE PERCEPCIÓN DE INSEGURIDAD AL CAMINAR SOLO(A) DE NOCHE EN SU ZONA O BARRIO,2,AÑO,2018,17,DEPARTAMENTO,MADRE DE DIOS,MADRE DE DIOS,percepcion_inseguridad_pct,2018,70.6,DEPARTAMENTO
65.7,PORCENTAJE DE PERCEPCIÓN DE INSEGURIDAD AL CAMINAR SOLO(A) DE NOCHE EN SU ZONA O BARRIO,3,AÑO,2018,14,DEPARTAMENTO,LAMBAYEQUE,LAMBAYEQUE,percepcion_inseguridad_pct,2018,65.7,DEPARTAMENTO
61.2,PORCENTAJE DE PERCEPCIÓN DE INSEGURIDAD AL CAMINAR SOLO(A) DE NOCHE EN SU ZONA O BARRIO,4,AÑO,2018,11,DEPARTAMENTO,ICA,ICA,percepcion_inseguridad_pct,2018,61.2,DEPARTAMENTO
60.0,PORCENTAJE DE PERCEPCIÓN DE INSEGURIDAD AL CAMINAR SOLO(A) DE NOCHE EN SU ZONA O BARRIO,5,AÑO,2018,1501,DEPARTAMENTO,LIMA METROPOLITANA,LIMA,percepcion_inseguridad_pct,2018,60.0,DEPARTAMENTO
59.7,PORCENTAJE DE PERCEPCIÓN DE INSEGURIDAD AL CAMINAR SOLO(A) DE NOCHE EN SU ZONA O BARRIO,6,AÑO,2018,23,DEPARTAMENTO,TACNA,TACNA,percepcion_inseguridad_pct,2018,59.7,DEPARTAMENTO
57.5,PORCENTAJE DE PERCEPCIÓN DE INSEGURIDAD AL CAMINAR SOLO(A) DE NOCHE EN SU ZONA O BARRIO,7,AÑO,2018,12,DEPARTAMENTO,JUNÍN,JUNIN,percepcion_inseguridad_pct,2018,57.5,DEPARTAMENTO
57.4,PORCENTAJE DE PERCEPCIÓN DE INSEGURIDAD AL CAMINAR SOLO(A) DE NOCHE EN SU ZONA O BARRIO,8,AÑO,2018,7,DEPARTAMENTO,PROV. CONST. DEL CALLAO,CALLAO,percepcion_inseguridad_pct,2018,57.4,DEPARTAMENTO
56.8,PORCENTAJE DE PERCEPCIÓN DE INSEGURIDAD AL CAMINAR SOLO(A) DE NOCHE EN SU ZONA O BARRIO,9,AÑO,2018,4,DEPARTAMENTO,AREQUIPA,AREQUIPA,percepcion_inseguridad_pct,2018,56.8,DEPARTAMENTO
56.5,PORCENTAJE DE PERCEPCIÓN DE INSEGURIDAD AL CAMINAR SOLO(A) DE NOCHE EN SU ZONA O BARRIO,10,AÑO,2018,8,DEPARTAMENTO,CUSCO,CUSCO,percepcion_inseguridad_pct,2018,56.5,DEPARTAMENTO
55.6,PORCENTAJE DE PERCEPCIÓN DE INSEGURIDAD AL CAMINAR SOLO(A) DE NOCHE EN SU ZONA O BARRIO,11,AÑO,2018,20,DEPARTAMENTO,PIURA,PIURA,percepcion_inseguridad_pct,2018,55.6,DEPARTAMENTO
52.0,PORCENTAJE DE PERCEPCIÓN DE INSEGURIDAD AL CAMINAR SOLO(A) DE NOCHE EN SU ZONA O BARRIO,12,AÑO,2018,25,DEPARTAMENTO,UCAYALI,UCAYALI,percepcion_inseguridad_pct,2018,52.0,DEPARTAMENTO
50.4,PORCENTAJE DE PERCEPCIÓN DE INSEGURIDAD AL CAMINAR SOLO(A) DE NOCHE EN SU ZONA O BARRIO,13,AÑO,2018,24,DEPARTAMENTO,TUMBES,TUMBES,percepcion_inseguridad_pct,2018,50.4,DEPARTAMENTO
49.4,PORCENTAJE DE PERCEPCIÓN DE INSEGURIDAD AL CAMINAR SOLO(A) DE NOCHE EN SU ZONA O BARRIO,14,AÑO,2018,13,DEPARTAMENTO,LA LIBERTAD,LA LIBERTAD,percepcion_inseguridad_pct,2018,49.4,DEPARTAMENTO
49.1,PORCENTAJE DE PERCEPCIÓN DE INSEGURIDAD AL CAMINAR SOLO(A) DE NOCHE EN SU ZONA O BARRIO,15,AÑO,2018,3,DEPARTAMENTO,APURÍMAC,APURIMAC,percepcion_inseguridad_pct,2018,49.1,DEPARTAMENTO
49.0,PORCENTAJE DE PERCEPCIÓN DE INSEGURIDAD AL CAMINAR SOLO(A) DE NOCHE EN SU ZONA O BARRIO,16,AÑO,2018,1599,DEPARTAMENTO,REGIÓN LIMA,LIMA,percepcion_inseguridad_pct,2018,49.0,DEPARTAMENTO
48.2,PORCENTAJE DE PERCEPCIÓN DE INSEGURIDAD AL CAMINAR SOLO(A) DE NOCHE EN SU ZONA O BARRIO,17,AÑO,2018,5,DEPARTAMENTO,AYACUCHO,AYACUCHO,percepcion_inseguridad_pct,2018,48.2,DEPARTAMENTO
45.5,PORCENTAJE DE PERCEPCIÓN DE INSEGURIDAD AL CAMINAR SOLO(A) DE NOCHE EN SU ZONA O BARRIO,18,AÑO,2018,10,DEPARTAMENTO,HUÁNUCO,HUANUCO,percepcion_inseguridad_pct,2018,45.5,DEPARTAMENTO
44.2,PORCENTAJE DE PERCEPCIÓN DE INSEGURIDAD AL CAMINAR SOLO(A) DE NOCHE EN SU ZONA O BARRIO,19,AÑO,2018,16,DEPARTAMENTO,LORETO,LORETO,percepcion_inseguridad_pct,2018,44.2,DEPARTAMENTO
43.3,PORCENTAJE DE PERCEPCIÓN DE INSEGURIDAD AL CAMINAR SOLO(A) DE NOCHE EN SU ZONA O BARRIO,20,AÑO,2018,18,DEPARTAMENTO,MOQUEGUA,MOQUEGUA,percepcion_inseguridad_pct,2018,43.3,DEPARTAMENTO
43.2,PORCENTAJE DE PERCEPCIÓN DE INSEGURIDAD AL CAMINAR SOLO(A) DE NOCHE EN SU ZONA O BARRIO,21,AÑO,2018,9,DEPARTAMENTO,HUANCAVELICA,HUANCAVELICA,percepcion_inseguridad_pct,2018,43.2,DEPARTAMENTO
40.3,PORCENTAJE DE PERCEPCIÓN DE INSEGURIDAD AL CAMINAR SOLO(A) DE NOCHE EN SU ZONA O BARRIO,22,AÑO,2018,6,DEPARTAMENTO,CAJAMARCA,CAJAMARCA,percepcion_inseguridad_pct,2018,40.3,DEPARTAMENTO
39.4,PORCENTAJE DE PERCEPCIÓN DE INSEGURIDAD AL CAMINAR SOLO(A) DE NOCHE EN SU ZONA O BARRIO,23,AÑO,2018,19,DEPARTAMENTO,PASCO,PASCO,percepcion_inseguridad_pct,2018,39.4,DEPARTAMENTO
33.6,PORCENTAJE DE PERCEPCIÓN DE INSEGURIDAD AL CAMINAR SOLO(A) DE NOCHE EN SU ZONA O BARRIO,24,AÑO,2018,1,DEPARTAMENTO,AMAZONAS,AMAZONAS,percepcion_inseguridad_pct,2018,33.6,DEPARTAMENTO
29.7,PORCENTAJE DE PERCEPCIÓN DE INSEGURIDAD AL CAMINAR SOLO(A) DE NOCHE EN SU ZONA O BARRIO,25,AÑO,2018,2,DEPARTAMENTO,ÁNCASH,ANCASH,percepcion_inseguridad_pct,2018,29.7,DEPARTAMENTO
27.1,PORCENTAJE DE PERCEPCIÓN DE INSEGURIDAD AL CAMINAR SOLO(A) DE NOCHE EN SU ZONA O BARRIO,26,AÑO,2018,22,DEPARTAMENTO,SAN MARTÍN,SAN MARTIN,percepcion_inseguridad_pct,2018,27.1,DEPARTAMENTO
55.8,PORCENTAJE DE PERCEPCIÓN DE INSEGURIDAD AL CAMINAR SOLO(A) DE NOCHE EN SU ZONA O BARRIO,0,AÑO,2019,0,NACIONAL,NACIONAL,NACIONAL,percepcion_inseguridad_pct,2019,55.8,NACIONAL
75.9,PORCENTAJE DE PERCEPCIÓN DE INSEGURIDAD AL CAMINAR SOLO(A) DE NOCHE EN SU ZONA O BARRIO,1,AÑO,2019,17,DEPARTAMENTO,MADRE DE DIOS,MADRE DE DIOS,percepcion_inseguridad_pct,2019,75.9,DEPARTAMENTO
68.8,PORCENTAJE DE PERCEPCIÓN DE INSEGURIDAD AL CAMINAR SOLO(A) DE NOCHE EN SU ZONA O BARRIO,2,AÑO,2019,21,DEPARTAMENTO,PUNO,PUNO,percepcion_inseguridad_pct,2019,68.8,DEPARTAMENTO
64.0,PORCENTAJE DE PERCEPCIÓN DE INSEGURIDAD AL CAMINAR SOLO(A) DE NOCHE EN SU ZONA O BARRIO,3,AÑO,2019,23,DEPARTAMENTO,TACNA,TACNA,percepcion_inseguridad_pct,2019,64.0,DEPARTAMENTO
62.7,PORCENTAJE DE PERCEPCIÓN DE INSEGURIDAD AL CAMINAR SOLO(A) DE NOCHE EN SU ZONA O BARRIO,4,AÑO,2019,1501,DEPARTAMENTO,LIMA METROPOLITANA,LIMA,percepcion_inseguridad_pct,2019,62.7,DEPARTAMENTO
61.4,PORCENTAJE DE PERCEPCIÓN DE INSEGURIDAD AL CAMINAR SOLO(A) DE NOCHE EN SU ZONA O BARRIO,5,AÑO,2019,7,DEPARTAMENTO,PROV. CONST. DEL CALLAO,CALLAO,percepcion_inseguridad_pct,2019,61.4,DEPARTAMENTO
60.0,PORCENTAJE DE PERCEPCIÓN DE INSEGURIDAD AL CAMINAR SOLO(A) DE NOCHE EN SU ZONA O BARRIO,6,AÑO,2019,4,DEPARTAMENTO,AREQUIPA,AREQUIPA,percepcion_inseguridad_pct,2019,60.0,DEPARTAMENTO
59.7,PORCENTAJE DE PERCEPCIÓN DE INSEGURIDAD AL CAMINAR SOLO(A) DE NOCHE EN SU ZONA O BARRIO,7,AÑO,2019,12,DEPARTAMENTO,JUNÍN,JUNIN,percepcion_inseguridad_pct,2019,59.7,DEPARTAMENTO
56.8,PORCENTAJE DE PERCEPCIÓN DE INSEGURIDAD AL CAMINAR SOLO(A) DE NOCHE EN SU ZONA O BARRIO,8,AÑO,2019,8,DEPARTAMENTO,CUSCO,CUSCO,percepcion_inseguridad_pct,2019,56.8,DEPARTAMENTO
55.3,PORCENTAJE DE PERCEPCIÓN DE INSEGURIDAD AL CAMINAR SOLO(A) DE NOCHE EN SU ZONA O BARRIO,9,AÑO,2019,11,DEPARTAMENTO,ICA,ICA,percepcion_inseguridad_pct,2019,55.3,DEPARTAMENTO
54.7,PORCENTAJE DE PERCEPCIÓN DE INSEGURIDAD AL CAMINAR SOLO(A) DE NOCHE EN SU ZONA O BARRIO,10,AÑO,2019,14,DEPARTAMENTO,LAMBAYEQUE,LAMBAYEQUE,percepcion_inseguridad_pct,2019,54.7,DEPARTAMENTO
54.6,PORCENTAJE DE PERCEPCIÓN DE INSEGURIDAD AL CAMINAR SOLO(A) DE NOCHE EN SU ZONA O BARRIO,11,AÑO,2019,3,DEPARTAMENTO,APURÍMAC,APURIMAC,percepcion_inseguridad_pct,2019,54.6,DEPARTAMENTO
52.0,PORCENTAJE DE PERCEPCIÓN DE INSEGURIDAD AL CAMINAR SOLO(A) DE NOCHE EN SU ZONA O BARRIO,12,AÑO,2019,25,DEPARTAMENTO,UCAYALI,UCAYALI,percepcion_inseguridad_pct,2019,52.0,DEPARTAMENTO
50.9,PORCENTAJE DE PERCEPCIÓN DE INSEGURIDAD AL CAMINAR SOLO(A) DE NOCHE EN SU ZONA O BARRIO,13,AÑO,2019,13,DEPARTAMENTO,LA LIBERTAD,LA LIBERTAD,percepcion_inseguridad_pct,2019,50.9,DEPARTAMENTO
50.8,PORCENTAJE DE PERCEPCIÓN DE INSEGURIDAD AL CAMINAR SOLO(A) DE NOCHE EN SU ZONA O BARRIO,14,AÑO,2019,1599,DEPARTAMENTO,REGIÓN LIMA,LIMA,percepcion_inseguridad_pct,2019,50.8,DEPARTAMENTO
50.3,PORCENTAJE DE PERCEPCIÓN DE INSEGURIDAD AL CAMINAR SOLO(A) DE NOCHE EN SU ZONA O BARRIO,15,AÑO,2019,20,DEPARTAMENTO,PIURA,PIURA,percepcion_inseguridad_pct,2019,50.3,DEPARTAMENTO
46.4,PORCENTAJE DE PERCEPCIÓN DE INSEGURIDAD AL CAMINAR SOLO(A) DE NOCHE EN SU ZONA O BARRIO,16,AÑO,2019,24,DEPARTAMENTO,TUMBES,TUMBES,percepcion_inseguridad_pct,2019,46.4,DEPARTAMENTO
45.6,PORCENTAJE DE PERCEPCIÓN DE INSEGURIDAD AL CAMINAR SOLO(A) DE NOCHE EN SU ZONA O BARRIO,17,AÑO,2019,18,DEPARTAMENTO,MOQUEGUA,MOQUEGUA,percepcion_inseguridad_pct,2019,45.6,DEPARTAMENTO
45.0,PORCENTAJE DE PERCEPCIÓN DE INSEGURIDAD AL CAMINAR SOLO(A) DE NOCHE EN SU ZONA O BARRIO,18,AÑO,2019,5,DEPARTAMENTO,AYACUCHO,AYACUCHO,percepcion_inseguridad_pct,2019,45.0,DEPARTAMENTO
42.5,PORCENTAJE DE PERCEPCIÓN DE INSEGURIDAD AL CAMINAR SOLO(A) DE NOCHE EN SU ZONA O BARRIO,19,AÑO,2019,16,DEPARTAMENTO,LORETO,LORETO,percepcion_inseguridad_pct,2019,42.5,DEPARTAMENTO
42.3,PORCENTAJE DE PERCEPCIÓN DE INSEGURIDAD AL CAMINAR SOLO(A) DE NOCHE EN SU ZONA O BARRIO,20,AÑO,2019,9,DEPARTAMENTO,HUANCAVELICA,HUANCAVELICA,percepcion_inseguridad_pct,2019,42.3,DEPARTAMENTO
39.3,PORCENTAJE DE PERCEPCIÓN DE INSEGURIDAD AL CAMINAR SOLO(A) DE NOCHE EN SU ZONA O BARRIO,21,AÑO,2019,19,DEPARTAMENTO,PASCO,PASCO,percepcion_inseguridad_pct,2019,39.3,DEPARTAMENTO
39.1,PORCENTAJE DE PERCEPCIÓN DE INSEGURIDAD AL CAMINAR SOLO(A) DE NOCHE EN SU ZONA O BARRIO,22,AÑO,2019,6,DEPARTAMENTO,CAJAMARCA,CAJAMARCA,percepcion_inseguridad_pct,2019,39.1,DEPARTAMENTO
38.1,PORCENTAJE DE PERCEPCIÓN DE INSEGURIDAD AL CAMINAR SOLO(A) DE NOCHE EN SU ZONA O BARRIO,23,AÑO,2019,10,DEPARTAMENTO,HUÁNUCO,HUANUCO,percepcion_inseguridad_pct,2019,38.1,DEPARTAMENTO
34.4,PORCENTAJE DE PERCEPCIÓN DE INSEGURIDAD AL CAMINAR SOLO(A) DE NOCHE EN SU ZONA O BARRIO,24,AÑO,2019,2,DEPARTAMENTO,ÁNCASH,ANCASH,percepcion_inseguridad_pct,2019,34.4,DEPARTAMENTO
28.9,PORCENTAJE DE PERCEPCIÓN DE INSEGURIDAD AL CAMINAR SOLO(A) DE NOCHE EN SU ZONA O BARRIO,25,AÑO,2019,1,DEPARTAMENTO,AMAZONAS,AMAZONAS,percepcion_inseguridad_pct,2019,28.9,DEPARTAMENTO
26.9,PORCENTAJE DE PERCEPCIÓN DE INSEGURIDAD AL CAMINAR SOLO(A) DE NOCHE EN SU ZONA O BARRIO,26,AÑO,2019,22,DEPARTAMENTO,SAN MARTÍN,SAN MARTIN,percepcion_inseguridad_pct,2019,26.9,DEPARTAMENTO
30.6,PORCENTAJE DE PERCEPCIÓN DE INSEGURIDAD AL CAMINAR SOLO(A) DE NOCHE EN SU ZONA O BARRIO,0,AÑO,2020,0,NACIONAL,NACIONAL,NACIONAL,percepcion_inseguridad_pct,2020,30.6,NACIONAL
37.7,PORCENTAJE DE PERCEPCIÓN DE INSEGURIDAD AL CAMINAR SOLO(A) DE NOCHE EN SU ZONA O BARRIO,1,AÑO,2020,1501,DEPARTAMENTO,LIMA METROPOLITANA,LIMA,percepcion_inseguridad_pct,2020,37.7,DEPARTAMENTO
35.6,PORCENTAJE DE PERCEPCIÓN DE INSEGURIDAD AL CAMINAR SOLO(A) DE NOCHE EN SU ZONA O BARRIO,2,AÑO,2020,7,DEPARTAMENTO,PROV. CONST. DEL CALLAO,CALLAO,percepcion_inseguridad_pct,2020,35.6,DEPARTAMENTO
34.3,PORCENTAJE DE PERCEPCIÓN DE INSEGURIDAD AL CAMINAR SOLO(A) DE NOCHE EN SU ZONA O BARRIO,3,AÑO,2020,14,DEPARTAMENTO,LAMBAYEQUE,LAMBAYEQUE,percepcion_inseguridad_pct,2020,34.3,DEPARTAMENTO
33.1,PORCENTAJE DE PERCEPCIÓN DE INSEGURIDAD AL CAMINAR SOLO(A) DE NOCHE EN SU ZONA O BARRIO,4,AÑO,2020,17,DEPARTAMENTO,MADRE DE DIOS,MADRE DE DIOS,percepcion_inseguridad_pct,2020,33.1,DEPARTAMENTO
32.9,PORCENTAJE DE PERCEPCIÓN DE INSEGURIDAD AL CAMINAR SOLO(A) DE NOCHE EN SU ZONA O BARRIO,5,AÑO,2020,21,DEPARTAMENTO,PUNO,PUNO,percepcion_inseguridad_pct,2020,32.9,DEPARTAMENTO
30.0,PORCENTAJE DE PERCEPCIÓN DE INSEGURIDAD AL CAMINAR SOLO(A) DE NOCHE EN SU ZONA O BARRIO,6,AÑO,2020,20,DEPARTAMENTO,PIURA,PIURA,percepcion_inseguridad_pct,2020,30.0,DEPARTAMENTO
28.3,PORCENTAJE DE PERCEPCIÓN DE INSEGURIDAD AL CAMINAR SOLO(A) DE NOCHE EN SU ZONA O BARRIO,7,AÑO,2020,12,DEPARTAMENTO,JUNÍN,JUNIN,percepcion_inseguridad_pct,2020,28.3,DEPARTAMENTO
28.0,PORCENTAJE DE PERCEPCIÓN DE INSEGURIDAD AL CAMINAR SOLO(A) DE NOCHE EN SU ZONA O BARRIO,8,AÑO,2020,4,DEPARTAMENTO,AREQUIPA,AREQUIPA,percepcion_inseguridad_pct,2020,28.0,DEPARTAMENTO
27.5,PORCENTAJE DE PERCEPCIÓN DE INSEGURIDAD AL CAMINAR SOLO(A) DE NOCHE EN SU ZONA O BARRIO,9,AÑO,2020,8,DEPARTAMENTO,CUSCO,CUSCO,percepcion_inseguridad_pct,2020,27.5,DEPARTAMENTO
26.0,PORCENTAJE DE PERCEPCIÓN DE INSEGURIDAD AL CAMINAR SOLO(A) DE NOCHE EN SU ZONA O BARRIO,10,AÑO,2020,11,DEPARTAMENTO,ICA,ICA,percepcion_inseguridad_pct,2020,26.0,DEPARTAMENTO
25.5,PORCENTAJE DE PERCEPCIÓN DE INSEGURIDAD AL CAMINAR SOLO(A) DE NOCHE EN SU ZONA O BARRIO,11,AÑO,2020,23,DEPARTAMENTO,TACNA,TACNA,percepcion_inseguridad_pct,2020,25.5,DEPARTAMENTO
25.3,PORCENTAJE DE PERCEPCIÓN DE INSEGURIDAD AL CAMINAR SOLO(A) DE NOCHE EN SU ZONA O BARRIO,12,AÑO,2020,1599,DEPARTAMENTO,REGIÓN LIMA,LIMA,percepcion_inseguridad_pct,2020,25.3,DEPARTAMENTO
25.0,PORCENTAJE DE PERCEPCIÓN DE INSEGURIDAD AL CAMINAR SOLO(A) DE NOCHE EN SU ZONA O BARRIO,13,AÑO,2020,25,DEPARTAMENTO,UCAYALI,UCAYALI,percepcion_inseguridad_pct,2020,25.0,DEPARTAMENTO
24.9,PORCENTAJE DE PERCEPCIÓN DE INSEGURIDAD AL CAMINAR SOLO(A) DE NOCHE EN SU ZONA O BARRIO,14,AÑO,2020,24,DEPARTAMENTO,TUMBES,TUMBES,percepcion_inseguridad_pct,2020,24.9,DEPARTAMENTO
24.7,PORCENTAJE DE PERCEPCIÓN DE INSEGURIDAD AL CAMINAR SOLO(A) DE NOCHE EN SU ZONA O BARRIO,15,AÑO,2020,3,DEPARTAMENTO,APURÍMAC,APURIMAC,percepcion_inseguridad_pct,2020,24.7,DEPARTAMENTO
24.4,PORCENTAJE DE PERCEPCIÓN DE INSEGURIDAD AL CAMINAR SOLO(A) DE NOCHE EN SU ZONA O BARRIO,16,AÑO,2020,13,DEPARTAMENTO,LA LIBERTAD,LA LIBERTAD,percepcion_inseguridad_pct,2020,24.4,DEPARTAMENTO
23.8,PORCENTAJE DE PERCEPCIÓN DE INSEGURIDAD AL CAMINAR SOLO(A) DE NOCHE EN SU ZONA O BARRIO,17,AÑO,2020,5,DEPARTAMENTO,AYACUCHO,AYACUCHO,percepcion_inseguridad_pct,2020,23.8,DEPARTAMENTO
22.8,PORCENTAJE DE PERCEPCIÓN DE INSEGURIDAD AL CAMINAR SOLO(A) DE NOCHE EN SU ZONA O BARRIO,18,AÑO,2020,6,DEPARTAMENTO,CAJAMARCA,CAJAMARCA,percepcion_inseguridad_pct,2020,22.8,DEPARTAMENTO
20.6,PORCENTAJE DE PERCEPCIÓN DE INSEGURIDAD AL CAMINAR SOLO(A) DE NOCHE EN SU ZONA O BARRIO,19,AÑO,2020,18,DEPARTAMENTO,MOQUEGUA,MOQUEGUA,percepcion_inseguridad_pct,2020,20.6,DEPARTAMENTO
20.3,PORCENTAJE DE PERCEPCIÓN DE INSEGURIDAD AL CAMINAR SOLO(A) DE NOCHE EN SU ZONA O BARRIO,20,AÑO,2020,16,DEPARTAMENTO,LORETO,LORETO,percepcion_inseguridad_pct,2020,20.3,DEPARTAMENTO
19.8,PORCENTAJE DE PERCEPCIÓN DE INSEGURIDAD AL CAMINAR SOLO(A) DE NOCHE EN SU ZONA O BARRIO,21,AÑO,2020,2,DEPARTAMENTO,ÁNCASH,ANCASH,percepcion_inseguridad_pct,2020,19.8,DEPARTAMENTO
19.0,PORCENTAJE DE PERCEPCIÓN DE INSEGURIDAD AL CAMINAR SOLO(A) DE NOCHE EN SU ZONA O BARRIO,22,AÑO,2020,9,DEPARTAMENTO,HUANCAVELICA,HUANCAVELICA,percepcion_inseguridad_pct,2020,19.0,DEPARTAMENTO
18.0,PORCENTAJE DE PERCEPCIÓN DE INSEGURIDAD AL CAMINAR SOLO(A) DE NOCHE EN SU ZONA O BARRIO,23,AÑO,2020,10,DEPARTAMENTO,HUÁNUCO,HUANUCO,percepcion_inseguridad_pct,2020,18.0,DEPARTAMENTO
17.9,PORCENTAJE DE PERCEPCIÓN DE INSEGURIDAD AL CAMINAR SOLO(A) DE NOCHE EN SU ZONA O BARRIO,24,AÑO,2020,19,DEPARTAMENTO,PASCO,PASCO,percepcion_inseguridad_pct,2020,17.9,DEPARTAMENTO
13.3,PORCENTAJE DE PERCEPCIÓN DE INSEGURIDAD AL CAMINAR SOLO(A) DE NOCHE EN SU ZONA O BARRIO,25,AÑO,2020,1,DEPARTAMENTO,AMAZONAS,AMAZONAS,percepcion_inseguridad_pct,2020,13.3,DEPARTAMENTO
12.5,PORCENTAJE DE PERCEPCIÓN DE INSEGURIDAD AL CAMINAR SOLO(A) DE NOCHE EN SU ZONA O BARRIO,26,AÑO,2020,22,DEPARTAMENTO,SAN MARTÍN,SAN MARTIN,percepcion_inseguridad_pct,2020,12.5,DEPARTAMENTO
53.9,PORCENTAJE DE PERCEPCIÓN DE INSEGURIDAD AL CAMINAR SOLO(A) DE NOCHE EN SU ZONA O BARRIO,0,AÑO,2021,0,NACIONAL,NACIONAL,NACIONAL,percepcion_inseguridad_pct,2021,53.9,NACIONAL
67.7,PORCENTAJE DE PERCEPCIÓN DE INSEGURIDAD AL CAMINAR SOLO(A) DE NOCHE EN SU ZONA O BARRIO,1,AÑO,2021,17,DEPARTAMENTO,MADRE DE DIOS,MADRE DE DIOS,percepcion_inseguridad_pct,2021,67.7,DEPARTAMENTO
64.9,PORCENTAJE DE PERCEPCIÓN DE INSEGURIDAD AL CAMINAR SOLO(A) DE NOCHE EN SU ZONA O BARRIO,2,AÑO,2021,21,DEPARTAMENTO,PUNO,PUNO,percepcion_inseguridad_pct,2021,64.9,DEPARTAMENTO
61.7,PORCENTAJE DE PERCEPCIÓN DE INSEGURIDAD AL CAMINAR SOLO(A) DE NOCHE EN SU ZONA O BARRIO,3,AÑO,2021,1501,DEPARTAMENTO,LIMA METROPOLITANA,LIMA,percepcion_inseguridad_pct,2021,61.7,DEPARTAMENTO
57.8,PORCENTAJE DE PERCEPCIÓN DE INSEGURIDAD AL CAMINAR SOLO(A) DE NOCHE EN SU ZONA O BARRIO,4,AÑO,2021,23,DEPARTAMENTO,TACNA,TACNA,percepcion_inseguridad_pct,2021,57.8,DEPARTAMENTO
57.0,PORCENTAJE DE PERCEPCIÓN DE INSEGURIDAD AL CAMINAR SOLO(A) DE NOCHE EN SU ZONA O BARRIO,5,AÑO,2021,14,DEPARTAMENTO,LAMBAYEQUE,LAMBAYEQUE,percepcion_inseguridad_pct,2021,57.0,DEPARTAMENTO
56.9,PORCENTAJE DE PERCEPCIÓN DE INSEGURIDAD AL CAMINAR SOLO(A) DE NOCHE EN SU ZONA O BARRIO,6,AÑO,2021,4,DEPARTAMENTO,AREQUIPA,AREQUIPA,percepcion_inseguridad_pct,2021,56.9,DEPARTAMENTO
56.5,PORCENTAJE DE PERCEPCIÓN DE INSEGURIDAD AL CAMINAR SOLO(A) DE NOCHE EN SU ZONA O BARRIO,7,AÑO,2021,7,DEPARTAMENTO,PROV. CONST. DEL CALLAO,CALLAO,percepcion_inseguridad_pct,2021,56.5,DEPARTAMENTO
54.0,PORCENTAJE DE PERCEPCIÓN DE INSEGURIDAD AL CAMINAR SOLO(A) DE NOCHE EN SU ZONA O BARRIO,8,AÑO,2021,20,DEPARTAMENTO,PIURA,PIURA,percepcion_inseguridad_pct,2021,54.0,DEPARTAMENTO
53.3,PORCENTAJE DE PERCEPCIÓN DE INSEGURIDAD AL CAMINAR SOLO(A) DE NOCHE EN SU ZONA O BARRIO,9,AÑO,2021,8,DEPARTAMENTO,CUSCO,CUSCO,percepcion_inseguridad_pct,2021,53.3,DEPARTAMENTO
53.2,PORCENTAJE DE PERCEPCIÓN DE INSEGURIDAD AL CAMINAR SOLO(A) DE NOCHE EN SU ZONA O BARRIO,10,AÑO,2021,11,DEPARTAMENTO,ICA,ICA,percepcion_inseguridad_pct,2021,53.2,DEPARTAMENTO
50.9,PORCENTAJE DE PERCEPCIÓN DE INSEGURIDAD AL CAMINAR SOLO(A) DE NOCHE EN SU ZONA O BARRIO,11,AÑO,2021,13,DEPARTAMENTO,LA LIBERTAD,LA LIBERTAD,percepcion_inseguridad_pct,2021,50.9,DEPARTAMENTO
50.5,PORCENTAJE DE PERCEPCIÓN DE INSEGURIDAD AL CAMINAR SOLO(A) DE NOCHE EN SU ZONA O BARRIO,12,AÑO,2021,25,DEPARTAMENTO,UCAYALI,UCAYALI,percepcion_inseguridad_pct,2021,50.5,DEPARTAMENTO
48.6,PORCENTAJE DE PERCEPCIÓN DE INSEGURIDAD AL CAMINAR SOLO(A) DE NOCHE EN SU ZONA O BARRIO,13,AÑO,2021,12,DEPARTAMENTO,JUNÍN,JUNIN,percepcion_inseguridad_pct,2021,48.6,DEPARTAMENTO
47.8,PORCENTAJE DE PERCEPCIÓN DE INSEGURIDAD AL CAMINAR SOLO(A) DE NOCHE EN SU ZONA O BARRIO,14,AÑO,2021,1599,DEPARTAMENTO,REGIÓN LIMA,LIMA,percepcion_inseguridad_pct,2021,47.8,DEPARTAMENTO
46.8,PORCENTAJE DE PERCEPCIÓN DE INSEGURIDAD AL CAMINAR SOLO(A) DE NOCHE EN SU ZONA O BARRIO,15,AÑO,2021,18,DEPARTAMENTO,MOQUEGUA,MOQUEGUA,percepcion_inseguridad_pct,2021,46.8,DEPARTAMENTO
45.5,PORCENTAJE DE PERCEPCIÓN DE INSEGURIDAD AL CAMINAR SOLO(A) DE NOCHE EN SU ZONA O BARRIO,16,AÑO,2021,5,DEPARTAMENTO,AYACUCHO,AYACUCHO,percepcion_inseguridad_pct,2021,45.5,DEPARTAMENTO
43.6,PORCENTAJE DE PERCEPCIÓN DE INSEGURIDAD AL CAMINAR SOLO(A) DE NOCHE EN SU ZONA O BARRIO,17,AÑO,2021,6,DEPARTAMENTO,CAJAMARCA,CAJAMARCA,percepcion_inseguridad_pct,2021,43.6,DEPARTAMENTO
43.2,PORCENTAJE DE PERCEPCIÓN DE INSEGURIDAD AL CAMINAR SOLO(A) DE NOCHE EN SU ZONA O BARRIO,18,AÑO,2021,3,DEPARTAMENTO,APURÍMAC,APURIMAC,percepcion_inseguridad_pct,2021,43.2,DEPARTAMENTO
41.8,PORCENTAJE DE PERCEPCIÓN DE INSEGURIDAD AL CAMINAR SOLO(A) DE NOCHE EN SU ZONA O BARRIO,19,AÑO,2021,24,DEPARTAMENTO,TUMBES,TUMBES,percepcion_inseguridad_pct,2021,41.8,DEPARTAMENTO
39.9,PORCENTAJE DE PERCEPCIÓN DE INSEGURIDAD AL CAMINAR SOLO(A) DE NOCHE EN SU ZONA O BARRIO,20,AÑO,2021,16,DEPARTAMENTO,LORETO,LORETO,percepcion_inseguridad_pct,2021,39.9,DEPARTAMENTO
35.5,PORCENTAJE DE PERCEPCIÓN DE INSEGURIDAD AL CAMINAR SOLO(A) DE NOCHE EN SU ZONA O BARRIO,21,AÑO,2021,10,DEPARTAMENTO,HUÁNUCO,HUANUCO,percepcion_inseguridad_pct,2021,35.5,DEPARTAMENTO
34.7,PORCENTAJE DE PERCEPCIÓN DE INSEGURIDAD AL CAMINAR SOLO(A) DE NOCHE EN SU ZONA O BARRIO,22,AÑO,2021,9,DEPARTAMENTO,HUANCAVELICA,HUANCAVELICA,percepcion_inseguridad_pct,2021,34.7,DEPARTAMENTO
34.7,PORCENTAJE DE PERCEPCIÓN DE INSEGURIDAD AL CAMINAR SOLO(A) DE NOCHE EN SU ZONA O BARRIO,23,AÑO,2021,19,DEPARTAMENTO,PASCO,PASCO,percepcion_inseguridad_pct,2021,34.7,DEPARTAMENTO
28.5,PORCENTAJE DE PERCEPCIÓN DE INSEGURIDAD AL CAMINAR SOLO(A) DE NOCHE EN SU ZONA O BARRIO,24,AÑO,2021,1,DEPARTAMENTO,AMAZONAS,AMAZONAS,percepcion_inseguridad_pct,2021,28.5,DEPARTAMENTO
27.9,PORCENTAJE DE PERCEPCIÓN DE INSEGURIDAD AL CAMINAR SOLO(A) DE NOCHE EN SU ZONA O BARRIO,25,AÑO,2021,2,DEPARTAMENTO,ÁNCASH,ANCASH,percepcion_inseguridad_pct,2021,27.9,DEPARTAMENTO
23.2,PORCENTAJE DE PERCEPCIÓN DE INSEGURIDAD AL CAMINAR SOLO(A) DE NOCHE EN SU ZONA O BARRIO,26,AÑO,2021,22,DEPARTAMENTO,SAN MARTÍN,SAN MARTIN,percepcion_inseguridad_pct,2021,23.2,DEPARTAMENTO
61.2,PORCENTAJE DE PERCEPCIÓN DE INSEGURIDAD AL CAMINAR SOLO(A) DE NOCHE EN SU ZONA O BARRIO,0,AÑO,2022,0,NACIONAL,NACIONAL,NACIONAL,percepcion_inseguridad_pct,2022,61.2,NACIONAL
75.4,PORCENTAJE DE PERCEPCIÓN DE INSEGURIDAD AL CAMINAR SOLO(A) DE NOCHE EN SU ZONA O BARRIO,1,AÑO,2022,17,DEPARTAMENTO,MADRE DE DIOS,MADRE DE DIOS,percepcion_inseguridad_pct,2022,75.4,DEPARTAMENTO
71.5,PORCENTAJE DE PERCEPCIÓN DE INSEGURIDAD AL CAMINAR SOLO(A) DE NOCHE EN SU ZONA O BARRIO,2,AÑO,2022,21,DEPARTAMENTO,PUNO,PUNO,percepcion_inseguridad_pct,2022,71.5,DEPARTAMENTO
68.3,PORCENTAJE DE PERCEPCIÓN DE INSEGURIDAD AL CAMINAR SOLO(A) DE NOCHE EN SU ZONA O BARRIO,3,AÑO,2022,1501,DEPARTAMENTO,LIMA METROPOLITANA,LIMA,percepcion_inseguridad_pct,2022,68.3,DEPARTAMENTO
66.1,PORCENTAJE DE PERCEPCIÓN DE INSEGURIDAD AL CAMINAR SOLO(A) DE NOCHE EN SU ZONA O BARRIO,4,AÑO,2022,7,DEPARTAMENTO,PROV. CONST. DEL CALLAO,CALLAO,percepcion_inseguridad_pct,2022,66.1,DEPARTAMENTO
65.1,PORCENTAJE DE PERCEPCIÓN DE INSEGURIDAD AL CAMINAR SOLO(A) DE NOCHE EN SU ZONA O BARRIO,5,AÑO,2022,14,DEPARTAMENTO,LAMBAYEQUE,LAMBAYEQUE,percepcion_inseguridad_pct,2022,65.1,DEPARTAMENTO
63.6,PORCENTAJE DE PERCEPCIÓN DE INSEGURIDAD AL CAMINAR SOLO(A) DE NOCHE EN SU ZONA O BARRIO,6,AÑO,2022,20,DEPARTAMENTO,PIURA,PIURA,percepcion_inseguridad_pct,2022,63.6,DEPARTAMENTO
63.3,PORCENTAJE DE PERCEPCIÓN DE INSEGURIDAD AL CAMINAR SOLO(A) DE NOCHE EN SU ZONA O BARRIO,7,AÑO,2022,23,DEPARTAMENTO,TACNA,TACNA,percepcion_inseguridad_pct,2022,63.3,DEPARTAMENTO
61.6,PORCENTAJE DE PERCEPCIÓN DE INSEGURIDAD AL CAMINAR SOLO(A) DE NOCHE EN SU ZONA O BARRIO,8,AÑO,2022,4,DEPARTAMENTO,AREQUIPA,AREQUIPA,percepcion_inseguridad_pct,2022,61.6,DEPARTAMENTO
60.2,PORCENTAJE DE PERCEPCIÓN DE INSEGURIDAD AL CAMINAR SOLO(A) DE NOCHE EN SU ZONA O BARRIO,9,AÑO,2022,8,DEPARTAMENTO,CUSCO,CUSCO,percepcion_inseguridad_pct,2022,60.2,DEPARTAMENTO
60.0,PORCENTAJE DE PERCEPCIÓN DE INSEGURIDAD AL CAMINAR SOLO(A) DE NOCHE EN SU ZONA O BARRIO,10,AÑO,2022,11,DEPARTAMENTO,ICA,ICA,percepcion_inseguridad_pct,2022,60.0,DEPARTAMENTO
59.3,PORCENTAJE DE PERCEPCIÓN DE INSEGURIDAD AL CAMINAR SOLO(A) DE NOCHE EN SU ZONA O BARRIO,11,AÑO,2022,25,DEPARTAMENTO,UCAYALI,UCAYALI,percepcion_inseguridad_pct,2022,59.3,DEPARTAMENTO
59.3,PORCENTAJE DE PERCEPCIÓN DE INSEGURIDAD AL CAMINAR SOLO(A) DE NOCHE EN SU ZONA O BARRIO,12,AÑO,2022,1599,DEPARTAMENTO,REGIÓN LIMA,LIMA,percepcion_inseguridad_pct,2022,59.3,DEPARTAMENTO
59.2,PORCENTAJE DE PERCEPCIÓN DE INSEGURIDAD AL CAMINAR SOLO(A) DE NOCHE EN SU ZONA O BARRIO,13,AÑO,2022,12,DEPARTAMENTO,JUNÍN,JUNIN,percepcion_inseguridad_pct,2022,59.2,DEPARTAMENTO
58.1,PORCENTAJE DE PERCEPCIÓN DE INSEGURIDAD AL CAMINAR SOLO(A) DE NOCHE EN SU ZONA O BARRIO,14,AÑO,2022,13,DEPARTAMENTO,LA LIBERTAD,LA LIBERTAD,percepcion_inseguridad_pct,2022,58.1,DEPARTAMENTO
56.1,PORCENTAJE DE PERCEPCIÓN DE INSEGURIDAD AL CAMINAR SOLO(A) DE NOCHE EN SU ZONA O BARRIO,15,AÑO,2022,5,DEPARTAMENTO,AYACUCHO,AYACUCHO,percepcion_inseguridad_pct,2022,56.1,DEPARTAMENTO
50.9,PORCENTAJE DE PERCEPCIÓN DE INSEGURIDAD AL CAMINAR SOLO(A) DE NOCHE EN SU ZONA O BARRIO,16,AÑO,2022,24,DEPARTAMENTO,TUMBES,TUMBES,percepcion_inseguridad_pct,2022,50.9,DEPARTAMENTO
49.7,PORCENTAJE DE PERCEPCIÓN DE INSEGURIDAD AL CAMINAR SOLO(A) DE NOCHE EN SU ZONA O BARRIO,17,AÑO,2022,16,DEPARTAMENTO,LORETO,LORETO,percepcion_inseguridad_pct,2022,49.7,DEPARTAMENTO
49.0,PORCENTAJE DE PERCEPCIÓN DE INSEGURIDAD AL CAMINAR SOLO(A) DE NOCHE EN SU ZONA O BARRIO,18,AÑO,2022,3,DEPARTAMENTO,APURÍMAC,APURIMAC,percepcion_inseguridad_pct,2022,49.0,DEPARTAMENTO
48.8,PORCENTAJE DE PERCEPCIÓN DE INSEGURIDAD AL CAMINAR SOLO(A) DE NOCHE EN SU ZONA O BARRIO,19,AÑO,2022,18,DEPARTAMENTO,MOQUEGUA,MOQUEGUA,percepcion_inseguridad_pct,2022,48.8,DEPARTAMENTO
46.2,PORCENTAJE DE PERCEPCIÓN DE INSEGURIDAD AL CAMINAR SOLO(A) DE NOCHE EN SU ZONA O BARRIO,20,AÑO,2022,6,DEPARTAMENTO,CAJAMARCA,CAJAMARCA,percepcion_inseguridad_pct,2022,46.2,DEPARTAMENTO
42.1,PORCENTAJE DE PERCEPCIÓN DE INSEGURIDAD AL CAMINAR SOLO(A) DE NOCHE EN SU ZONA O BARRIO,21,AÑO,2022,9,DEPARTAMENTO,HUANCAVELICA,HUANCAVELICA,percepcion_inseguridad_pct,2022,42.1,DEPARTAMENTO
40.4,PORCENTAJE DE PERCEPCIÓN DE INSEGURIDAD AL CAMINAR SOLO(A) DE NOCHE EN SU ZONA O BARRIO,22,AÑO,2022,10,DEPARTAMENTO,HUÁNUCO,HUANUCO,percepcion_inseguridad_pct,2022,40.4,DEPARTAMENTO
39.4,PORCENTAJE DE PERCEPCIÓN DE INSEGURIDAD AL CAMINAR SOLO(A) DE NOCHE EN SU ZONA O BARRIO,23,AÑO,2022,19,DEPARTAMENTO,PASCO,PASCO,percepcion_inseguridad_pct,2022,39.4,DEPARTAMENTO
37.6,PORCENTAJE DE PERCEPCIÓN DE INSEGURIDAD AL CAMINAR SOLO(A) DE NOCHE EN SU ZONA O BARRIO,24,AÑO,2022,1,DEPARTAMENTO,AMAZONAS,AMAZONAS,percepcion_inseguridad_pct,2022,37.6,DEPARTAMENTO
37.5,PORCENTAJE DE PERCEPCIÓN DE INSEGURIDAD AL CAMINAR SOLO(A) DE NOCHE EN SU ZONA O BARRIO,25,AÑO,2022,2,DEPARTAMENTO,ÁNCASH,ANCASH,percepcion_inseguridad_pct,2022,37.5,DEPARTAMENTO
29.2,PORCENTAJE DE PERCEPCIÓN DE INSEGURIDAD AL CAMINAR SOLO(A) DE NOCHE EN SU ZONA O BARRIO,26,AÑO,2022,22,DEPARTAMENTO,SAN MARTÍN,SAN MARTIN,percepcion_inseguridad_pct,2022,29.2,DEPARTAMENTO
57.6,PORCENTAJE DE PERCEPCIÓN DE INSEGURIDAD AL CAMINAR SOLO(A) DE NOCHE EN SU ZONA O BARRIO,0,AÑO,2023,0,NACIONAL,NACIONAL,NACIONAL,percepcion_inseguridad_pct,2023,57.6,NACIONAL
75.0,PORCENTAJE DE PERCEPCIÓN DE INSEGURIDAD AL CAMINAR SOLO(A) DE NOCHE EN SU ZONA O BARRIO,1,AÑO,2023,17,DEPARTAMENTO,MADRE DE DIOS,MADRE DE DIOS,percepcion_inseguridad_pct,2023,75.0,DEPARTAMENTO
70.5,PORCENTAJE DE PERCEPCIÓN DE INSEGURIDAD AL CAMINAR SOLO(A) DE NOCHE EN SU ZONA O BARRIO,2,AÑO,2023,21,DEPARTAMENTO,PUNO,PUNO,percepcion_inseguridad_pct,2023,70.5,DEPARTAMENTO
65.2,PORCENTAJE DE PERCEPCIÓN DE INSEGURIDAD AL CAMINAR SOLO(A) DE NOCHE EN SU ZONA O BARRIO,3,AÑO,2023,4,DEPARTAMENTO,AREQUIPA,AREQUIPA,percepcion_inseguridad_pct,2023,65.2,DEPARTAMENTO
64.4,PORCENTAJE DE PERCEPCIÓN DE INSEGURIDAD AL CAMINAR SOLO(A) DE NOCHE EN SU ZONA O BARRIO,4,AÑO,2023,14,DEPARTAMENTO,LAMBAYEQUE,LAMBAYEQUE,percepcion_inseguridad_pct,2023,64.4,DEPARTAMENTO
63.0,PORCENTAJE DE PERCEPCIÓN DE INSEGURIDAD AL CAMINAR SOLO(A) DE NOCHE EN SU ZONA O BARRIO,5,AÑO,2023,20,DEPARTAMENTO,PIURA,PIURA,percepcion_inseguridad_pct,2023,63.0,DEPARTAMENTO
62.3,PORCENTAJE DE PERCEPCIÓN DE INSEGURIDAD AL CAMINAR SOLO(A) DE NOCHE EN SU ZONA O BARRIO,6,AÑO,2023,23,DEPARTAMENTO,TACNA,TACNA,percepcion_inseguridad_pct,2023,62.3,DEPARTAMENTO
62.3,PORCENTAJE DE PERCEPCIÓN DE INSEGURIDAD AL CAMINAR SOLO(A) DE NOCHE EN SU ZONA O BARRIO,7,AÑO,2023,1501,DEPARTAMENTO,LIMA METROPOLITANA,LIMA,percepcion_inseguridad_pct,2023,62.3,DEPARTAMENTO
62.1,PORCENTAJE DE PERCEPCIÓN DE INSEGURIDAD AL CAMINAR SOLO(A) DE NOCHE EN SU ZONA O BARRIO,8,AÑO,2023,11,DEPARTAMENTO,ICA,ICA,percepcion_inseguridad_pct,2023,62.1,DEPARTAMENTO
61.8,PORCENTAJE DE PERCEPCIÓN DE INSEGURIDAD AL CAMINAR SOLO(A) DE NOCHE EN SU ZONA O BARRIO,9,AÑO,2023,25,DEPARTAMENTO,UCAYALI,UCAYALI,percepcion_inseguridad_pct,2023,61.8,DEPARTAMENTO
59.1,PORCENTAJE DE PERCEPCIÓN DE INSEGURIDAD AL CAMINAR SOLO(A) DE NOCHE EN SU ZONA O BARRIO,10,AÑO,2023,12,DEPARTAMENTO,JUNÍN,JUNIN,percepcion_inseguridad_pct,2023,59.1,DEPARTAMENTO
57.8,PORCENTAJE DE PERCEPCIÓN DE INSEGURIDAD AL CAMINAR SOLO(A) DE NOCHE EN SU ZONA O BARRIO,11,AÑO,2023,7,DEPARTAMENTO,PROV. CONST. DEL CALLAO,CALLAO,percepcion_inseguridad_pct,2023,57.8,DEPARTAMENTO
57.7,PORCENTAJE DE PERCEPCIÓN DE INSEGURIDAD AL CAMINAR SOLO(A) DE NOCHE EN SU ZONA O BARRIO,12,AÑO,2023,13,DEPARTAMENTO,LA LIBERTAD,LA LIBERTAD,percepcion_inseguridad_pct,2023,57.7,DEPARTAMENTO
55.6,PORCENTAJE DE PERCEPCIÓN DE INSEGURIDAD AL CAMINAR SOLO(A) DE NOCHE EN SU ZONA O BARRIO,13,AÑO,2023,8,DEPARTAMENTO,CUSCO,CUSCO,percepcion_inseguridad_pct,2023,55.6,DEPARTAMENTO
51.4,PORCENTAJE DE PERCEPCIÓN DE INSEGURIDAD AL CAMINAR SOLO(A) DE NOCHE EN SU ZONA O BARRIO,14,AÑO,2023,6,DEPARTAMENTO,CAJAMARCA,CAJAMARCA,percepcion_inseguridad_pct,2023,51.4,DEPARTAMENTO
49.8,PORCENTAJE DE PERCEPCIÓN DE INSEGURIDAD AL CAMINAR SOLO(A) DE NOCHE EN SU ZONA O BARRIO,15,AÑO,2023,5,DEPARTAMENTO,AYACUCHO,AYACUCHO,percepcion_inseguridad_pct,2023,49.8,DEPARTAMENTO
49.6,PORCENTAJE DE PERCEPCIÓN DE INSEGURIDAD AL CAMINAR SOLO(A) DE NOCHE EN SU ZONA O BARRIO,16,AÑO,2023,1599,DEPARTAMENTO,REGIÓN LIMA,LIMA,percepcion_inseguridad_pct,2023,49.6,DEPARTAMENTO
48.3,PORCENTAJE DE PERCEPCIÓN DE INSEGURIDAD AL CAMINAR SOLO(A) DE NOCHE EN SU ZONA O BARRIO,17,AÑO,2023,24,DEPARTAMENTO,TUMBES,TUMBES,percepcion_inseguridad_pct,2023,48.3,DEPARTAMENTO
45.8,PORCENTAJE DE PERCEPCIÓN DE INSEGURIDAD AL CAMINAR SOLO(A) DE NOCHE EN SU ZONA O BARRIO,18,AÑO,2023,16,DEPARTAMENTO,LORETO,LORETO,percepcion_inseguridad_pct,2023,45.8,DEPARTAMENTO
43.2,PORCENTAJE DE PERCEPCIÓN DE INSEGURIDAD AL CAMINAR SOLO(A) DE NOCHE EN SU ZONA O BARRIO,19,AÑO,2023,18,DEPARTAMENTO,MOQUEGUA,MOQUEGUA,percepcion_inseguridad_pct,2023,43.2,DEPARTAMENTO
43.2,PORCENTAJE DE PERCEPCIÓN DE INSEGURIDAD AL CAMINAR SOLO(A) DE NOCHE EN SU ZONA O BARRIO,20,AÑO,2023,3,DEPARTAMENTO,APURÍMAC,APURIMAC,percepcion_inseguridad_pct,2023,43.2,DEPARTAMENTO
38.8,PORCENTAJE DE PERCEPCIÓN DE INSEGURIDAD AL CAMINAR SOLO(A) DE NOCHE EN SU ZONA O BARRIO,21,AÑO,2023,10,DEPARTAMENTO,HUÁNUCO,HUANUCO,percepcion_inseguridad_pct,2023,38.8,DEPARTAMENTO
37.0,PORCENTAJE DE PERCEPCIÓN DE INSEGURIDAD AL CAMINAR SOLO(A) DE NOCHE EN SU ZONA O BARRIO,22,AÑO,2023,19,DEPARTAMENTO,PASCO,PASCO,percepcion_inseguridad_pct,2023,37.0,DEPARTAMENTO
35.7,PORCENTAJE DE PERCEPCIÓN DE INSEGURIDAD AL CAMINAR SOLO(A) DE NOCHE EN SU ZONA O BARRIO,23,AÑO,2023,9,DEPARTAMENTO,HUANCAVELICA,HUANCAVELICA,percepcion_inseguridad_pct,2023,35.7,DEPARTAMENTO
28.8,PORCENTAJE DE PERCEPCIÓN DE INSEGURIDAD AL CAMINAR SOLO(A) DE NOCHE EN SU ZONA O BARRIO,24,AÑO,2023,2,DEPARTAMENTO,ÁNCASH,ANCASH,percepcion_inseguridad_pct,2023,28.8,DEPARTAMENTO
26.8,PORCENTAJE DE PERCEPCIÓN DE INSEGURIDAD AL CAMINAR SOLO(A) DE NOCHE EN SU ZONA O BARRIO,25,AÑO,2023,1,DEPARTAMENTO,AMAZONAS,AMAZONAS,percepcion_inseguridad_pct,2023,26.8,DEPARTAMENTO
26.1,PORCENTAJE DE PERCEPCIÓN DE INSEGURIDAD AL CAMINAR SOLO(A) DE NOCHE EN SU ZONA O BARRIO,26,AÑO,2023,22,DEPARTAMENTO,SAN MARTÍN,SAN MARTIN,percepcion_inseguridad_pct,2023,26.1,DEPARTAMENTO
56.6,PORCENTAJE DE PERCEPCIÓN DE INSEGURIDAD AL CAMINAR SOLO(A) DE NOCHE EN SU ZONA O BARRIO,0,AÑO,2024,0,NACIONAL,NACIONAL,NACIONAL,percepcion_inseguridad_pct,2024,56.6,NACIONAL
76.7,PORCENTAJE DE PERCEPCIÓN DE INSEGURIDAD AL CAMINAR SOLO(A) DE NOCHE EN SU ZONA O BARRIO,1,AÑO,2024,21,DEPARTAMENTO,PUNO,PUNO,percepcion_inseguridad_pct,2024,76.7,DEPARTAMENTO
74.4,PORCENTAJE DE PERCEPCIÓN DE INSEGURIDAD AL CAMINAR SOLO(A) DE NOCHE EN SU ZONA O BARRIO,2,AÑO,2024,17,DEPARTAMENTO,MADRE DE DIOS,MADRE DE DIOS,percepcion_inseguridad_pct,2024,74.4,DEPARTAMENTO
65.3,PORCENTAJE DE PERCEPCIÓN DE INSEGURIDAD AL CAMINAR SOLO(A) DE NOCHE EN SU ZONA O BARRIO,3,AÑO,2024,4,DEPARTAMENTO,AREQUIPA,AREQUIPA,percepcion_inseguridad_pct,2024,65.3,DEPARTAMENTO
64.6,PORCENTAJE DE PERCEPCIÓN DE INSEGURIDAD AL CAMINAR SOLO(A) DE NOCHE EN SU ZONA O BARRIO,4,AÑO,2024,11,DEPARTAMENTO,ICA,ICA,percepcion_inseguridad_pct,2024,64.6,DEPARTAMENTO
61.4,PORCENTAJE DE PERCEPCIÓN DE INSEGURIDAD AL CAMINAR SOLO(A) DE NOCHE EN SU ZONA O BARRIO,5,AÑO,2024,20,DEPARTAMENTO,PIURA,PIURA,percepcion_inseguridad_pct,2024,61.4,DEPARTAMENTO
61.2,PORCENTAJE DE PERCEPCIÓN DE INSEGURIDAD AL CAMINAR SOLO(A) DE NOCHE EN SU ZONA O BARRIO,6,AÑO,2024,1501,DEPARTAMENTO,LIMA METROPOLITANA,LIMA,percepcion_inseguridad_pct,2024,61.2,DEPARTAMENTO
60.8,PORCENTAJE DE PERCEPCIÓN DE INSEGURIDAD AL CAMINAR SOLO(A) DE NOCHE EN SU ZONA O BARRIO,7,AÑO,2024,7,DEPARTAMENTO,PROV. CONST. DEL CALLAO,CALLAO,percepcion_inseguridad_pct,2024,60.8,DEPARTAMENTO
60.7,PORCENTAJE DE PERCEPCIÓN DE INSEGURIDAD AL CAMINAR SOLO(A) DE NOCHE EN SU ZONA O BARRIO,8,AÑO,2024,23,DEPARTAMENTO,TACNA,TACNA,percepcion_inseguridad_pct,2024,60.7,DEPARTAMENTO
59.2,PORCENTAJE DE PERCEPCIÓN DE INSEGURIDAD AL CAMINAR SOLO(A) DE NOCHE EN SU ZONA O BARRIO,9,AÑO,2024,13,DEPARTAMENTO,LA LIBERTAD,LA LIBERTAD,percepcion_inseguridad_pct,2024,59.2,DEPARTAMENTO
58.2,PORCENTAJE DE PERCEPCIÓN DE INSEGURIDAD AL CAMINAR SOLO(A) DE NOCHE EN SU ZONA O BARRIO,10,AÑO,2024,25,DEPARTAMENTO,UCAYALI,UCAYALI,percepcion_inseguridad_pct,2024,58.2,DEPARTAMENTO
57.5,PORCENTAJE DE PERCEPCIÓN DE INSEGURIDAD AL CAMINAR SOLO(A) DE NOCHE EN SU ZONA O BARRIO,11,AÑO,2024,12,DEPARTAMENTO,JUNÍN,JUNIN,percepcion_inseguridad_pct,2024,57.5,DEPARTAMENTO
56.0,PORCENTAJE DE PERCEPCIÓN DE INSEGURIDAD AL CAMINAR SOLO(A) DE NOCHE EN SU ZONA O BARRIO,12,AÑO,2024,14,DEPARTAMENTO,LAMBAYEQUE,LAMBAYEQUE,percepcion_inseguridad_pct,2024,56.0,DEPARTAMENTO
50.9,PORCENTAJE DE PERCEPCIÓN DE INSEGURIDAD AL CAMINAR SOLO(A) DE NOCHE EN SU ZONA O BARRIO,13,AÑO,2024,5,DEPARTAMENTO,AYACUCHO,AYACUCHO,percepcion_inseguridad_pct,2024,50.9,DEPARTAMENTO
50.1,PORCENTAJE DE PERCEPCIÓN DE INSEGURIDAD AL CAMINAR SOLO(A) DE NOCHE EN SU ZONA O BARRIO,14,AÑO,2024,1599,DEPARTAMENTO,REGIÓN LIMA,LIMA,percepcion_inseguridad_pct,2024,50.1,DEPARTAMENTO
49.8,PORCENTAJE DE PERCEPCIÓN DE INSEGURIDAD AL CAMINAR SOLO(A) DE NOCHE EN SU ZONA O BARRIO,15,AÑO,2024,8,DEPARTAMENTO,CUSCO,CUSCO,percepcion_inseguridad_pct,2024,49.8,DEPARTAMENTO
46.5,PORCENTAJE DE PERCEPCIÓN DE INSEGURIDAD AL CAMINAR SOLO(A) DE NOCHE EN SU ZONA O BARRIO,16,AÑO,2024,18,DEPARTAMENTO,MOQUEGUA,MOQUEGUA,percepcion_inseguridad_pct,2024,46.5,DEPARTAMENTO
46.3,PORCENTAJE DE PERCEPCIÓN DE INSEGURIDAD AL CAMINAR SOLO(A) DE NOCHE EN SU ZONA O BARRIO,17,AÑO,2024,6,DEPARTAMENTO,CAJAMARCA,CAJAMARCA,percepcion_inseguridad_pct,2024,46.3,DEPARTAMENTO
45.7,PORCENTAJE DE PERCEPCIÓN DE INSEGURIDAD AL CAMINAR SOLO(A) DE NOCHE EN SU ZONA O BARRIO,18,AÑO,2024,3,DEPARTAMENTO,APURÍMAC,APURIMAC,percepcion_inseguridad_pct,2024,45.7,DEPARTAMENTO
44.2,PORCENTAJE DE PERCEPCIÓN DE INSEGURIDAD AL CAMINAR SOLO(A) DE NOCHE EN SU ZONA O BARRIO,19,AÑO,2024,16,DEPARTAMENTO,LORETO,LORETO,percepcion_inseguridad_pct,2024,44.2,DEPARTAMENTO
42.8,PORCENTAJE DE PERCEPCIÓN DE INSEGURIDAD AL CAMINAR SOLO(A) DE NOCHE EN SU ZONA O BARRIO,20,AÑO,2024,24,DEPARTAMENTO,TUMBES,TUMBES,percepcion_inseguridad_pct,2024,42.8,DEPARTAMENTO
41.9,PORCENTAJE DE PERCEPCIÓN DE INSEGURIDAD AL CAMINAR SOLO(A) DE NOCHE EN SU ZONA O BARRIO,21,AÑO,2024,10,DEPARTAMENTO,HUÁNUCO,HUANUCO,percepcion_inseguridad_pct,2024,41.9,DEPARTAMENTO
39.9,PORCENTAJE DE PERCEPCIÓN DE INSEGURIDAD AL CAMINAR SOLO(A) DE NOCHE EN SU ZONA O BARRIO,22,AÑO,2024,19,DEPARTAMENTO,PASCO,PASCO,percepcion_inseguridad_pct,2024,39.9,DEPARTAMENTO
33.1,PORCENTAJE DE PERCEPCIÓN DE INSEGURIDAD AL CAMINAR SOLO(A) DE NOCHE EN SU ZONA O BARRIO,23,AÑO,2024,9,DEPARTAMENTO,HUANCAVELICA,HUANCAVELICA,percepcion_inseguridad_pct,2024,33.1,DEPARTAMENTO
31.4,PORCENTAJE DE PERCEPCIÓN DE INSEGURIDAD AL CAMINAR SOLO(A) DE NOCHE EN SU ZONA O BARRIO,24,AÑO,2024,2,DEPARTAMENTO,ÁNCASH,ANCASH,percepcion_inseguridad_pct,2024,31.4,DEPARTAMENTO
25.6,PORCENTAJE DE PERCEPCIÓN DE INSEGURIDAD AL CAMINAR SOLO(A) DE NOCHE EN SU ZONA O BARRIO,25,AÑO,2024,1,DEPARTAMENTO,AMAZONAS,AMAZONAS,percepcion_inseguridad_pct,2024,25.6,DEPARTAMENTO
23.1,PORCENTAJE DE PERCEPCIÓN DE INSEGURIDAD AL CAMINAR SOLO(A) DE NOCHE EN SU ZONA O BARRIO,26,AÑO,2024,22,DEPARTAMENTO,SAN MARTÍN,SAN MARTIN,percepcion_inseguridad_pct,2024,23.1,DEPARTAMENTO
46.3,PORCENTAJE DE VICTIMIZACIÓN,1,AÑO,2013,23,DEPARTAMENTO,TACNA,TACNA,victimizacion_pct,2013,46.3,DEPARTAMENTO
42.7,PORCENTAJE DE VICTIMIZACIÓN,2,AÑO,2013,8,DEPARTAMENTO,CUSCO,CUSCO,victimizacion_pct,2013,42.7,DEPARTAMENTO
41.2,PORCENTAJE DE VICTIMIZACIÓN,3,AÑO,2013,12,DEPARTAMENTO,JUNÍN,JUNIN,victimizacion_pct,2013,41.2,DEPARTAMENTO
40.4,PORCENTAJE DE VICTIMIZACIÓN,4,AÑO,2013,1501,DEPARTAMENTO,LIMA METROPOLITANA,LIMA,victimizacion_pct,2013,40.4,DEPARTAMENTO
38.9,PORCENTAJE DE VICTIMIZACIÓN,5,AÑO,2013,7,DEPARTAMENTO,PROV. CONST. DEL CALLAO,CALLAO,victimizacion_pct,2013,38.9,DEPARTAMENTO
37.8,PORCENTAJE DE VICTIMIZACIÓN,6,AÑO,2013,9,DEPARTAMENTO,HUANCAVELICA,HUANCAVELICA,victimizacion_pct,2013,37.8,DEPARTAMENTO
37.6,PORCENTAJE DE VICTIMIZACIÓN,7,AÑO,2013,2,DEPARTAMENTO,ÁNCASH,ANCASH,victimizacion_pct,2013,37.6,DEPARTAMENTO
37.4,PORCENTAJE DE VICTIMIZACIÓN,8,AÑO,2013,21,DEPARTAMENTO,PUNO,PUNO,victimizacion_pct,2013,37.4,DEPARTAMENTO
36.3,PORCENTAJE DE VICTIMIZACIÓN,9,AÑO,2013,3,DEPARTAMENTO,APURÍMAC,APURIMAC,victimizacion_pct,2013,36.3,DEPARTAMENTO
35.0,PORCENTAJE DE VICTIMIZACIÓN,10,AÑO,2013,4,DEPARTAMENTO,AREQUIPA,AREQUIPA,victimizacion_pct,2013,35.0,DEPARTAMENTO
34.2,PORCENTAJE DE VICTIMIZACIÓN,11,AÑO,2013,19,DEPARTAMENTO,PASCO,PASCO,victimizacion_pct,2013,34.2,DEPARTAMENTO
34.0,PORCENTAJE DE VICTIMIZACIÓN,12,AÑO,2013,1599,DEPARTAMENTO,REGIÓN LIMA,LIMA,victimizacion_pct,2013,34.0,DEPARTAMENTO
33.9,PORCENTAJE DE VICTIMIZACIÓN,13,AÑO,2013,13,DEPARTAMENTO,LA LIBERTAD,LA LIBERTAD,victimizacion_pct,2013,33.9,DEPARTAMENTO
32.7,PORCENTAJE DE VICTIMIZACIÓN,14,AÑO,2013,24,DEPARTAMENTO,TUMBES,TUMBES,victimizacion_pct,2013,32.7,DEPARTAMENTO
31.6,PORCENTAJE DE VICTIMIZACIÓN,15,AÑO,2013,25,DEPARTAMENTO,UCAYALI,UCAYALI,victimizacion_pct,2013,31.6,DEPARTAMENTO
31.3,PORCENTAJE DE VICTIMIZACIÓN,16,AÑO,2013,18,DEPARTAMENTO,MOQUEGUA,MOQUEGUA,victimizacion_pct,2013,31.3,DEPARTAMENTO
31.1,PORCENTAJE DE VICTIMIZACIÓN,17,AÑO,2013,20,DEPARTAMENTO,PIURA,PIURA,victimizacion_pct,2013,31.1,DEPARTAMENTO
30.8,PORCENTAJE DE VICTIMIZACIÓN,18,AÑO,2013,10,DEPARTAMENTO,HUÁNUCO,HUANUCO,victimizacion_pct,2013,30.8,DEPARTAMENTO
30.2,PORCENTAJE DE VICTIMIZACIÓN,19,AÑO,2013,16,DEPARTAMENTO,LORETO,LORETO,victimizacion_pct,2013,30.2,DEPARTAMENTO
29.1,PORCENTAJE DE VICTIMIZACIÓN,20,AÑO,2013,17,DEPARTAMENTO,MADRE DE DIOS,MADRE DE DIOS,victimizacion_pct,2013,29.1,DEPARTAMENTO
27.9,PORCENTAJE DE VICTIMIZACIÓN,21,AÑO,2013,11,DEPARTAMENTO,ICA,ICA,victimizacion_pct,2013,27.9,DEPARTAMENTO
26.9,PORCENTAJE DE VICTIMIZACIÓN,22,AÑO,2013,5,DEPARTAMENTO,AYACUCHO,AYACUCHO,victimizacion_pct,2013,26.9,DEPARTAMENTO
26.8,PORCENTAJE DE VICTIMIZACIÓN,23,AÑO,2013,6,DEPARTAMENTO,CAJAMARCA,CAJAMARCA,victimizacion_pct,2013,26.8,DEPARTAMENTO
22.2,PORCENTAJE DE VICTIMIZACIÓN,24,AÑO,2013,14,DEPARTAMENTO,LAMBAYEQUE,LAMBAYEQUE,victimizacion_pct,2013,22.2,DEPARTAMENTO
21.0,PORCENTAJE DE VICTIMIZACIÓN,25,AÑO,2013,22,DEPARTAMENTO,SAN MARTÍN,SAN MARTIN,victimizacion_pct,2013,21.0,DEPARTAMENTO
19.6,PORCENTAJE DE VICTIMIZACIÓN,26,AÑO,2013,1,DEPARTAMENTO,AMAZONAS,AMAZONAS,victimizacion_pct,2013,19.6,DEPARTAMENTO
30.5,PORCENTAJE DE VICTIMIZACIÓN,0,AÑO,2014,0,NACIONAL,NACIONAL,NACIONAL,victimizacion_pct,2014,30.5,NACIONAL
39.2,PORCENTAJE DE VICTIMIZACIÓN,1,AÑO,2014,12,DEPARTAMENTO,JUNÍN,JUNIN,victimizacion_pct,2014,39.2,DEPARTAMENTO
39.2,PORCENTAJE DE VICTIMIZACIÓN,1,AÑO,2014,23,DEPARTAMENTO,TACNA,TACNA,victimizacion_pct,2014,39.2,DEPARTAMENTO
37.3,PORCENTAJE DE VICTIMIZACIÓN,3,AÑO,2014,21,DEPARTAMENTO,PUNO,PUNO,victimizacion_pct,2014,37.3,DEPARTAMENTO
34.7,PORCENTAJE DE VICTIMIZACIÓN,4,AÑO,2014,8,DEPARTAMENTO,CUSCO,CUSCO,victimizacion_pct,2014,34.7,DEPARTAMENTO
34.2,PORCENTAJE DE VICTIMIZACIÓN,5,AÑO,2014,1501,DEPARTAMENTO,LIMA METROPOLITANA,LIMA,victimizacion_pct,2014,34.2,DEPARTAMENTO
31.2,PORCENTAJE DE VICTIMIZACIÓN,6,AÑO,2014,4,DEPARTAMENTO,AREQUIPA,AREQUIPA,victimizacion_pct,2014,31.2,DEPARTAMENTO
30.6,PORCENTAJE DE VICTIMIZACIÓN,7,AÑO,2014,7,DEPARTAMENTO,PROV. CONST. DEL CALLAO,CALLAO,victimizacion_pct,2014,30.6,DEPARTAMENTO
30.2,PORCENTAJE DE VICTIMIZACIÓN,8,AÑO,2014,9,DEPARTAMENTO,HUANCAVELICA,HUANCAVELICA,victimizacion_pct,2014,30.2,DEPARTAMENTO
30.2,PORCENTAJE DE VICTIMIZACIÓN,8,AÑO,2014,1599,DEPARTAMENTO,REGIÓN LIMA,LIMA,victimizacion_pct,2014,30.2,DEPARTAMENTO
29.9,PORCENTAJE DE VICTIMIZACIÓN,10,AÑO,2014,13,DEPARTAMENTO,LA LIBERTAD,LA LIBERTAD,victimizacion_pct,2014,29.9,DEPARTAMENTO
29.3,PORCENTAJE DE VICTIMIZACIÓN,11,AÑO,2014,2,DEPARTAMENTO,ÁNCASH,ANCASH,victimizacion_pct,2014,29.3,DEPARTAMENTO
28.3,PORCENTAJE DE VICTIMIZACIÓN,12,AÑO,2014,3,DEPARTAMENTO,APURÍMAC,APURIMAC,victimizacion_pct,2014,28.3,DEPARTAMENTO
27.2,PORCENTAJE DE VICTIMIZACIÓN,13,AÑO,2014,19,DEPARTAMENTO,PASCO,PASCO,victimizacion_pct,2014,27.2,DEPARTAMENTO
26.4,PORCENTAJE DE VICTIMIZACIÓN,14,AÑO,2014,16,DEPARTAMENTO,LORETO,LORETO,victimizacion_pct,2014,26.4,DEPARTAMENTO
25.6,PORCENTAJE DE VICTIMIZACIÓN,15,AÑO,2014,10,DEPARTAMENTO,HUÁNUCO,HUANUCO,victimizacion_pct,2014,25.6,DEPARTAMENTO
25.5,PORCENTAJE DE VICTIMIZACIÓN,16,AÑO,2014,18,DEPARTAMENTO,MOQUEGUA,MOQUEGUA,victimizacion_pct,2014,25.5,DEPARTAMENTO
25.1,PORCENTAJE DE VICTIMIZACIÓN,17,AÑO,2014,25,DEPARTAMENTO,UCAYALI,UCAYALI,victimizacion_pct,2014,25.1,DEPARTAMENTO
25.0,PORCENTAJE DE VICTIMIZACIÓN,18,AÑO,2014,17,DEPARTAMENTO,MADRE DE DIOS,MADRE DE DIOS,victimizacion_pct,2014,25.0,DEPARTAMENTO
24.7,PORCENTAJE DE VICTIMIZACIÓN,19,AÑO,2014,6,DEPARTAMENTO,CAJAMARCA,CAJAMARCA,victimizacion_pct,2014,24.7,DEPARTAMENTO
23.2,PORCENTAJE DE VICTIMIZACIÓN,20,AÑO,2014,20,DEPARTAMENTO,PIURA,PIURA,victimizacion_pct,2014,23.2,DEPARTAMENTO
23.1,PORCENTAJE DE VICTIMIZACIÓN,21,AÑO,2014,24,DEPARTAMENTO,TUMBES,TUMBES,victimizacion_pct,2014,23.1,DEPARTAMENTO
21.8,PORCENTAJE DE VICTIMIZACIÓN,22,AÑO,2014,5,DEPARTAMENTO,AYACUCHO,AYACUCHO,victimizacion_pct,2014,21.8,DEPARTAMENTO
21.4,PORCENTAJE DE VICTIMIZACIÓN,23,AÑO,2014,11,DEPARTAMENTO,ICA,ICA,victimizacion_pct,2014,21.4,DEPARTAMENTO
19.9,PORCENTAJE DE VICTIMIZACIÓN,24,AÑO,2014,14,DEPARTAMENTO,LAMBAYEQUE,LAMBAYEQUE,victimizacion_pct,2014,19.9,DEPARTAMENTO
19.3,PORCENTAJE DE VICTIMIZACIÓN,25,AÑO,2014,22,DEPARTAMENTO,SAN MARTÍN,SAN MARTIN,victimizacion_pct,2014,19.3,DEPARTAMENTO
18.8,PORCENTAJE DE VICTIMIZACIÓN,26,AÑO,2014,1,DEPARTAMENTO,AMAZONAS,AMAZONAS,victimizacion_pct,2014,18.8,DEPARTAMENTO
30.8,PORCENTAJE DE VICTIMIZACIÓN,0,AÑO,2015,0,NACIONAL,NACIONAL,NACIONAL,victimizacion_pct,2015,30.8,NACIONAL
39.7,PORCENTAJE DE VICTIMIZACIÓN,1,AÑO,2015,21,DEPARTAMENTO,PUNO,PUNO,victimizacion_pct,2015,39.7,DEPARTAMENTO
38.8,PORCENTAJE DE VICTIMIZACIÓN,2,AÑO,2015,8,DEPARTAMENTO,CUSCO,CUSCO,victimizacion_pct,2015,38.8,DEPARTAMENTO
35.5,PORCENTAJE DE VICTIMIZACIÓN,3,AÑO,2015,12,DEPARTAMENTO,JUNÍN,JUNIN,victimizacion_pct,2015,35.5,DEPARTAMENTO
35.2,PORCENTAJE DE VICTIMIZACIÓN,4,AÑO,2015,23,DEPARTAMENTO,TACNA,TACNA,victimizacion_pct,2015,35.2,DEPARTAMENTO
34.6,PORCENTAJE DE VICTIMIZACIÓN,5,AÑO,2015,1501,DEPARTAMENTO,LIMA METROPOLITANA,LIMA,victimizacion_pct,2015,34.6,DEPARTAMENTO
33.4,PORCENTAJE DE VICTIMIZACIÓN,6,AÑO,2015,2,DEPARTAMENTO,ÁNCASH,ANCASH,victimizacion_pct,2015,33.4,DEPARTAMENTO
33.0,PORCENTAJE DE VICTIMIZACIÓN,7,AÑO,2015,9,DEPARTAMENTO,HUANCAVELICA,HUANCAVELICA,victimizacion_pct,2015,33.0,DEPARTAMENTO
32.4,PORCENTAJE DE VICTIMIZACIÓN,8,AÑO,2015,7,DEPARTAMENTO,PROV. CONST. DEL CALLAO,CALLAO,victimizacion_pct,2015,32.4,DEPARTAMENTO
32.1,PORCENTAJE DE VICTIMIZACIÓN,9,AÑO,2015,4,DEPARTAMENTO,AREQUIPA,AREQUIPA,victimizacion_pct,2015,32.1,DEPARTAMENTO
30.4,PORCENTAJE DE VICTIMIZACIÓN,10,AÑO,2015,13,DEPARTAMENTO,LA LIBERTAD,LA LIBERTAD,victimizacion_pct,2015,30.4,DEPARTAMENTO
29.4,PORCENTAJE DE VICTIMIZACIÓN,11,AÑO,2015,1599,DEPARTAMENTO,REGIÓN LIMA,LIMA,victimizacion_pct,2015,29.4,DEPARTAMENTO
28.3,PORCENTAJE DE VICTIMIZACIÓN,12,AÑO,2015,3,DEPARTAMENTO,APURÍMAC,APURIMAC,victimizacion_pct,2015,28.3,DEPARTAMENTO
28.2,PORCENTAJE DE VICTIMIZACIÓN,13,AÑO,2015,17,DEPARTAMENTO,MADRE DE DIOS,MADRE DE DIOS,victimizacion_pct,2015,28.2,DEPARTAMENTO
28.0,PORCENTAJE DE VICTIMIZACIÓN,14,AÑO,2015,20,DEPARTAMENTO,PIURA,PIURA,victimizacion_pct,2015,28.0,DEPARTAMENTO
26.5,PORCENTAJE DE VICTIMIZACIÓN,15,AÑO,2015,18,DEPARTAMENTO,MOQUEGUA,MOQUEGUA,victimizacion_pct,2015,26.5,DEPARTAMENTO
25.5,PORCENTAJE DE VICTIMIZACIÓN,16,AÑO,2015,25,DEPARTAMENTO,UCAYALI,UCAYALI,victimizacion_pct,2015,25.5,DEPARTAMENTO
24.8,PORCENTAJE DE VICTIMIZACIÓN,17,AÑO,2015,19,DEPARTAMENTO,PASCO,PASCO,victimizacion_pct,2015,24.8,DEPARTAMENTO
22.7,PORCENTAJE DE VICTIMIZACIÓN,18,AÑO,2015,11,DEPARTAMENTO,ICA,ICA,victimizacion_pct,2015,22.7,DEPARTAMENTO
22.6,PORCENTAJE DE VICTIMIZACIÓN,19,AÑO,2015,10,DEPARTAMENTO,HUÁNUCO,HUANUCO,victimizacion_pct,2015,22.6,DEPARTAMENTO
21.4,PORCENTAJE DE VICTIMIZACIÓN,20,AÑO,2015,16,DEPARTAMENTO,LORETO,LORETO,victimizacion_pct,2015,21.4,DEPARTAMENTO
21.1,PORCENTAJE DE VICTIMIZACIÓN,21,AÑO,2015,5,DEPARTAMENTO,AYACUCHO,AYACUCHO,victimizacion_pct,2015,21.1,DEPARTAMENTO
20.1,PORCENTAJE DE VICTIMIZACIÓN,22,AÑO,2015,14,DEPARTAMENTO,LAMBAYEQUE,LAMBAYEQUE,victimizacion_pct,2015,20.1,DEPARTAMENTO
19.7,PORCENTAJE DE VICTIMIZACIÓN,23,AÑO,2015,6,DEPARTAMENTO,CAJAMARCA,CAJAMARCA,victimizacion_pct,2015,19.7,DEPARTAMENTO
18.3,PORCENTAJE DE VICTIMIZACIÓN,24,AÑO,2015,24,DEPARTAMENTO,TUMBES,TUMBES,victimizacion_pct,2015,18.3,DEPARTAMENTO
16.8,PORCENTAJE DE VICTIMIZACIÓN,25,AÑO,2015,1,DEPARTAMENTO,AMAZONAS,AMAZONAS,victimizacion_pct,2015,16.8,DEPARTAMENTO
13.5,PORCENTAJE DE VICTIMIZACIÓN,26,AÑO,2015,22,DEPARTAMENTO,SAN MARTÍN,SAN MARTIN,victimizacion_pct,2015,13.5,DEPARTAMENTO
28.8,PORCENTAJE DE VICTIMIZACIÓN,0,AÑO,2016,0,NACIONAL,NACIONAL,NACIONAL,victimizacion_pct,2016,28.8,NACIONAL
44.0,PORCENTAJE DE VICTIMIZACIÓN,1,AÑO,2016,8,DEPARTAMENTO,CUSCO,CUSCO,victimizacion_pct,2016,44.0,DEPARTAMENTO
37.9,PORCENTAJE DE VICTIMIZACIÓN,2,AÑO,2016,23,DEPARTAMENTO,TACNA,TACNA,victimizacion_pct,2016,37.9,DEPARTAMENTO
35.4,PORCENTAJE DE VICTIMIZACIÓN,3,AÑO,2016,9,DEPARTAMENTO,HUANCAVELICA,HUANCAVELICA,victimizacion_pct,2016,35.4,DEPARTAMENTO
35.4,PORCENTAJE DE VICTIMIZACIÓN,3,AÑO,2016,17,DEPARTAMENTO,MADRE DE DIOS,MADRE DE DIOS,victimizacion_pct,2016,35.4,DEPARTAMENTO
35.0,PORCENTAJE DE VICTIMIZACIÓN,5,AÑO,2016,12,DEPARTAMENTO,JUNÍN,JUNIN,victimizacion_pct,2016,35.0,DEPARTAMENTO
34.2,PORCENTAJE DE VICTIMIZACIÓN,6,AÑO,2016,21,DEPARTAMENTO,PUNO,PUNO,victimizacion_pct,2016,34.2,DEPARTAMENTO
31.4,PORCENTAJE DE VICTIMIZACIÓN,7,AÑO,2016,2,DEPARTAMENTO,ÁNCASH,ANCASH,victimizacion_pct,2016,31.4,DEPARTAMENTO
31.1,PORCENTAJE DE VICTIMIZACIÓN,8,AÑO,2016,7,DEPARTAMENTO,PROV. CONST. DEL CALLAO,CALLAO,victimizacion_pct,2016,31.1,DEPARTAMENTO
30.8,PORCENTAJE DE VICTIMIZACIÓN,9,AÑO,2016,1501,DEPARTAMENTO,LIMA METROPOLITANA,LIMA,victimizacion_pct,2016,30.8,DEPARTAMENTO
29.8,PORCENTAJE DE VICTIMIZACIÓN,10,AÑO,2016,13,DEPARTAMENTO,LA LIBERTAD,LA LIBERTAD,victimizacion_pct,2016,29.8,DEPARTAMENTO
28.0,PORCENTAJE DE VICTIMIZACIÓN,11,AÑO,2016,4,DEPARTAMENTO,AREQUIPA,AREQUIPA,victimizacion_pct,2016,28.0,DEPARTAMENTO
27.8,PORCENTAJE DE VICTIMIZACIÓN,12,AÑO,2016,5,DEPARTAMENTO,AYACUCHO,AYACUCHO,victimizacion_pct,2016,27.8,DEPARTAMENTO
27.0,PORCENTAJE DE VICTIMIZACIÓN,13,AÑO,2016,19,DEPARTAMENTO,PASCO,PASCO,victimizacion_pct,2016,27.0,DEPARTAMENTO
25.3,PORCENTAJE DE VICTIMIZACIÓN,14,AÑO,2016,16,DEPARTAMENTO,LORETO,LORETO,victimizacion_pct,2016,25.3,DEPARTAMENTO
25.1,PORCENTAJE DE VICTIMIZACIÓN,15,AÑO,2016,20,DEPARTAMENTO,PIURA,PIURA,victimizacion_pct,2016,25.1,DEPARTAMENTO
24.7,PORCENTAJE DE VICTIMIZACIÓN,16,AÑO,2016,1599,DEPARTAMENTO,REGIÓN LIMA,LIMA,victimizacion_pct,2016,24.7,DEPARTAMENTO
23.8,PORCENTAJE DE VICTIMIZACIÓN,17,AÑO,2016,3,DEPARTAMENTO,APURÍMAC,APURIMAC,victimizacion_pct,2016,23.8,DEPARTAMENTO
23.5,PORCENTAJE DE VICTIMIZACIÓN,18,AÑO,2016,11,DEPARTAMENTO,ICA,ICA,victimizacion_pct,2016,23.5,DEPARTAMENTO
22.7,PORCENTAJE DE VICTIMIZACIÓN,19,AÑO,2016,25,DEPARTAMENTO,UCAYALI,UCAYALI,victimizacion_pct,2016,22.7,DEPARTAMENTO
22.0,PORCENTAJE DE VICTIMIZACIÓN,20,AÑO,2016,6,DEPARTAMENTO,CAJAMARCA,CAJAMARCA,victimizacion_pct,2016,22.0,DEPARTAMENTO
20.3,PORCENTAJE DE VICTIMIZACIÓN,21,AÑO,2016,10,DEPARTAMENTO,HUÁNUCO,HUANUCO,victimizacion_pct,2016,20.3,DEPARTAMENTO
19.4,PORCENTAJE DE VICTIMIZACIÓN,22,AÑO,2016,22,DEPARTAMENTO,SAN MARTÍN,SAN MARTIN,victimizacion_pct,2016,19.4,DEPARTAMENTO
19.3,PORCENTAJE DE VICTIMIZACIÓN,23,AÑO,2016,18,DEPARTAMENTO,MOQUEGUA,MOQUEGUA,victimizacion_pct,2016,19.3,DEPARTAMENTO
17.6,PORCENTAJE DE VICTIMIZACIÓN,24,AÑO,2016,24,DEPARTAMENTO,TUMBES,TUMBES,victimizacion_pct,2016,17.6,DEPARTAMENTO
17.4,PORCENTAJE DE VICTIMIZACIÓN,25,AÑO,2016,14,DEPARTAMENTO,LAMBAYEQUE,LAMBAYEQUE,victimizacion_pct,2016,17.4,DEPARTAMENTO
15.5,PORCENTAJE DE VICTIMIZACIÓN,26,AÑO,2016,1,DEPARTAMENTO,AMAZONAS,AMAZONAS,victimizacion_pct,2016,15.5,DEPARTAMENTO
26.4,PORCENTAJE DE VICTIMIZACIÓN,0,AÑO,2017,0,NACIONAL,NACIONAL,NACIONAL,victimizacion_pct,2017,26.4,NACIONAL
44.6,PORCENTAJE DE VICTIMIZACIÓN,1,AÑO,2017,23,DEPARTAMENTO,TACNA,TACNA,victimizacion_pct,2017,44.6,DEPARTAMENTO
38.4,PORCENTAJE DE VICTIMIZACIÓN,2,AÑO,2017,8,DEPARTAMENTO,CUSCO,CUSCO,victimizacion_pct,2017,38.4,DEPARTAMENTO
35.2,PORCENTAJE DE VICTIMIZACIÓN,3,AÑO,2017,21,DEPARTAMENTO,PUNO,PUNO,victimizacion_pct,2017,35.2,DEPARTAMENTO
33.6,PORCENTAJE DE VICTIMIZACIÓN,4,AÑO,2017,12,DEPARTAMENTO,JUNÍN,JUNIN,victimizacion_pct,2017,33.6,DEPARTAMENTO
29.1,PORCENTAJE DE VICTIMIZACIÓN,5,AÑO,2017,1501,DEPARTAMENTO,LIMA METROPOLITANA,LIMA,victimizacion_pct,2017,29.1,DEPARTAMENTO
28.8,PORCENTAJE DE VICTIMIZACIÓN,6,AÑO,2017,7,DEPARTAMENTO,PROV. CONST. DEL CALLAO,CALLAO,victimizacion_pct,2017,28.8,DEPARTAMENTO
28.3,PORCENTAJE DE VICTIMIZACIÓN,7,AÑO,2017,17,DEPARTAMENTO,MADRE DE DIOS,MADRE DE DIOS,victimizacion_pct,2017,28.3,DEPARTAMENTO
27.8,PORCENTAJE DE VICTIMIZACIÓN,8,AÑO,2017,5,DEPARTAMENTO,AYACUCHO,AYACUCHO,victimizacion_pct,2017,27.8,DEPARTAMENTO
27.1,PORCENTAJE DE VICTIMIZACIÓN,9,AÑO,2017,9,DEPARTAMENTO,HUANCAVELICA,HUANCAVELICA,victimizacion_pct,2017,27.1,DEPARTAMENTO
27.0,PORCENTAJE DE VICTIMIZACIÓN,10,AÑO,2017,4,DEPARTAMENTO,AREQUIPA,AREQUIPA,victimizacion_pct,2017,27.0,DEPARTAMENTO
25.2,PORCENTAJE DE VICTIMIZACIÓN,11,AÑO,2017,13,DEPARTAMENTO,LA LIBERTAD,LA LIBERTAD,victimizacion_pct,2017,25.2,DEPARTAMENTO
23.0,PORCENTAJE DE VICTIMIZACIÓN,12,AÑO,2017,2,DEPARTAMENTO,ÁNCASH,ANCASH,victimizacion_pct,2017,23.0,DEPARTAMENTO
22.4,PORCENTAJE DE VICTIMIZACIÓN,13,AÑO,2017,3,DEPARTAMENTO,APURÍMAC,APURIMAC,victimizacion_pct,2017,22.4,DEPARTAMENTO
22.4,PORCENTAJE DE VICTIMIZACIÓN,13,AÑO,2017,1599,DEPARTAMENTO,REGIÓN LIMA,LIMA,victimizacion_pct,2017,22.4,DEPARTAMENTO
21.6,PORCENTAJE DE VICTIMIZACIÓN,15,AÑO,2017,16,DEPARTAMENTO,LORETO,LORETO,victimizacion_pct,2017,21.6,DEPARTAMENTO
21.5,PORCENTAJE DE VICTIMIZACIÓN,16,AÑO,2017,19,DEPARTAMENTO,PASCO,PASCO,victimizacion_pct,2017,21.5,DEPARTAMENTO
19.0,PORCENTAJE DE VICTIMIZACIÓN,17,AÑO,2017,20,DEPARTAMENTO,PIURA,PIURA,victimizacion_pct,2017,19.0,DEPARTAMENTO
18.6,PORCENTAJE DE VICTIMIZACIÓN,18,AÑO,2017,14,DEPARTAMENTO,LAMBAYEQUE,LAMBAYEQUE,victimizacion_pct,2017,18.6,DEPARTAMENTO
18.6,PORCENTAJE DE VICTIMIZACIÓN,18,AÑO,2017,24,DEPARTAMENTO,TUMBES,TUMBES,victimizacion_pct,2017,18.6,DEPARTAMENTO
18.4,PORCENTAJE DE VICTIMIZACIÓN,20,AÑO,2017,11,DEPARTAMENTO,ICA,ICA,victimizacion_pct,2017,18.4,DEPARTAMENTO
18.2,PORCENTAJE DE VICTIMIZACIÓN,21,AÑO,2017,18,DEPARTAMENTO,MOQUEGUA,MOQUEGUA,victimizacion_pct,2017,18.2,DEPARTAMENTO
17.8,PORCENTAJE DE VICTIMIZACIÓN,22,AÑO,2017,6,DEPARTAMENTO,CAJAMARCA,CAJAMARCA,victimizacion_pct,2017,17.8,DEPARTAMENTO
17.3,PORCENTAJE DE VICTIMIZACIÓN,23,AÑO,2017,25,DEPARTAMENTO,UCAYALI,UCAYALI,victimizacion_pct,2017,17.3,DEPARTAMENTO
16.4,PORCENTAJE DE VICTIMIZACIÓN,24,AÑO,2017,10,DEPARTAMENTO,HUÁNUCO,HUANUCO,victimizacion_pct,2017,16.4,DEPARTAMENTO
15.8,PORCENTAJE DE VICTIMIZACIÓN,25,AÑO,2017,1,DEPARTAMENTO,AMAZONAS,AMAZONAS,victimizacion_pct,2017,15.8,DEPARTAMENTO
15.0,PORCENTAJE DE VICTIMIZACIÓN,26,AÑO,2017,22,DEPARTAMENTO,SAN MARTÍN,SAN MARTIN,victimizacion_pct,2017,15.0,DEPARTAMENTO
25.7,PORCENTAJE DE VICTIMIZACIÓN,0,AÑO,2018,0,NACIONAL,NACIONAL,NACIONAL,victimizacion_pct,2018,25.7,NACIONAL
39.6,PORCENTAJE DE VICTIMIZACIÓN,1,AÑO,2018,21,DEPARTAMENTO,PUNO,PUNO,victimizacion_pct,2018,39.6,DEPARTAMENTO
38.2,PORCENTAJE DE VICTIMIZACIÓN,2,AÑO,2018,12,DEPARTAMENTO,JUNÍN,JUNIN,victimizacion_pct,2018,38.2,DEPARTAMENTO
38.0,PORCENTAJE DE VICTIMIZACIÓN,3,AÑO,2018,23,DEPARTAMENTO,TACNA,TACNA,victimizacion_pct,2018,38.0,DEPARTAMENTO
35.5,PORCENTAJE DE VICTIMIZACIÓN,4,AÑO,2018,8,DEPARTAMENTO,CUSCO,CUSCO,victimizacion_pct,2018,35.5,DEPARTAMENTO
32.9,PORCENTAJE DE VICTIMIZACIÓN,5,AÑO,2018,17,DEPARTAMENTO,MADRE DE DIOS,MADRE DE DIOS,victimizacion_pct,2018,32.9,DEPARTAMENTO
28.4,PORCENTAJE DE VICTIMIZACIÓN,6,AÑO,2018,1501,DEPARTAMENTO,LIMA METROPOLITANA,LIMA,victimizacion_pct,2018,28.4,DEPARTAMENTO
27.9,PORCENTAJE DE VICTIMIZACIÓN,7,AÑO,2018,5,DEPARTAMENTO,AYACUCHO,AYACUCHO,victimizacion_pct,2018,27.9,DEPARTAMENTO
27.4,PORCENTAJE DE VICTIMIZACIÓN,8,AÑO,2018,9,DEPARTAMENTO,HUANCAVELICA,HUANCAVELICA,victimizacion_pct,2018,27.4,DEPARTAMENTO
27.3,PORCENTAJE DE VICTIMIZACIÓN,9,AÑO,2018,7,DEPARTAMENTO,PROV. CONST. DEL CALLAO,CALLAO,victimizacion_pct,2018,27.3,DEPARTAMENTO
25.3,PORCENTAJE DE VICTIMIZACIÓN,10,AÑO,2018,4,DEPARTAMENTO,AREQUIPA,AREQUIPA,victimizacion_pct,2018,25.3,DEPARTAMENTO
23.9,PORCENTAJE DE VICTIMIZACIÓN,11,AÑO,2018,13,DEPARTAMENTO,LA LIBERTAD,LA LIBERTAD,victimizacion_pct,2018,23.9,DEPARTAMENTO
23.4,PORCENTAJE DE VICTIMIZACIÓN,12,AÑO,2018,16,DEPARTAMENTO,LORETO,LORETO,victimizacion_pct,2018,23.4,DEPARTAMENTO
22.8,PORCENTAJE DE VICTIMIZACIÓN,13,AÑO,2018,1599,DEPARTAMENTO,REGIÓN LIMA,LIMA,victimizacion_pct,2018,22.8,DEPARTAMENTO
21.6,PORCENTAJE DE VICTIMIZACIÓN,14,AÑO,2018,2,DEPARTAMENTO,ÁNCASH,ANCASH,victimizacion_pct,2018,21.6,DEPARTAMENTO
21.5,PORCENTAJE DE VICTIMIZACIÓN,15,AÑO,2018,3,DEPARTAMENTO,APURÍMAC,APURIMAC,victimizacion_pct,2018,21.5,DEPARTAMENTO
20.2,PORCENTAJE DE VICTIMIZACIÓN,16,AÑO,2018,19,DEPARTAMENTO,PASCO,PASCO,victimizacion_pct,2018,20.2,DEPARTAMENTO
18.3,PORCENTAJE DE VICTIMIZACIÓN,17,AÑO,2018,20,DEPARTAMENTO,PIURA,PIURA,victimizacion_pct,2018,18.3,DEPARTAMENTO
18.1,PORCENTAJE DE VICTIMIZACIÓN,18,AÑO,2018,11,DEPARTAMENTO,ICA,ICA,victimizacion_pct,2018,18.1,DEPARTAMENTO
18.0,PORCENTAJE DE VICTIMIZACIÓN,19,AÑO,2018,24,DEPARTAMENTO,TUMBES,TUMBES,victimizacion_pct,2018,18.0,DEPARTAMENTO
17.4,PORCENTAJE DE VICTIMIZACIÓN,20,AÑO,2018,10,DEPARTAMENTO,HUÁNUCO,HUANUCO,victimizacion_pct,2018,17.4,DEPARTAMENTO
17.3,PORCENTAJE DE VICTIMIZACIÓN,21,AÑO,2018,1,DEPARTAMENTO,AMAZONAS,AMAZONAS,victimizacion_pct,2018,17.3,DEPARTAMENTO
16.3,PORCENTAJE DE VICTIMIZACIÓN,22,AÑO,2018,6,DEPARTAMENTO,CAJAMARCA,CAJAMARCA,victimizacion_pct,2018,16.3,DEPARTAMENTO
15.9,PORCENTAJE DE VICTIMIZACIÓN,23,AÑO,2018,25,DEPARTAMENTO,UCAYALI,UCAYALI,victimizacion_pct,2018,15.9,DEPARTAMENTO
14.7,PORCENTAJE DE VICTIMIZACIÓN,24,AÑO,2018,18,DEPARTAMENTO,MOQUEGUA,MOQUEGUA,victimizacion_pct,2018,14.7,DEPARTAMENTO
13.7,PORCENTAJE DE VICTIMIZACIÓN,25,AÑO,2018,14,DEPARTAMENTO,LAMBAYEQUE,LAMBAYEQUE,victimizacion_pct,2018,13.7,DEPARTAMENTO
12.9,PORCENTAJE DE VICTIMIZACIÓN,26,AÑO,2018,22,DEPARTAMENTO,SAN MARTÍN,SAN MARTIN,victimizacion_pct,2018,12.9,DEPARTAMENTO
26.6,PORCENTAJE DE VICTIMIZACIÓN,0,AÑO,2019,0,NACIONAL,NACIONAL,NACIONAL,victimizacion_pct,2019,26.6,NACIONAL
40.6,PORCENTAJE DE VICTIMIZACIÓN,1,AÑO,2019,21,DEPARTAMENTO,PUNO,PUNO,victimizacion_pct,2019,40.6,DEPARTAMENTO
35.4,PORCENTAJE DE VICTIMIZACIÓN,2,AÑO,2019,17,DEPARTAMENTO,MADRE DE DIOS,MADRE DE DIOS,victimizacion_pct,2019,35.4,DEPARTAMENTO
34.9,PORCENTAJE DE VICTIMIZACIÓN,3,AÑO,2019,12,DEPARTAMENTO,JUNÍN,JUNIN,victimizacion_pct,2019,34.9,DEPARTAMENTO
34.8,PORCENTAJE DE VICTIMIZACIÓN,4,AÑO,2019,23,DEPARTAMENTO,TACNA,TACNA,victimizacion_pct,2019,34.8,DEPARTAMENTO
33.9,PORCENTAJE DE VICTIMIZACIÓN,5,AÑO,2019,8,DEPARTAMENTO,CUSCO,CUSCO,victimizacion_pct,2019,33.9,DEPARTAMENTO
30.9,PORCENTAJE DE VICTIMIZACIÓN,6,AÑO,2019,1501,DEPARTAMENTO,LIMA METROPOLITANA,LIMA,victimizacion_pct,2019,30.9,DEPARTAMENTO
28.9,PORCENTAJE DE VICTIMIZACIÓN,7,AÑO,2019,7,DEPARTAMENTO,PROV. CONST. DEL CALLAO,CALLAO,victimizacion_pct,2019,28.9,DEPARTAMENTO
26.8,PORCENTAJE DE VICTIMIZACIÓN,8,AÑO,2019,4,DEPARTAMENTO,AREQUIPA,AREQUIPA,victimizacion_pct,2019,26.8,DEPARTAMENTO
26.7,PORCENTAJE DE VICTIMIZACIÓN,9,AÑO,2019,3,DEPARTAMENTO,APURÍMAC,APURIMAC,victimizacion_pct,2019,26.7,DEPARTAMENTO
26.6,PORCENTAJE DE VICTIMIZACIÓN,10,AÑO,2019,9,DEPARTAMENTO,HUANCAVELICA,HUANCAVELICA,victimizacion_pct,2019,26.6,DEPARTAMENTO
24.6,PORCENTAJE DE VICTIMIZACIÓN,11,AÑO,2019,5,DEPARTAMENTO,AYACUCHO,AYACUCHO,victimizacion_pct,2019,24.6,DEPARTAMENTO
24.1,PORCENTAJE DE VICTIMIZACIÓN,12,AÑO,2019,13,DEPARTAMENTO,LA LIBERTAD,LA LIBERTAD,victimizacion_pct,2019,24.1,DEPARTAMENTO
23.4,PORCENTAJE DE VICTIMIZACIÓN,13,AÑO,2019,1599,DEPARTAMENTO,REGIÓN LIMA,LIMA,victimizacion_pct,2019,23.4,DEPARTAMENTO
22.7,PORCENTAJE DE VICTIMIZACIÓN,14,AÑO,2019,16,DEPARTAMENTO,LORETO,LORETO,victimizacion_pct,2019,22.7,DEPARTAMENTO
22.1,PORCENTAJE DE VICTIMIZACIÓN,15,AÑO,2019,19,DEPARTAMENTO,PASCO,PASCO,victimizacion_pct,2019,22.1,DEPARTAMENTO
21.8,PORCENTAJE DE VICTIMIZACIÓN,16,AÑO,2019,2,DEPARTAMENTO,ÁNCASH,ANCASH,victimizacion_pct,2019,21.8,DEPARTAMENTO
19.6,PORCENTAJE DE VICTIMIZACIÓN,17,AÑO,2019,24,DEPARTAMENTO,TUMBES,TUMBES,victimizacion_pct,2019,19.6,DEPARTAMENTO
17.5,PORCENTAJE DE VICTIMIZACIÓN,18,AÑO,2019,1,DEPARTAMENTO,AMAZONAS,AMAZONAS,victimizacion_pct,2019,17.5,DEPARTAMENTO
17.4,PORCENTAJE DE VICTIMIZACIÓN,19,AÑO,2019,11,DEPARTAMENTO,ICA,ICA,victimizacion_pct,2019,17.4,DEPARTAMENTO
16.7,PORCENTAJE DE VICTIMIZACIÓN,20,AÑO,2019,10,DEPARTAMENTO,HUÁNUCO,HUANUCO,victimizacion_pct,2019,16.7,DEPARTAMENTO
16.6,PORCENTAJE DE VICTIMIZACIÓN,21,AÑO,2019,25,DEPARTAMENTO,UCAYALI,UCAYALI,victimizacion_pct,2019,16.6,DEPARTAMENTO
16.4,PORCENTAJE DE VICTIMIZACIÓN,22,AÑO,2019,20,DEPARTAMENTO,PIURA,PIURA,victimizacion_pct,2019,16.4,DEPARTAMENTO
15.9,PORCENTAJE DE VICTIMIZACIÓN,23,AÑO,2019,14,DEPARTAMENTO,LAMBAYEQUE,LAMBAYEQUE,victimizacion_pct,2019,15.9,DEPARTAMENTO
15.8,PORCENTAJE DE VICTIMIZACIÓN,24,AÑO,2019,18,DEPARTAMENTO,MOQUEGUA,MOQUEGUA,victimizacion_pct,2019,15.8,DEPARTAMENTO
14.4,PORCENTAJE DE VICTIMIZACIÓN,25,AÑO,2019,6,DEPARTAMENTO,CAJAMARCA,CAJAMARCA,victimizacion_pct,2019,14.4,DEPARTAMENTO
12.6,PORCENTAJE DE VICTIMIZACIÓN,26,AÑO,2019,22,DEPARTAMENTO,SAN MARTÍN,SAN MARTIN,victimizacion_pct,2019,12.6,DEPARTAMENTO
23.4,PORCENTAJE DE VICTIMIZACIÓN,0,AÑO,2020,0,NACIONAL,NACIONAL,NACIONAL,victimizacion_pct,2020,23.4,NACIONAL
34.0,PORCENTAJE DE VICTIMIZACIÓN,1,AÑO,2020,12,DEPARTAMENTO,JUNÍN,JUNIN,victimizacion_pct,2020,34.0,DEPARTAMENTO
32.6,PORCENTAJE DE VICTIMIZACIÓN,2,AÑO,2020,21,DEPARTAMENTO,PUNO,PUNO,victimizacion_pct,2020,32.6,DEPARTAMENTO
32.4,PORCENTAJE DE VICTIMIZACIÓN,3,AÑO,2020,8,DEPARTAMENTO,CUSCO,CUSCO,victimizacion_pct,2020,32.4,DEPARTAMENTO
29.1,PORCENTAJE DE VICTIMIZACIÓN,4,AÑO,2020,23,DEPARTAMENTO,TACNA,TACNA,victimizacion_pct,2020,29.1,DEPARTAMENTO
27.9,PORCENTAJE DE VICTIMIZACIÓN,5,AÑO,2020,1501,DEPARTAMENTO,LIMA METROPOLITANA,LIMA,victimizacion_pct,2020,27.9,DEPARTAMENTO
26.6,PORCENTAJE DE VICTIMIZACIÓN,6,AÑO,2020,7,DEPARTAMENTO,PROV. CONST. DEL CALLAO,CALLAO,victimizacion_pct,2020,26.6,DEPARTAMENTO
24.7,PORCENTAJE DE VICTIMIZACIÓN,7,AÑO,2020,3,DEPARTAMENTO,APURÍMAC,APURIMAC,victimizacion_pct,2020,24.7,DEPARTAMENTO
23.3,PORCENTAJE DE VICTIMIZACIÓN,8,AÑO,2020,5,DEPARTAMENTO,AYACUCHO,AYACUCHO,victimizacion_pct,2020,23.3,DEPARTAMENTO
23.0,PORCENTAJE DE VICTIMIZACIÓN,9,AÑO,2020,17,DEPARTAMENTO,MADRE DE DIOS,MADRE DE DIOS,victimizacion_pct,2020,23.0,DEPARTAMENTO
22.8,PORCENTAJE DE VICTIMIZACIÓN,10,AÑO,2020,13,DEPARTAMENTO,LA LIBERTAD,LA LIBERTAD,victimizacion_pct,2020,22.8,DEPARTAMENTO
22.6,PORCENTAJE DE VICTIMIZACIÓN,11,AÑO,2020,9,DEPARTAMENTO,HUANCAVELICA,HUANCAVELICA,victimizacion_pct,2020,22.6,DEPARTAMENTO
19.5,PORCENTAJE DE VICTIMIZACIÓN,12,AÑO,2020,1599,DEPARTAMENTO,REGIÓN LIMA,LIMA,victimizacion_pct,2020,19.5,DEPARTAMENTO
18.5,PORCENTAJE DE VICTIMIZACIÓN,13,AÑO,2020,4,DEPARTAMENTO,AREQUIPA,AREQUIPA,victimizacion_pct,2020,18.5,DEPARTAMENTO
18.1,PORCENTAJE DE VICTIMIZACIÓN,14,AÑO,2020,16,DEPARTAMENTO,LORETO,LORETO,victimizacion_pct,2020,18.1,DEPARTAMENTO
16.7,PORCENTAJE DE VICTIMIZACIÓN,15,AÑO,2020,14,DEPARTAMENTO,LAMBAYEQUE,LAMBAYEQUE,victimizacion_pct,2020,16.7,DEPARTAMENTO
16.6,PORCENTAJE DE VICTIMIZACIÓN,16,AÑO,2020,19,DEPARTAMENTO,PASCO,PASCO,victimizacion_pct,2020,16.6,DEPARTAMENTO
16.4,PORCENTAJE DE VICTIMIZACIÓN,17,AÑO,2020,18,DEPARTAMENTO,MOQUEGUA,MOQUEGUA,victimizacion_pct,2020,16.4,DEPARTAMENTO
16.0,PORCENTAJE DE VICTIMIZACIÓN,18,AÑO,2020,25,DEPARTAMENTO,UCAYALI,UCAYALI,victimizacion_pct,2020,16.0,DEPARTAMENTO
15.9,PORCENTAJE DE VICTIMIZACIÓN,19,AÑO,2020,2,DEPARTAMENTO,ÁNCASH,ANCASH,victimizacion_pct,2020,15.9,DEPARTAMENTO
15.0,PORCENTAJE DE VICTIMIZACIÓN,20,AÑO,2020,11,DEPARTAMENTO,ICA,ICA,victimizacion_pct,2020,15.0,DEPARTAMENTO
14.6,PORCENTAJE DE VICTIMIZACIÓN,21,AÑO,2020,20,DEPARTAMENTO,PIURA,PIURA,victimizacion_pct,2020,14.6,DEPARTAMENTO
14.5,PORCENTAJE DE VICTIMIZACIÓN,22,AÑO,2020,1,DEPARTAMENTO,AMAZONAS,AMAZONAS,victimizacion_pct,2020,14.5,DEPARTAMENTO
13.6,PORCENTAJE DE VICTIMIZACIÓN,23,AÑO,2020,10,DEPARTAMENTO,HUÁNUCO,HUANUCO,victimizacion_pct,2020,13.6,DEPARTAMENTO
13.0,PORCENTAJE DE VICTIMIZACIÓN,24,AÑO,2020,6,DEPARTAMENTO,CAJAMARCA,CAJAMARCA,victimizacion_pct,2020,13.0,DEPARTAMENTO
12.4,PORCENTAJE DE VICTIMIZACIÓN,25,AÑO,2020,24,DEPARTAMENTO,TUMBES,TUMBES,victimizacion_pct,2020,12.4,DEPARTAMENTO
9.9,PORCENTAJE DE VICTIMIZACIÓN,26,AÑO,2020,22,DEPARTAMENTO,SAN MARTÍN,SAN MARTIN,victimizacion_pct,2020,9.9,DEPARTAMENTO
18.2,PORCENTAJE DE VICTIMIZACIÓN,0,AÑO,2021,0,NACIONAL,NACIONAL,NACIONAL,victimizacion_pct,2021,18.2,NACIONAL
24.5,PORCENTAJE DE VICTIMIZACIÓN,1,AÑO,2021,8,DEPARTAMENTO,CUSCO,CUSCO,victimizacion_pct,2021,24.5,DEPARTAMENTO
24.4,PORCENTAJE DE VICTIMIZACIÓN,2,AÑO,2021,17,DEPARTAMENTO,MADRE DE DIOS,MADRE DE DIOS,victimizacion_pct,2021,24.4,DEPARTAMENTO
23.3,PORCENTAJE DE VICTIMIZACIÓN,3,AÑO,2021,21,DEPARTAMENTO,PUNO,PUNO,victimizacion_pct,2021,23.3,DEPARTAMENTO
22.5,PORCENTAJE DE VICTIMIZACIÓN,4,AÑO,2021,12,DEPARTAMENTO,JUNÍN,JUNIN,victimizacion_pct,2021,22.5,DEPARTAMENTO
22.2,PORCENTAJE DE VICTIMIZACIÓN,5,AÑO,2021,1501,DEPARTAMENTO,LIMA METROPOLITANA,LIMA,victimizacion_pct,2021,22.2,DEPARTAMENTO
20.0,PORCENTAJE DE VICTIMIZACIÓN,6,AÑO,2021,13,DEPARTAMENTO,LA LIBERTAD,LA LIBERTAD,victimizacion_pct,2021,20.0,DEPARTAMENTO
19.9,PORCENTAJE DE VICTIMIZACIÓN,7,AÑO,2021,7,DEPARTAMENTO,PROV. CONST. DEL CALLAO,CALLAO,victimizacion_pct,2021,19.9,DEPARTAMENTO
17.7,PORCENTAJE DE VICTIMIZACIÓN,8,AÑO,2021,23,DEPARTAMENTO,TACNA,TACNA,victimizacion_pct,2021,17.7,DEPARTAMENTO
17.1,PORCENTAJE DE VICTIMIZACIÓN,9,AÑO,2021,5,DEPARTAMENTO,AYACUCHO,AYACUCHO,victimizacion_pct,2021,17.1,DEPARTAMENTO
16.9,PORCENTAJE DE VICTIMIZACIÓN,10,AÑO,2021,16,DEPARTAMENTO,LORETO,LORETO,victimizacion_pct,2021,16.9,DEPARTAMENTO
16.6,PORCENTAJE DE VICTIMIZACIÓN,11,AÑO,2021,9,DEPARTAMENTO,HUANCAVELICA,HUANCAVELICA,victimizacion_pct,2021,16.6,DEPARTAMENTO
15.6,PORCENTAJE DE VICTIMIZACIÓN,12,AÑO,2021,3,DEPARTAMENTO,APURÍMAC,APURIMAC,victimizacion_pct,2021,15.6,DEPARTAMENTO
15.0,PORCENTAJE DE VICTIMIZACIÓN,13,AÑO,2021,4,DEPARTAMENTO,AREQUIPA,AREQUIPA,victimizacion_pct,2021,15.0,DEPARTAMENTO
14.2,PORCENTAJE DE VICTIMIZACIÓN,14,AÑO,2021,11,DEPARTAMENTO,ICA,ICA,victimizacion_pct,2021,14.2,DEPARTAMENTO
13.9,PORCENTAJE DE VICTIMIZACIÓN,15,AÑO,2021,1599,DEPARTAMENTO,REGIÓN LIMA,LIMA,victimizacion_pct,2021,13.9,DEPARTAMENTO
13.1,PORCENTAJE DE VICTIMIZACIÓN,16,AÑO,2021,25,DEPARTAMENTO,UCAYALI,UCAYALI,victimizacion_pct,2021,13.1,DEPARTAMENTO
13.0,PORCENTAJE DE VICTIMIZACIÓN,17,AÑO,2021,10,DEPARTAMENTO,HUÁNUCO,HUANUCO,victimizacion_pct,2021,13.0,DEPARTAMENTO
12.7,PORCENTAJE DE VICTIMIZACIÓN,18,AÑO,2021,19,DEPARTAMENTO,PASCO,PASCO,victimizacion_pct,2021,12.7,DEPARTAMENTO
12.0,PORCENTAJE DE VICTIMIZACIÓN,19,AÑO,2021,18,DEPARTAMENTO,MOQUEGUA,MOQUEGUA,victimizacion_pct,2021,12.0,DEPARTAMENTO
11.7,PORCENTAJE DE VICTIMIZACIÓN,20,AÑO,2021,14,DEPARTAMENTO,LAMBAYEQUE,LAMBAYEQUE,victimizacion_pct,2021,11.7,DEPARTAMENTO
10.8,PORCENTAJE DE VICTIMIZACIÓN,21,AÑO,2021,2,DEPARTAMENTO,ÁNCASH,ANCASH,victimizacion_pct,2021,10.8,DEPARTAMENTO
10.6,PORCENTAJE DE VICTIMIZACIÓN,22,AÑO,2021,1,DEPARTAMENTO,AMAZONAS,AMAZONAS,victimizacion_pct,2021,10.6,DEPARTAMENTO
10.3,PORCENTAJE DE VICTIMIZACIÓN,23,AÑO,2021,20,DEPARTAMENTO,PIURA,PIURA,victimizacion_pct,2021,10.3,DEPARTAMENTO
10.2,PORCENTAJE DE VICTIMIZACIÓN,24,AÑO,2021,24,DEPARTAMENTO,TUMBES,TUMBES,victimizacion_pct,2021,10.2,DEPARTAMENTO
8.6,PORCENTAJE DE VICTIMIZACIÓN,25,AÑO,2021,6,DEPARTAMENTO,CAJAMARCA,CAJAMARCA,victimizacion_pct,2021,8.6,DEPARTAMENTO
8.4,PORCENTAJE DE VICTIMIZACIÓN,26,AÑO,2021,22,DEPARTAMENTO,SAN MARTÍN,SAN MARTIN,victimizacion_pct,2021,8.4,DEPARTAMENTO
22.9,PORCENTAJE DE VICTIMIZACIÓN,0,AÑO,2022,0,NACIONAL,NACIONAL,NACIONAL,victimizacion_pct,2022,22.9,NACIONAL
29.7,PORCENTAJE DE VICTIMIZACIÓN,1,AÑO,2022,21,DEPARTAMENTO,PUNO,PUNO,victimizacion_pct,2022,29.7,DEPARTAMENTO
28.6,PORCENTAJE DE VICTIMIZACIÓN,2,AÑO,2022,8,DEPARTAMENTO,CUSCO,CUSCO,victimizacion_pct,2022,28.6,DEPARTAMENTO
27.4,PORCENTAJE DE VICTIMIZACIÓN,3,AÑO,2022,23,DEPARTAMENTO,TACNA,TACNA,victimizacion_pct,2022,27.4,DEPARTAMENTO
26.7,PORCENTAJE DE VICTIMIZACIÓN,4,AÑO,2022,1501,DEPARTAMENTO,LIMA METROPOLITANA,LIMA,victimizacion_pct,2022,26.7,DEPARTAMENTO
26.6,PORCENTAJE DE VICTIMIZACIÓN,5,AÑO,2022,12,DEPARTAMENTO,JUNÍN,JUNIN,victimizacion_pct,2022,26.6,DEPARTAMENTO
25.7,PORCENTAJE DE VICTIMIZACIÓN,6,AÑO,2022,17,DEPARTAMENTO,MADRE DE DIOS,MADRE DE DIOS,victimizacion_pct,2022,25.7,DEPARTAMENTO
25.1,PORCENTAJE DE VICTIMIZACIÓN,7,AÑO,2022,4,DEPARTAMENTO,AREQUIPA,AREQUIPA,victimizacion_pct,2022,25.1,DEPARTAMENTO
23.8,PORCENTAJE DE VICTIMIZACIÓN,8,AÑO,2022,3,DEPARTAMENTO,APURÍMAC,APURIMAC,victimizacion_pct,2022,23.8,DEPARTAMENTO
23.8,PORCENTAJE DE VICTIMIZACIÓN,9,AÑO,2022,16,DEPARTAMENTO,LORETO,LORETO,victimizacion_pct,2022,23.8,DEPARTAMENTO
22.2,PORCENTAJE DE VICTIMIZACIÓN,10,AÑO,2022,7,DEPARTAMENTO,PROV. CONST. DEL CALLAO,CALLAO,victimizacion_pct,2022,22.2,DEPARTAMENTO
21.6,PORCENTAJE DE VICTIMIZACIÓN,11,AÑO,2022,13,DEPARTAMENTO,LA LIBERTAD,LA LIBERTAD,victimizacion_pct,2022,21.6,DEPARTAMENTO
20.8,PORCENTAJE DE VICTIMIZACIÓN,12,AÑO,2022,1599,DEPARTAMENTO,REGIÓN LIMA,LIMA,victimizacion_pct,2022,20.8,DEPARTAMENTO
20.3,PORCENTAJE DE VICTIMIZACIÓN,13,AÑO,2022,9,DEPARTAMENTO,HUANCAVELICA,HUANCAVELICA,victimizacion_pct,2022,20.3,DEPARTAMENTO
20.2,PORCENTAJE DE VICTIMIZACIÓN,14,AÑO,2022,5,DEPARTAMENTO,AYACUCHO,AYACUCHO,victimizacion_pct,2022,20.2,DEPARTAMENTO
20.1,PORCENTAJE DE VICTIMIZACIÓN,15,AÑO,2022,25,DEPARTAMENTO,UCAYALI,UCAYALI,victimizacion_pct,2022,20.1,DEPARTAMENTO
18.4,PORCENTAJE DE VICTIMIZACIÓN,16,AÑO,2022,19,DEPARTAMENTO,PASCO,PASCO,victimizacion_pct,2022,18.4,DEPARTAMENTO
18.1,PORCENTAJE DE VICTIMIZACIÓN,17,AÑO,2022,20,DEPARTAMENTO,PIURA,PIURA,victimizacion_pct,2022,18.1,DEPARTAMENTO
17.4,PORCENTAJE DE VICTIMIZACIÓN,18,AÑO,2022,2,DEPARTAMENTO,ÁNCASH,ANCASH,victimizacion_pct,2022,17.4,DEPARTAMENTO
15.7,PORCENTAJE DE VICTIMIZACIÓN,19,AÑO,2022,11,DEPARTAMENTO,ICA,ICA,victimizacion_pct,2022,15.7,DEPARTAMENTO
15.5,PORCENTAJE DE VICTIMIZACIÓN,20,AÑO,2022,18,DEPARTAMENTO,MOQUEGUA,MOQUEGUA,victimizacion_pct,2022,15.5,DEPARTAMENTO
14.5,PORCENTAJE DE VICTIMIZACIÓN,21,AÑO,2022,22,DEPARTAMENTO,SAN MARTÍN,SAN MARTIN,victimizacion_pct,2022,14.5,DEPARTAMENTO
13.6,PORCENTAJE DE VICTIMIZACIÓN,22,AÑO,2022,1,DEPARTAMENTO,AMAZONAS,AMAZONAS,victimizacion_pct,2022,13.6,DEPARTAMENTO
13.6,PORCENTAJE DE VICTIMIZACIÓN,23,AÑO,2022,14,DEPARTAMENTO,LAMBAYEQUE,LAMBAYEQUE,victimizacion_pct,2022,13.6,DEPARTAMENTO
12.6,PORCENTAJE DE VICTIMIZACIÓN,24,AÑO,2022,24,DEPARTAMENTO,TUMBES,TUMBES,victimizacion_pct,2022,12.6,DEPARTAMENTO
12.2,PORCENTAJE DE VICTIMIZACIÓN,25,AÑO,2022,10,DEPARTAMENTO,HUÁNUCO,HUANUCO,victimizacion_pct,2022,12.2,DEPARTAMENTO
11.5,PORCENTAJE DE VICTIMIZACIÓN,26,AÑO,2022,6,DEPARTAMENTO,CAJAMARCA,CAJAMARCA,victimizacion_pct,2022,11.5,DEPARTAMENTO
27.1,PORCENTAJE DE VICTIMIZACIÓN,0,AÑO,2023,0,NACIONAL,NACIONAL,NACIONAL,victimizacion_pct,2023,27.1,NACIONAL
33.1,PORCENTAJE DE VICTIMIZACIÓN,1,AÑO,2023,21,DEPARTAMENTO,PUNO,PUNO,victimizacion_pct,2023,33.1,DEPARTAMENTO
32.6,PORCENTAJE DE VICTIMIZACIÓN,2,AÑO,2023,1501,DEPARTAMENTO,LIMA METROPOLITANA,LIMA,victimizacion_pct,2023,32.6,DEPARTAMENTO
32.0,PORCENTAJE DE VICTIMIZACIÓN,3,AÑO,2023,17,DEPARTAMENTO,MADRE DE DIOS,MADRE DE DIOS,victimizacion_pct,2023,32.0,DEPARTAMENTO
31.5,PORCENTAJE DE VICTIMIZACIÓN,4,AÑO,2023,23,DEPARTAMENTO,TACNA,TACNA,victimizacion_pct,2023,31.5,DEPARTAMENTO
30.4,PORCENTAJE DE VICTIMIZACIÓN,5,AÑO,2023,4,DEPARTAMENTO,AREQUIPA,AREQUIPA,victimizacion_pct,2023,30.4,DEPARTAMENTO
29.4,PORCENTAJE DE VICTIMIZACIÓN,6,AÑO,2023,8,DEPARTAMENTO,CUSCO,CUSCO,victimizacion_pct,2023,29.4,DEPARTAMENTO
29.2,PORCENTAJE DE VICTIMIZACIÓN,7,AÑO,2023,7,DEPARTAMENTO,PROV. CONST. DEL CALLAO,CALLAO,victimizacion_pct,2023,29.2,DEPARTAMENTO
28.7,PORCENTAJE DE VICTIMIZACIÓN,8,AÑO,2023,12,DEPARTAMENTO,JUNÍN,JUNIN,victimizacion_pct,2023,28.7,DEPARTAMENTO
27.0,PORCENTAJE DE VICTIMIZACIÓN,9,AÑO,2023,20,DEPARTAMENTO,PIURA,PIURA,victimizacion_pct,2023,27.0,DEPARTAMENTO
25.1,PORCENTAJE DE VICTIMIZACIÓN,10,AÑO,2023,5,DEPARTAMENTO,AYACUCHO,AYACUCHO,victimizacion_pct,2023,25.1,DEPARTAMENTO
24.2,PORCENTAJE DE VICTIMIZACIÓN,11,AÑO,2023,1599,DEPARTAMENTO,REGIÓN LIMA,LIMA,victimizacion_pct,2023,24.2,DEPARTAMENTO
23.6,PORCENTAJE DE VICTIMIZACIÓN,12,AÑO,2023,9,DEPARTAMENTO,HUANCAVELICA,HUANCAVELICA,victimizacion_pct,2023,23.6,DEPARTAMENTO
22.5,PORCENTAJE DE VICTIMIZACIÓN,13,AÑO,2023,13,DEPARTAMENTO,LA LIBERTAD,LA LIBERTAD,victimizacion_pct,2023,22.5,DEPARTAMENTO
21.9,PORCENTAJE DE VICTIMIZACIÓN,14,AÑO,2023,25,DEPARTAMENTO,UCAYALI,UCAYALI,victimizacion_pct,2023,21.9,DEPARTAMENTO
20.3,PORCENTAJE DE VICTIMIZACIÓN,15,AÑO,2023,3,DEPARTAMENTO,APURÍMAC,APURIMAC,victimizacion_pct,2023,20.3,DEPARTAMENTO
20.1,PORCENTAJE DE VICTIMIZACIÓN,16,AÑO,2023,16,DEPARTAMENTO,LORETO,LORETO,victimizacion_pct,2023,20.1,DEPARTAMENTO
19.5,PORCENTAJE DE VICTIMIZACIÓN,17,AÑO,2023,11,DEPARTAMENTO,ICA,ICA,victimizacion_pct,2023,19.5,DEPARTAMENTO
19.0,PORCENTAJE DE VICTIMIZACIÓN,18,AÑO,2023,19,DEPARTAMENTO,PASCO,PASCO,victimizacion_pct,2023,19.0,DEPARTAMENTO
17.4,PORCENTAJE DE VICTIMIZACIÓN,19,AÑO,2023,24,DEPARTAMENTO,TUMBES,TUMBES,victimizacion_pct,2023,17.4,DEPARTAMENTO
17.2,PORCENTAJE DE VICTIMIZACIÓN,20,AÑO,2023,2,DEPARTAMENTO,ÁNCASH,ANCASH,victimizacion_pct,2023,17.2,DEPARTAMENTO
17.1,PORCENTAJE DE VICTIMIZACIÓN,21,AÑO,2023,18,DEPARTAMENTO,MOQUEGUA,MOQUEGUA,victimizacion_pct,2023,17.1,DEPARTAMENTO
16.7,PORCENTAJE DE VICTIMIZACIÓN,22,AÑO,2023,14,DEPARTAMENTO,LAMBAYEQUE,LAMBAYEQUE,victimizacion_pct,2023,16.7,DEPARTAMENTO
16.3,PORCENTAJE DE VICTIMIZACIÓN,23,AÑO,2023,22,DEPARTAMENTO,SAN MARTÍN,SAN MARTIN,victimizacion_pct,2023,16.3,DEPARTAMENTO
15.2,PORCENTAJE DE VICTIMIZACIÓN,24,AÑO,2023,1,DEPARTAMENTO,AMAZONAS,AMAZONAS,victimizacion_pct,2023,15.2,DEPARTAMENTO
15.1,PORCENTAJE DE VICTIMIZACIÓN,25,AÑO,2023,10,DEPARTAMENTO,HUÁNUCO,HUANUCO,victimizacion_pct,2023,15.1,DEPARTAMENTO
14.1,PORCENTAJE DE VICTIMIZACIÓN,26,AÑO,2023,6,DEPARTAMENTO,CAJAMARCA,CAJAMARCA,victimizacion_pct,2023,14.1,DEPARTAMENTO
27.1,PORCENTAJE DE VICTIMIZACIÓN,0,AÑO,2024,0,NACIONAL,NACIONAL,NACIONAL,victimizacion_pct,2024,27.1,NACIONAL
35.1,PORCENTAJE DE VICTIMIZACIÓN,1,AÑO,2024,21,DEPARTAMENTO,PUNO,PUNO,victimizacion_pct,2024,35.1,DEPARTAMENTO
34.8,PORCENTAJE DE VICTIMIZACIÓN,2,AÑO,2024,8,DEPARTAMENTO,CUSCO,CUSCO,victimizacion_pct,2024,34.8,DEPARTAMENTO
34.6,PORCENTAJE DE VICTIMIZACIÓN,3,AÑO,2024,12,DEPARTAMENTO,JUNÍN,JUNIN,victimizacion_pct,2024,34.6,DEPARTAMENTO
34.3,PORCENTAJE DE VICTIMIZACIÓN,4,AÑO,2024,4,DEPARTAMENTO,AREQUIPA,AREQUIPA,victimizacion_pct,2024,34.3,DEPARTAMENTO
31.3,PORCENTAJE DE VICTIMIZACIÓN,5,AÑO,2024,23,DEPARTAMENTO,TACNA,TACNA,victimizacion_pct,2024,31.3,DEPARTAMENTO
30.1,PORCENTAJE DE VICTIMIZACIÓN,6,AÑO,2024,1501,DEPARTAMENTO,LIMA METROPOLITANA,LIMA,victimizacion_pct,2024,30.1,DEPARTAMENTO
28.6,PORCENTAJE DE VICTIMIZACIÓN,7,AÑO,2024,17,DEPARTAMENTO,MADRE DE DIOS,MADRE DE DIOS,victimizacion_pct,2024,28.6,DEPARTAMENTO
27.7,PORCENTAJE DE VICTIMIZACIÓN,8,AÑO,2024,5,DEPARTAMENTO,AYACUCHO,AYACUCHO,victimizacion_pct,2024,27.7,DEPARTAMENTO
26.8,PORCENTAJE DE VICTIMIZACIÓN,9,AÑO,2024,9,DEPARTAMENTO,HUANCAVELICA,HUANCAVELICA,victimizacion_pct,2024,26.8,DEPARTAMENTO
26.5,PORCENTAJE DE VICTIMIZACIÓN,10,AÑO,2024,20,DEPARTAMENTO,PIURA,PIURA,victimizacion_pct,2024,26.5,DEPARTAMENTO
26.2,PORCENTAJE DE VICTIMIZACIÓN,11,AÑO,2024,3,DEPARTAMENTO,APURÍMAC,APURIMAC,victimizacion_pct,2024,26.2,DEPARTAMENTO
25.7,PORCENTAJE DE VICTIMIZACIÓN,12,AÑO,2024,7,DEPARTAMENTO,PROV. CONST. DEL CALLAO,CALLAO,victimizacion_pct,2024,25.7,DEPARTAMENTO
25.5,PORCENTAJE DE VICTIMIZACIÓN,13,AÑO,2024,11,DEPARTAMENTO,ICA,ICA,victimizacion_pct,2024,25.5,DEPARTAMENTO
25.0,PORCENTAJE DE VICTIMIZACIÓN,14,AÑO,2024,13,DEPARTAMENTO,LA LIBERTAD,LA LIBERTAD,victimizacion_pct,2024,25.0,DEPARTAMENTO
24.3,PORCENTAJE DE VICTIMIZACIÓN,15,AÑO,2024,18,DEPARTAMENTO,MOQUEGUA,MOQUEGUA,victimizacion_pct,2024,24.3,DEPARTAMENTO
21.7,PORCENTAJE DE VICTIMIZACIÓN,16,AÑO,2024,16,DEPARTAMENTO,LORETO,LORETO,victimizacion_pct,2024,21.7,DEPARTAMENTO
20.9,PORCENTAJE DE VICTIMIZACIÓN,17,AÑO,2024,22,DEPARTAMENTO,SAN MARTÍN,SAN MARTIN,victimizacion_pct,2024,20.9,DEPARTAMENTO
20.5,PORCENTAJE DE VICTIMIZACIÓN,18,AÑO,2024,25,DEPARTAMENTO,UCAYALI,UCAYALI,victimizacion_pct,2024,20.5,DEPARTAMENTO
19.7,PORCENTAJE DE VICTIMIZACIÓN,19,AÑO,2024,1599,DEPARTAMENTO,REGIÓN LIMA,LIMA,victimizacion_pct,2024,19.7,DEPARTAMENTO
19.0,PORCENTAJE DE VICTIMIZACIÓN,20,AÑO,2024,19,DEPARTAMENTO,PASCO,PASCO,victimizacion_pct,2024,19.0,DEPARTAMENTO
18.1,PORCENTAJE DE VICTIMIZACIÓN,21,AÑO,2024,1,DEPARTAMENTO,AMAZONAS,AMAZONAS,victimizacion_pct,2024,18.1,DEPARTAMENTO
17.6,PORCENTAJE DE VICTIMIZACIÓN,22,AÑO,2024,2,DEPARTAMENTO,ÁNCASH,ANCASH,victimizacion_pct,2024,17.6,DEPARTAMENTO
16.9,PORCENTAJE DE VICTIMIZACIÓN,23,AÑO,2024,14,DEPARTAMENTO,LAMBAYEQUE,LAMBAYEQUE,victimizacion_pct,2024,16.9,DEPARTAMENTO
16.3,PORCENTAJE DE VICTIMIZACIÓN,24,AÑO,2024,24,DEPARTAMENTO,TUMBES,TUMBES,victimizacion_pct,2024,16.3,DEPARTAMENTO
14.6,PORCENTAJE DE VICTIMIZACIÓN,25,AÑO,2024,10,DEPARTAMENTO,HUÁNUCO,HUANUCO,victimizacion_pct,2024,14.6,DEPARTAMENTO
14.1,PORCENTAJE DE VICTIMIZACIÓN,26,AÑO,2024,6,DEPARTAMENTO,CAJAMARCA,CAJAMARCA,victimizacion_pct,2024,14.1,DEPARTAMENTO
22.0,"PORCENTAJE DE VICTIMIZACIÓN POR EL DELITO DE ROBO E INTENTO DE ROBO DE DINERO, CARTERA Y CELULAR",0,AÑO,2013,0,NACIONAL,NACIONAL,NACIONAL,victimizacion_robo_pct,2013,22.0,NACIONAL
28.2,"PORCENTAJE DE VICTIMIZACIÓN POR EL DELITO DE ROBO E INTENTO DE ROBO DE DINERO, CARTERA Y CELULAR",1,AÑO,2013,23,DEPARTAMENTO,TACNA,TACNA,victimizacion_robo_pct,2013,28.2,DEPARTAMENTO
27.3,"PORCENTAJE DE VICTIMIZACIÓN POR EL DELITO DE ROBO E INTENTO DE ROBO DE DINERO, CARTERA Y CELULAR",2,AÑO,2013,8,DEPARTAMENTO,CUSCO,CUSCO,victimizacion_robo_pct,2013,27.3,DEPARTAMENTO
26.6,"PORCENTAJE DE VICTIMIZACIÓN POR EL DELITO DE ROBO E INTENTO DE ROBO DE DINERO, CARTERA Y CELULAR",3,AÑO,2013,21,DEPARTAMENTO,PUNO,PUNO,victimizacion_robo_pct,2013,26.6,DEPARTAMENTO
26.1,"PORCENTAJE DE VICTIMIZACIÓN POR EL DELITO DE ROBO E INTENTO DE ROBO DE DINERO, CARTERA Y CELULAR",4,AÑO,2013,12,DEPARTAMENTO,JUNÍN,JUNIN,victimizacion_robo_pct,2013,26.1,DEPARTAMENTO
25.4,"PORCENTAJE DE VICTIMIZACIÓN POR EL DELITO DE ROBO E INTENTO DE ROBO DE DINERO, CARTERA Y CELULAR",5,AÑO,2013,1501,DEPARTAMENTO,LIMA METROPOLITANA,LIMA,victimizacion_robo_pct,2013,25.4,DEPARTAMENTO
24.6,"PORCENTAJE DE VICTIMIZACIÓN POR EL DELITO DE ROBO E INTENTO DE ROBO DE DINERO, CARTERA Y CELULAR",6,AÑO,2013,4,DEPARTAMENTO,AREQUIPA,AREQUIPA,victimizacion_robo_pct,2013,24.6,DEPARTAMENTO
23.6,"PORCENTAJE DE VICTIMIZACIÓN POR EL DELITO DE ROBO E INTENTO DE ROBO DE DINERO, CARTERA Y CELULAR",7,AÑO,2013,7,DEPARTAMENTO,PROV. CONST. DEL CALLAO,CALLAO,victimizacion_robo_pct,2013,23.6,DEPARTAMENTO
22.1,"PORCENTAJE DE VICTIMIZACIÓN POR EL DELITO DE ROBO E INTENTO DE ROBO DE DINERO, CARTERA Y CELULAR",8,AÑO,2013,9,DEPARTAMENTO,HUANCAVELICA,HUANCAVELICA,victimizacion_robo_pct,2013,22.1,DEPARTAMENTO
20.6,"PORCENTAJE DE VICTIMIZACIÓN POR EL DELITO DE ROBO E INTENTO DE ROBO DE DINERO, CARTERA Y CELULAR",9,AÑO,2013,3,DEPARTAMENTO,APURÍMAC,APURIMAC,victimizacion_robo_pct,2013,20.6,DEPARTAMENTO
20.4,"PORCENTAJE DE VICTIMIZACIÓN POR EL DELITO DE ROBO E INTENTO DE ROBO DE DINERO, CARTERA Y CELULAR",10,AÑO,2013,24,DEPARTAMENTO,TUMBES,TUMBES,victimizacion_robo_pct,2013,20.4,DEPARTAMENTO
19.9,"PORCENTAJE DE VICTIMIZACIÓN POR EL DELITO DE ROBO E INTENTO DE ROBO DE DINERO, CARTERA Y CELULAR",11,AÑO,2013,5,DEPARTAMENTO,AYACUCHO,AYACUCHO,victimizacion_robo_pct,2013,19.9,DEPARTAMENTO
19.2,"PORCENTAJE DE VICTIMIZACIÓN POR EL DELITO DE ROBO E INTENTO DE ROBO DE DINERO, CARTERA Y CELULAR",12,AÑO,2013,18,DEPARTAMENTO,MOQUEGUA,MOQUEGUA,victimizacion_robo_pct,2013,19.2,DEPARTAMENTO
18.5,"PORCENTAJE DE VICTIMIZACIÓN POR EL DELITO DE ROBO E INTENTO DE ROBO DE DINERO, CARTERA Y CELULAR",13,AÑO,2013,2,DEPARTAMENTO,ÁNCASH,ANCASH,victimizacion_robo_pct,2013,18.5,DEPARTAMENTO
18.5,"PORCENTAJE DE VICTIMIZACIÓN POR EL DELITO DE ROBO E INTENTO DE ROBO DE DINERO, CARTERA Y CELULAR",14,AÑO,2013,19,DEPARTAMENTO,PASCO,PASCO,victimizacion_robo_pct,2013,18.5,DEPARTAMENTO
18.3,"PORCENTAJE DE VICTIMIZACIÓN POR EL DELITO DE ROBO E INTENTO DE ROBO DE DINERO, CARTERA Y CELULAR",15,AÑO,2013,13,DEPARTAMENTO,LA LIBERTAD,LA LIBERTAD,victimizacion_robo_pct,2013,18.3,DEPARTAMENTO
18.1,"PORCENTAJE DE VICTIMIZACIÓN POR EL DELITO DE ROBO E INTENTO DE ROBO DE DINERO, CARTERA Y CELULAR",16,AÑO,2013,10,DEPARTAMENTO,HUÁNUCO,HUANUCO,victimizacion_robo_pct,2013,18.1,DEPARTAMENTO
18.1,"PORCENTAJE DE VICTIMIZACIÓN POR EL DELITO DE ROBO E INTENTO DE ROBO DE DINERO, CARTERA Y CELULAR",17,AÑO,2013,20,DEPARTAMENTO,PIURA,PIURA,victimizacion_robo_pct,2013,18.1,DEPARTAMENTO
17.8,"PORCENTAJE DE VICTIMIZACIÓN POR EL DELITO DE ROBO E INTENTO DE ROBO DE DINERO, CARTERA Y CELULAR",18,AÑO,2013,14,DEPARTAMENTO,LAMBAYEQUE,LAMBAYEQUE,victimizacion_robo_pct,2013,17.8,DEPARTAMENTO
16.7,"PORCENTAJE DE VICTIMIZACIÓN POR EL DELITO DE ROBO E INTENTO DE ROBO DE DINERO, CARTERA Y CELULAR",19,AÑO,2013,11,DEPARTAMENTO,ICA,ICA,victimizacion_robo_pct,2013,16.7,DEPARTAMENTO
16.4,"PORCENTAJE DE VICTIMIZACIÓN POR EL DELITO DE ROBO E INTENTO DE ROBO DE DINERO, CARTERA Y CELULAR",20,AÑO,2013,1599,DEPARTAMENTO,REGIÓN LIMA,LIMA,victimizacion_robo_pct,2013,16.4,DEPARTAMENTO
15.5,"PORCENTAJE DE VICTIMIZACIÓN POR EL DELITO DE ROBO E INTENTO DE ROBO DE DINERO, CARTERA Y CELULAR",21,AÑO,2013,16,DEPARTAMENTO,LORETO,LORETO,victimizacion_robo_pct,2013,15.5,DEPARTAMENTO
15.4,"PORCENTAJE DE VICTIMIZACIÓN POR EL DELITO DE ROBO E INTENTO DE ROBO DE DINERO, CARTERA Y CELULAR",22,AÑO,2013,6,DEPARTAMENTO,CAJAMARCA,CAJAMARCA,victimizacion_robo_pct,2013,15.4,DEPARTAMENTO
14.5,"PORCENTAJE DE VICTIMIZACIÓN POR EL DELITO DE ROBO E INTENTO DE ROBO DE DINERO, CARTERA Y CELULAR",23,AÑO,2013,17,DEPARTAMENTO,MADRE DE DIOS,MADRE DE DIOS,victimizacion_robo_pct,2013,14.5,DEPARTAMENTO
14.4,"PORCENTAJE DE VICTIMIZACIÓN POR EL DELITO DE ROBO E INTENTO DE ROBO DE DINERO, CARTERA Y CELULAR",24,AÑO,2013,25,DEPARTAMENTO,UCAYALI,UCAYALI,victimizacion_robo_pct,2013,14.4,DEPARTAMENTO
8.6,"PORCENTAJE DE VICTIMIZACIÓN POR EL DELITO DE ROBO E INTENTO DE ROBO DE DINERO, CARTERA Y CELULAR",25,AÑO,2013,1,DEPARTAMENTO,AMAZONAS,AMAZONAS,victimizacion_robo_pct,2013,8.6,DEPARTAMENTO
7.9,"PORCENTAJE DE VICTIMIZACIÓN POR EL DELITO DE ROBO E INTENTO DE ROBO DE DINERO, CARTERA Y CELULAR",26,AÑO,2013,22,DEPARTAMENTO,SAN MARTÍN,SAN MARTIN,victimizacion_robo_pct,2013,7.9,DEPARTAMENTO
20.4,"PORCENTAJE DE VICTIMIZACIÓN POR EL DELITO DE ROBO E INTENTO DE ROBO DE DINERO, CARTERA Y CELULAR",0,AÑO,2014,0,NACIONAL,NACIONAL,NACIONAL,victimizacion_robo_pct,2014,20.4,NACIONAL
27.2,"PORCENTAJE DE VICTIMIZACIÓN POR EL DELITO DE ROBO E INTENTO DE ROBO DE DINERO, CARTERA Y CELULAR",1,AÑO,2014,21,DEPARTAMENTO,PUNO,PUNO,victimizacion_robo_pct,2014,27.2,DEPARTAMENTO
26.8,"PORCENTAJE DE VICTIMIZACIÓN POR EL DELITO DE ROBO E INTENTO DE ROBO DE DINERO, CARTERA Y CELULAR",2,AÑO,2014,12,DEPARTAMENTO,JUNÍN,JUNIN,victimizacion_robo_pct,2014,26.8,DEPARTAMENTO
26.6,"PORCENTAJE DE VICTIMIZACIÓN POR EL DELITO DE ROBO E INTENTO DE ROBO DE DINERO, CARTERA Y CELULAR",3,AÑO,2014,23,DEPARTAMENTO,TACNA,TACNA,victimizacion_robo_pct,2014,26.6,DEPARTAMENTO
23.6,"PORCENTAJE DE VICTIMIZACIÓN POR EL DELITO DE ROBO E INTENTO DE ROBO DE DINERO, CARTERA Y CELULAR",4,AÑO,2014,1501,DEPARTAMENTO,LIMA METROPOLITANA,LIMA,victimizacion_robo_pct,2014,23.6,DEPARTAMENTO
23.5,"PORCENTAJE DE VICTIMIZACIÓN POR EL DELITO DE ROBO E INTENTO DE ROBO DE DINERO, CARTERA Y CELULAR",5,AÑO,2014,4,DEPARTAMENTO,AREQUIPA,AREQUIPA,victimizacion_robo_pct,2014,23.5,DEPARTAMENTO
23.4,"PORCENTAJE DE VICTIMIZACIÓN POR EL DELITO DE ROBO E INTENTO DE ROBO DE DINERO, CARTERA Y CELULAR",6,AÑO,2014,8,DEPARTAMENTO,CUSCO,CUSCO,victimizacion_robo_pct,2014,23.4,DEPARTAMENTO
20.5,"PORCENTAJE DE VICTIMIZACIÓN POR EL DELITO DE ROBO E INTENTO DE ROBO DE DINERO, CARTERA Y CELULAR",7,AÑO,2014,7,DEPARTAMENTO,PROV. CONST. DEL CALLAO,CALLAO,victimizacion_robo_pct,2014,20.5,DEPARTAMENTO
18.9,"PORCENTAJE DE VICTIMIZACIÓN POR EL DELITO DE ROBO E INTENTO DE ROBO DE DINERO, CARTERA Y CELULAR",8,AÑO,2014,9,DEPARTAMENTO,HUANCAVELICA,HUANCAVELICA,victimizacion_robo_pct,2014,18.9,DEPARTAMENTO
18.6,"PORCENTAJE DE VICTIMIZACIÓN POR EL DELITO DE ROBO E INTENTO DE ROBO DE DINERO, CARTERA Y CELULAR",9,AÑO,2014,13,DEPARTAMENTO,LA LIBERTAD,LA LIBERTAD,victimizacion_robo_pct,2014,18.6,DEPARTAMENTO
17.7,"PORCENTAJE DE VICTIMIZACIÓN POR EL DELITO DE ROBO E INTENTO DE ROBO DE DINERO, CARTERA Y CELULAR",10,AÑO,2014,1599,DEPARTAMENTO,REGIÓN LIMA,LIMA,victimizacion_robo_pct,2014,17.7,DEPARTAMENTO
17.3,"PORCENTAJE DE VICTIMIZACIÓN POR EL DELITO DE ROBO E INTENTO DE ROBO DE DINERO, CARTERA Y CELULAR",11,AÑO,2014,10,DEPARTAMENTO,HUÁNUCO,HUANUCO,victimizacion_robo_pct,2014,17.3,DEPARTAMENTO
17.2,"PORCENTAJE DE VICTIMIZACIÓN POR EL DELITO DE ROBO E INTENTO DE ROBO DE DINERO, CARTERA Y CELULAR",12,AÑO,2014,19,DEPARTAMENTO,PASCO,PASCO,victimizacion_robo_pct,2014,17.2,DEPARTAMENTO
17.0,"PORCENTAJE DE VICTIMIZACIÓN POR EL DELITO DE ROBO E INTENTO DE ROBO DE DINERO, CARTERA Y CELULAR",13,AÑO,2014,3,DEPARTAMENTO,APURÍMAC,APURIMAC,victimizacion_robo_pct,2014,17.0,DEPARTAMENTO
16.7,"PORCENTAJE DE VICTIMIZACIÓN POR EL DELITO DE ROBO E INTENTO DE ROBO DE DINERO, CARTERA Y CELULAR",14,AÑO,2014,14,DEPARTAMENTO,LAMBAYEQUE,LAMBAYEQUE,victimizacion_robo_pct,2014,16.7,DEPARTAMENTO
16.6,"PORCENTAJE DE VICTIMIZACIÓN POR EL DELITO DE ROBO E INTENTO DE ROBO DE DINERO, CARTERA Y CELULAR",15,AÑO,2014,2,DEPARTAMENTO,ÁNCASH,ANCASH,victimizacion_robo_pct,2014,16.6,DEPARTAMENTO
16.2,"PORCENTAJE DE VICTIMIZACIÓN POR EL DELITO DE ROBO E INTENTO DE ROBO DE DINERO, CARTERA Y CELULAR",16,AÑO,2014,17,DEPARTAMENTO,MADRE DE DIOS,MADRE DE DIOS,victimizacion_robo_pct,2014,16.2,DEPARTAMENTO
16.1,"PORCENTAJE DE VICTIMIZACIÓN POR EL DELITO DE ROBO E INTENTO DE ROBO DE DINERO, CARTERA Y CELULAR",17,AÑO,2014,5,DEPARTAMENTO,AYACUCHO,AYACUCHO,victimizacion_robo_pct,2014,16.1,DEPARTAMENTO
15.6,"PORCENTAJE DE VICTIMIZACIÓN POR EL DELITO DE ROBO E INTENTO DE ROBO DE DINERO, CARTERA Y CELULAR",18,AÑO,2014,24,DEPARTAMENTO,TUMBES,TUMBES,victimizacion_robo_pct,2014,15.6,DEPARTAMENTO
15.1,"PORCENTAJE DE VICTIMIZACIÓN POR EL DELITO DE ROBO E INTENTO DE ROBO DE DINERO, CARTERA Y CELULAR",19,AÑO,2014,6,DEPARTAMENTO,CAJAMARCA,CAJAMARCA,victimizacion_robo_pct,2014,15.1,DEPARTAMENTO
14.9,"PORCENTAJE DE VICTIMIZACIÓN POR EL DELITO DE ROBO E INTENTO DE ROBO DE DINERO, CARTERA Y CELULAR",20,AÑO,2014,20,DEPARTAMENTO,PIURA,PIURA,victimizacion_robo_pct,2014,14.9,DEPARTAMENTO
14.4,"PORCENTAJE DE VICTIMIZACIÓN POR EL DELITO DE ROBO E INTENTO DE ROBO DE DINERO, CARTERA Y CELULAR",21,AÑO,2014,11,DEPARTAMENTO,ICA,ICA,victimizacion_robo_pct,2014,14.4,DEPARTAMENTO
14.3,"PORCENTAJE DE VICTIMIZACIÓN POR EL DELITO DE ROBO E INTENTO DE ROBO DE DINERO, CARTERA Y CELULAR",22,AÑO,2014,18,DEPARTAMENTO,MOQUEGUA,MOQUEGUA,victimizacion_robo_pct,2014,14.3,DEPARTAMENTO
14.3,"PORCENTAJE DE VICTIMIZACIÓN POR EL DELITO DE ROBO E INTENTO DE ROBO DE DINERO, CARTERA Y CELULAR",23,AÑO,2014,16,DEPARTAMENTO,LORETO,LORETO,victimizacion_robo_pct,2014,14.3,DEPARTAMENTO
12.1,"PORCENTAJE DE VICTIMIZACIÓN POR EL DELITO DE ROBO E INTENTO DE ROBO DE DINERO, CARTERA Y CELULAR",24,AÑO,2014,25,DEPARTAMENTO,UCAYALI,UCAYALI,victimizacion_robo_pct,2014,12.1,DEPARTAMENTO
7.1,"PORCENTAJE DE VICTIMIZACIÓN POR EL DELITO DE ROBO E INTENTO DE ROBO DE DINERO, CARTERA Y CELULAR",25,AÑO,2014,1,DEPARTAMENTO,AMAZONAS,AMAZONAS,victimizacion_robo_pct,2014,7.1,DEPARTAMENTO
6.9,"PORCENTAJE DE VICTIMIZACIÓN POR EL DELITO DE ROBO E INTENTO DE ROBO DE DINERO, CARTERA Y CELULAR",26,AÑO,2014,22,DEPARTAMENTO,SAN MARTÍN,SAN MARTIN,victimizacion_robo_pct,2014,6.9,DEPARTAMENTO
19.7,"PORCENTAJE DE VICTIMIZACIÓN POR EL DELITO DE ROBO E INTENTO DE ROBO DE DINERO, CARTERA Y CELULAR",0,AÑO,2015,0,NACIONAL,NACIONAL,NACIONAL,victimizacion_robo_pct,2015,19.7,NACIONAL
29.6,"PORCENTAJE DE VICTIMIZACIÓN POR EL DELITO DE ROBO E INTENTO DE ROBO DE DINERO, CARTERA Y CELULAR",1,AÑO,2015,21,DEPARTAMENTO,PUNO,PUNO,victimizacion_robo_pct,2015,29.6,DEPARTAMENTO
24.7,"PORCENTAJE DE VICTIMIZACIÓN POR EL DELITO DE ROBO E INTENTO DE ROBO DE DINERO, CARTERA Y CELULAR",2,AÑO,2015,8,DEPARTAMENTO,CUSCO,CUSCO,victimizacion_robo_pct,2015,24.7,DEPARTAMENTO
23.8,"PORCENTAJE DE VICTIMIZACIÓN POR EL DELITO DE ROBO E INTENTO DE ROBO DE DINERO, CARTERA Y CELULAR",3,AÑO,2015,12,DEPARTAMENTO,JUNÍN,JUNIN,victimizacion_robo_pct,2015,23.8,DEPARTAMENTO
23.1,"PORCENTAJE DE VICTIMIZACIÓN POR EL DELITO DE ROBO E INTENTO DE ROBO DE DINERO, CARTERA Y CELULAR",4,AÑO,2015,23,DEPARTAMENTO,TACNA,TACNA,victimizacion_robo_pct,2015,23.1,DEPARTAMENTO
23.0,"PORCENTAJE DE VICTIMIZACIÓN POR EL DELITO DE ROBO E INTENTO DE ROBO DE DINERO, CARTERA Y CELULAR",5,AÑO,2015,4,DEPARTAMENTO,AREQUIPA,AREQUIPA,victimizacion_robo_pct,2015,23.0,DEPARTAMENTO
22.1,"PORCENTAJE DE VICTIMIZACIÓN POR EL DELITO DE ROBO E INTENTO DE ROBO DE DINERO, CARTERA Y CELULAR",6,AÑO,2015,1501,DEPARTAMENTO,LIMA METROPOLITANA,LIMA,victimizacion_robo_pct,2015,22.1,DEPARTAMENTO
21.2,"PORCENTAJE DE VICTIMIZACIÓN POR EL DELITO DE ROBO E INTENTO DE ROBO DE DINERO, CARTERA Y CELULAR",7,AÑO,2015,7,DEPARTAMENTO,PROV. CONST. DEL CALLAO,CALLAO,victimizacion_robo_pct,2015,21.2,DEPARTAMENTO
19.0,"PORCENTAJE DE VICTIMIZACIÓN POR EL DELITO DE ROBO E INTENTO DE ROBO DE DINERO, CARTERA Y CELULAR",8,AÑO,2015,9,DEPARTAMENTO,HUANCAVELICA,HUANCAVELICA,victimizacion_robo_pct,2015,19.0,DEPARTAMENTO
18.4,"PORCENTAJE DE VICTIMIZACIÓN POR EL DELITO DE ROBO E INTENTO DE ROBO DE DINERO, CARTERA Y CELULAR",9,AÑO,2015,13,DEPARTAMENTO,LA LIBERTAD,LA LIBERTAD,victimizacion_robo_pct,2015,18.4,DEPARTAMENTO
17.7,"PORCENTAJE DE VICTIMIZACIÓN POR EL DELITO DE ROBO E INTENTO DE ROBO DE DINERO, CARTERA Y CELULAR",10,AÑO,2015,14,DEPARTAMENTO,LAMBAYEQUE,LAMBAYEQUE,victimizacion_robo_pct,2015,17.7,DEPARTAMENTO
17.6,"PORCENTAJE DE VICTIMIZACIÓN POR EL DELITO DE ROBO E INTENTO DE ROBO DE DINERO, CARTERA Y CELULAR",11,AÑO,2015,5,DEPARTAMENTO,AYACUCHO,AYACUCHO,victimizacion_robo_pct,2015,17.6,DEPARTAMENTO
17.1,"PORCENTAJE DE VICTIMIZACIÓN POR EL DELITO DE ROBO E INTENTO DE ROBO DE DINERO, CARTERA Y CELULAR",12,AÑO,2015,3,DEPARTAMENTO,APURÍMAC,APURIMAC,victimizacion_robo_pct,2015,17.1,DEPARTAMENTO
16.6,"PORCENTAJE DE VICTIMIZACIÓN POR EL DELITO DE ROBO E INTENTO DE ROBO DE DINERO, CARTERA Y CELULAR",13,AÑO,2015,2,DEPARTAMENTO,ÁNCASH,ANCASH,victimizacion_robo_pct,2015,16.6,DEPARTAMENTO
16.6,"PORCENTAJE DE VICTIMIZACIÓN POR EL DELITO DE ROBO E INTENTO DE ROBO DE DINERO, CARTERA Y CELULAR",14,AÑO,2015,20,DEPARTAMENTO,PIURA,PIURA,victimizacion_robo_pct,2015,16.6,DEPARTAMENTO
15.9,"PORCENTAJE DE VICTIMIZACIÓN POR EL DELITO DE ROBO E INTENTO DE ROBO DE DINERO, CARTERA Y CELULAR",15,AÑO,2015,10,DEPARTAMENTO,HUÁNUCO,HUANUCO,victimizacion_robo_pct,2015,15.9,DEPARTAMENTO
15.8,"PORCENTAJE DE VICTIMIZACIÓN POR EL DELITO DE ROBO E INTENTO DE ROBO DE DINERO, CARTERA Y CELULAR",16,AÑO,2015,1599,DEPARTAMENTO,REGIÓN LIMA,LIMA,victimizacion_robo_pct,2015,15.8,DEPARTAMENTO
15.5,"PORCENTAJE DE VICTIMIZACIÓN POR EL DELITO DE ROBO E INTENTO DE ROBO DE DINERO, CARTERA Y CELULAR",17,AÑO,2015,19,DEPARTAMENTO,PASCO,PASCO,victimizacion_robo_pct,2015,15.5,DEPARTAMENTO
15.4,"PORCENTAJE DE VICTIMIZACIÓN POR EL DELITO DE ROBO E INTENTO DE ROBO DE DINERO, CARTERA Y CELULAR",18,AÑO,2015,18,DEPARTAMENTO,MOQUEGUA,MOQUEGUA,victimizacion_robo_pct,2015,15.4,DEPARTAMENTO
15.3,"PORCENTAJE DE VICTIMIZACIÓN POR EL DELITO DE ROBO E INTENTO DE ROBO DE DINERO, CARTERA Y CELULAR",19,AÑO,2015,17,DEPARTAMENTO,MADRE DE DIOS,MADRE DE DIOS,victimizacion_robo_pct,2015,15.3,DEPARTAMENTO
14.7,"PORCENTAJE DE VICTIMIZACIÓN POR EL DELITO DE ROBO E INTENTO DE ROBO DE DINERO, CARTERA Y CELULAR",20,AÑO,2015,11,DEPARTAMENTO,ICA,ICA,victimizacion_robo_pct,2015,14.7,DEPARTAMENTO
13.4,"PORCENTAJE DE VICTIMIZACIÓN POR EL DELITO DE ROBO E INTENTO DE ROBO DE DINERO, CARTERA Y CELULAR",21,AÑO,2015,24,DEPARTAMENTO,TUMBES,TUMBES,victimizacion_robo_pct,2015,13.4,DEPARTAMENTO
12.2,"PORCENTAJE DE VICTIMIZACIÓN POR EL DELITO DE ROBO E INTENTO DE ROBO DE DINERO, CARTERA Y CELULAR",22,AÑO,2015,16,DEPARTAMENTO,LORETO,LORETO,victimizacion_robo_pct,2015,12.2,DEPARTAMENTO
12.0,"PORCENTAJE DE VICTIMIZACIÓN POR EL DELITO DE ROBO E INTENTO DE ROBO DE DINERO, CARTERA Y CELULAR",23,AÑO,2015,6,DEPARTAMENTO,CAJAMARCA,CAJAMARCA,victimizacion_robo_pct,2015,12.0,DEPARTAMENTO
10.5,"PORCENTAJE DE VICTIMIZACIÓN POR EL DELITO DE ROBO E INTENTO DE ROBO DE DINERO, CARTERA Y CELULAR",24,AÑO,2015,25,DEPARTAMENTO,UCAYALI,UCAYALI,victimizacion_robo_pct,2015,10.5,DEPARTAMENTO
6.8,"PORCENTAJE DE VICTIMIZACIÓN POR EL DELITO DE ROBO E INTENTO DE ROBO DE DINERO, CARTERA Y CELULAR",25,AÑO,2015,1,DEPARTAMENTO,AMAZONAS,AMAZONAS,victimizacion_robo_pct,2015,6.8,DEPARTAMENTO
5.3,"PORCENTAJE DE VICTIMIZACIÓN POR EL DELITO DE ROBO E INTENTO DE ROBO DE DINERO, CARTERA Y CELULAR",26,AÑO,2015,22,DEPARTAMENTO,SAN MARTÍN,SAN MARTIN,victimizacion_robo_pct,2015,5.3,DEPARTAMENTO
18.0,"PORCENTAJE DE VICTIMIZACIÓN POR EL DELITO DE ROBO E INTENTO DE ROBO DE DINERO, CARTERA Y CELULAR",0,AÑO,2016,0,NACIONAL,NACIONAL,NACIONAL,victimizacion_robo_pct,2016,18.0,NACIONAL
29.1,"PORCENTAJE DE VICTIMIZACIÓN POR EL DELITO DE ROBO E INTENTO DE ROBO DE DINERO, CARTERA Y CELULAR",1,AÑO,2016,8,DEPARTAMENTO,CUSCO,CUSCO,victimizacion_robo_pct,2016,29.1,DEPARTAMENTO
24.3,"PORCENTAJE DE VICTIMIZACIÓN POR EL DELITO DE ROBO E INTENTO DE ROBO DE DINERO, CARTERA Y CELULAR",2,AÑO,2016,12,DEPARTAMENTO,JUNÍN,JUNIN,victimizacion_robo_pct,2016,24.3,DEPARTAMENTO
24.1,"PORCENTAJE DE VICTIMIZACIÓN POR EL DELITO DE ROBO E INTENTO DE ROBO DE DINERO, CARTERA Y CELULAR",3,AÑO,2016,21,DEPARTAMENTO,PUNO,PUNO,victimizacion_robo_pct,2016,24.1,DEPARTAMENTO
21.1,"PORCENTAJE DE VICTIMIZACIÓN POR EL DELITO DE ROBO E INTENTO DE ROBO DE DINERO, CARTERA Y CELULAR",4,AÑO,2016,5,DEPARTAMENTO,AYACUCHO,AYACUCHO,victimizacion_robo_pct,2016,21.1,DEPARTAMENTO
21.1,"PORCENTAJE DE VICTIMIZACIÓN POR EL DELITO DE ROBO E INTENTO DE ROBO DE DINERO, CARTERA Y CELULAR",5,AÑO,2016,7,DEPARTAMENTO,PROV. CONST. DEL CALLAO,CALLAO,victimizacion_robo_pct,2016,21.1,DEPARTAMENTO
21.1,"PORCENTAJE DE VICTIMIZACIÓN POR EL DELITO DE ROBO E INTENTO DE ROBO DE DINERO, CARTERA Y CELULAR",6,AÑO,2016,23,DEPARTAMENTO,TACNA,TACNA,victimizacion_robo_pct,2016,21.1,DEPARTAMENTO
20.5,"PORCENTAJE DE VICTIMIZACIÓN POR EL DELITO DE ROBO E INTENTO DE ROBO DE DINERO, CARTERA Y CELULAR",7,AÑO,2016,1501,DEPARTAMENTO,LIMA METROPOLITANA,LIMA,victimizacion_robo_pct,2016,20.5,DEPARTAMENTO
20.0,"PORCENTAJE DE VICTIMIZACIÓN POR EL DELITO DE ROBO E INTENTO DE ROBO DE DINERO, CARTERA Y CELULAR",8,AÑO,2016,9,DEPARTAMENTO,HUANCAVELICA,HUANCAVELICA,victimizacion_robo_pct,2016,20.0,DEPARTAMENTO
19.7,"PORCENTAJE DE VICTIMIZACIÓN POR EL DELITO DE ROBO E INTENTO DE ROBO DE DINERO, CARTERA Y CELULAR",9,AÑO,2016,4,DEPARTAMENTO,AREQUIPA,AREQUIPA,victimizacion_robo_pct,2016,19.7,DEPARTAMENTO
16.3,"PORCENTAJE DE VICTIMIZACIÓN POR EL DELITO DE ROBO E INTENTO DE ROBO DE DINERO, CARTERA Y CELULAR",10,AÑO,2016,17,DEPARTAMENTO,MADRE DE DIOS,MADRE DE DIOS,victimizacion_robo_pct,2016,16.3,DEPARTAMENTO
15.8,"PORCENTAJE DE VICTIMIZACIÓN POR EL DELITO DE ROBO E INTENTO DE ROBO DE DINERO, CARTERA Y CELULAR",11,AÑO,2016,13,DEPARTAMENTO,LA LIBERTAD,LA LIBERTAD,victimizacion_robo_pct,2016,15.8,DEPARTAMENTO
15.4,"PORCENTAJE DE VICTIMIZACIÓN POR EL DELITO DE ROBO E INTENTO DE ROBO DE DINERO, CARTERA Y CELULAR",12,AÑO,2016,1599,DEPARTAMENTO,REGIÓN LIMA,LIMA,victimizacion_robo_pct,2016,15.4,DEPARTAMENTO
14.7,"PORCENTAJE DE VICTIMIZACIÓN POR EL DELITO DE ROBO E INTENTO DE ROBO DE DINERO, CARTERA Y CELULAR",13,AÑO,2016,19,DEPARTAMENTO,PASCO,PASCO,victimizacion_robo_pct,2016,14.7,DEPARTAMENTO
14.4,"PORCENTAJE DE VICTIMIZACIÓN POR EL DELITO DE ROBO E INTENTO DE ROBO DE DINERO, CARTERA Y CELULAR",14,AÑO,2016,3,DEPARTAMENTO,APURÍMAC,APURIMAC,victimizacion_robo_pct,2016,14.4,DEPARTAMENTO
14.2,"PORCENTAJE DE VICTIMIZACIÓN POR EL DELITO DE ROBO E INTENTO DE ROBO DE DINERO, CARTERA Y CELULAR",15,AÑO,2016,14,DEPARTAMENTO,LAMBAYEQUE,LAMBAYEQUE,victimizacion_robo_pct,2016,14.2,DEPARTAMENTO
13.8,"PORCENTAJE DE VICTIMIZACIÓN POR EL DELITO DE ROBO E INTENTO DE ROBO DE DINERO, CARTERA Y CELULAR",16,AÑO,2016,10,DEPARTAMENTO,HUÁNUCO,HUANUCO,victimizacion_robo_pct,2016,13.8,DEPARTAMENTO
13.1,"PORCENTAJE DE VICTIMIZACIÓN POR EL DELITO DE ROBO E INTENTO DE ROBO DE DINERO, CARTERA Y CELULAR",17,AÑO,2016,6,DEPARTAMENTO,CAJAMARCA,CAJAMARCA,victimizacion_robo_pct,2016,13.1,DEPARTAMENTO
13.0,"PORCENTAJE DE VICTIMIZACIÓN POR EL DELITO DE ROBO E INTENTO DE ROBO DE DINERO, CARTERA Y CELULAR",18,AÑO,2016,11,DEPARTAMENTO,ICA,ICA,victimizacion_robo_pct,2016,13.0,DEPARTAMENTO
12.9,"PORCENTAJE DE VICTIMIZACIÓN POR EL DELITO DE ROBO E INTENTO DE ROBO DE DINERO, CARTERA Y CELULAR",19,AÑO,2016,20,DEPARTAMENTO,PIURA,PIURA,victimizacion_robo_pct,2016,12.9,DEPARTAMENTO
12.7,"PORCENTAJE DE VICTIMIZACIÓN POR EL DELITO DE ROBO E INTENTO DE ROBO DE DINERO, CARTERA Y CELULAR",20,AÑO,2016,2,DEPARTAMENTO,ÁNCASH,ANCASH,victimizacion_robo_pct,2016,12.7,DEPARTAMENTO
12.0,"PORCENTAJE DE VICTIMIZACIÓN POR EL DELITO DE ROBO E INTENTO DE ROBO DE DINERO, CARTERA Y CELULAR",21,AÑO,2016,16,DEPARTAMENTO,LORETO,LORETO,victimizacion_robo_pct,2016,12.0,DEPARTAMENTO
11.7,"PORCENTAJE DE VICTIMIZACIÓN POR EL DELITO DE ROBO E INTENTO DE ROBO DE DINERO, CARTERA Y CELULAR",22,AÑO,2016,24,DEPARTAMENTO,TUMBES,TUMBES,victimizacion_robo_pct,2016,11.7,DEPARTAMENTO
10.9,"PORCENTAJE DE VICTIMIZACIÓN POR EL DELITO DE ROBO E INTENTO DE ROBO DE DINERO, CARTERA Y CELULAR",23,AÑO,2016,18,DEPARTAMENTO,MOQUEGUA,MOQUEGUA,victimizacion_robo_pct,2016,10.9,DEPARTAMENTO
10.1,"PORCENTAJE DE VICTIMIZACIÓN POR EL DELITO DE ROBO E INTENTO DE ROBO DE DINERO, CARTERA Y CELULAR",24,AÑO,2016,25,DEPARTAMENTO,UCAYALI,UCAYALI,victimizacion_robo_pct,2016,10.1,DEPARTAMENTO
7.4,"PORCENTAJE DE VICTIMIZACIÓN POR EL DELITO DE ROBO E INTENTO DE ROBO DE DINERO, CARTERA Y CELULAR",25,AÑO,2016,1,DEPARTAMENTO,AMAZONAS,AMAZONAS,victimizacion_robo_pct,2016,7.4,DEPARTAMENTO
5.3,"PORCENTAJE DE VICTIMIZACIÓN POR EL DELITO DE ROBO E INTENTO DE ROBO DE DINERO, CARTERA Y CELULAR",26,AÑO,2016,22,DEPARTAMENTO,SAN MARTÍN,SAN MARTIN,victimizacion_robo_pct,2016,5.3,DEPARTAMENTO
17.2,"PORCENTAJE DE VICTIMIZACIÓN POR EL DELITO DE ROBO E INTENTO DE ROBO DE DINERO, CARTERA Y CELULAR",0,AÑO,2017,0,NACIONAL,NACIONAL,NACIONAL,victimizacion_robo_pct,2017,17.2,NACIONAL
26.5,"PORCENTAJE DE VICTIMIZACIÓN POR EL DELITO DE ROBO E INTENTO DE ROBO DE DINERO, CARTERA Y CELULAR",1,AÑO,2017,23,DEPARTAMENTO,TACNA,TACNA,victimizacion_robo_pct,2017,26.5,DEPARTAMENTO
23.5,"PORCENTAJE DE VICTIMIZACIÓN POR EL DELITO DE ROBO E INTENTO DE ROBO DE DINERO, CARTERA Y CELULAR",2,AÑO,2017,8,DEPARTAMENTO,CUSCO,CUSCO,victimizacion_robo_pct,2017,23.5,DEPARTAMENTO
22.2,"PORCENTAJE DE VICTIMIZACIÓN POR EL DELITO DE ROBO E INTENTO DE ROBO DE DINERO, CARTERA Y CELULAR",3,AÑO,2017,21,DEPARTAMENTO,PUNO,PUNO,victimizacion_robo_pct,2017,22.2,DEPARTAMENTO
21.1,"PORCENTAJE DE VICTIMIZACIÓN POR EL DELITO DE ROBO E INTENTO DE ROBO DE DINERO, CARTERA Y CELULAR",4,AÑO,2017,12,DEPARTAMENTO,JUNÍN,JUNIN,victimizacion_robo_pct,2017,21.1,DEPARTAMENTO
20.5,"PORCENTAJE DE VICTIMIZACIÓN POR EL DELITO DE ROBO E INTENTO DE ROBO DE DINERO, CARTERA Y CELULAR",5,AÑO,2017,1501,DEPARTAMENTO,LIMA METROPOLITANA,LIMA,victimizacion_robo_pct,2017,20.5,DEPARTAMENTO
20.2,"PORCENTAJE DE VICTIMIZACIÓN POR EL DELITO DE ROBO E INTENTO DE ROBO DE DINERO, CARTERA Y CELULAR",6,AÑO,2017,7,DEPARTAMENTO,PROV. CONST. DEL CALLAO,CALLAO,victimizacion_robo_pct,2017,20.2,DEPARTAMENTO
18.9,"PORCENTAJE DE VICTIMIZACIÓN POR EL DELITO DE ROBO E INTENTO DE ROBO DE DINERO, CARTERA Y CELULAR",7,AÑO,2017,4,DEPARTAMENTO,AREQUIPA,AREQUIPA,victimizacion_robo_pct,2017,18.9,DEPARTAMENTO
18.3,"PORCENTAJE DE VICTIMIZACIÓN POR EL DELITO DE ROBO E INTENTO DE ROBO DE DINERO, CARTERA Y CELULAR",8,AÑO,2017,5,DEPARTAMENTO,AYACUCHO,AYACUCHO,victimizacion_robo_pct,2017,18.3,DEPARTAMENTO
16.0,"PORCENTAJE DE VICTIMIZACIÓN POR EL DELITO DE ROBO E INTENTO DE ROBO DE DINERO, CARTERA Y CELULAR",9,AÑO,2017,17,DEPARTAMENTO,MADRE DE DIOS,MADRE DE DIOS,victimizacion_robo_pct,2017,16.0,DEPARTAMENTO
15.3,"PORCENTAJE DE VICTIMIZACIÓN POR EL DELITO DE ROBO E INTENTO DE ROBO DE DINERO, CARTERA Y CELULAR",10,AÑO,2017,13,DEPARTAMENTO,LA LIBERTAD,LA LIBERTAD,victimizacion_robo_pct,2017,15.3,DEPARTAMENTO
14.8,"PORCENTAJE DE VICTIMIZACIÓN POR EL DELITO DE ROBO E INTENTO DE ROBO DE DINERO, CARTERA Y CELULAR",11,AÑO,2017,9,DEPARTAMENTO,HUANCAVELICA,HUANCAVELICA,victimizacion_robo_pct,2017,14.8,DEPARTAMENTO
14.0,"PORCENTAJE DE VICTIMIZACIÓN POR EL DELITO DE ROBO E INTENTO DE ROBO DE DINERO, CARTERA Y CELULAR",12,AÑO,2017,14,DEPARTAMENTO,LAMBAYEQUE,LAMBAYEQUE,victimizacion_robo_pct,2017,14.0,DEPARTAMENTO
13.6,"PORCENTAJE DE VICTIMIZACIÓN POR EL DELITO DE ROBO E INTENTO DE ROBO DE DINERO, CARTERA Y CELULAR",13,AÑO,2017,1599,DEPARTAMENTO,REGIÓN LIMA,LIMA,victimizacion_robo_pct,2017,13.6,DEPARTAMENTO
13.3,"PORCENTAJE DE VICTIMIZACIÓN POR EL DELITO DE ROBO E INTENTO DE ROBO DE DINERO, CARTERA Y CELULAR",14,AÑO,2017,3,DEPARTAMENTO,APURÍMAC,APURIMAC,victimizacion_robo_pct,2017,13.3,DEPARTAMENTO
12.0,"PORCENTAJE DE VICTIMIZACIÓN POR EL DELITO DE ROBO E INTENTO DE ROBO DE DINERO, CARTERA Y CELULAR",15,AÑO,2017,19,DEPARTAMENTO,PASCO,PASCO,victimizacion_robo_pct,2017,12.0,DEPARTAMENTO
11.9,"PORCENTAJE DE VICTIMIZACIÓN POR EL DELITO DE ROBO E INTENTO DE ROBO DE DINERO, CARTERA Y CELULAR",16,AÑO,2017,20,DEPARTAMENTO,PIURA,PIURA,victimizacion_robo_pct,2017,11.9,DEPARTAMENTO
11.5,"PORCENTAJE DE VICTIMIZACIÓN POR EL DELITO DE ROBO E INTENTO DE ROBO DE DINERO, CARTERA Y CELULAR",17,AÑO,2017,24,DEPARTAMENTO,TUMBES,TUMBES,victimizacion_robo_pct,2017,11.5,DEPARTAMENTO
11.5,"PORCENTAJE DE VICTIMIZACIÓN POR EL DELITO DE ROBO E INTENTO DE ROBO DE DINERO, CARTERA Y CELULAR",18,AÑO,2017,6,DEPARTAMENTO,CAJAMARCA,CAJAMARCA,victimizacion_robo_pct,2017,11.5,DEPARTAMENTO
11.0,"PORCENTAJE DE VICTIMIZACIÓN POR EL DELITO DE ROBO E INTENTO DE ROBO DE DINERO, CARTERA Y CELULAR",19,AÑO,2017,11,DEPARTAMENTO,ICA,ICA,victimizacion_robo_pct,2017,11.0,DEPARTAMENTO
11.0,"PORCENTAJE DE VICTIMIZACIÓN POR EL DELITO DE ROBO E INTENTO DE ROBO DE DINERO, CARTERA Y CELULAR",20,AÑO,2017,18,DEPARTAMENTO,MOQUEGUA,MOQUEGUA,victimizacion_robo_pct,2017,11.0,DEPARTAMENTO
10.9,"PORCENTAJE DE VICTIMIZACIÓN POR EL DELITO DE ROBO E INTENTO DE ROBO DE DINERO, CARTERA Y CELULAR",21,AÑO,2017,16,DEPARTAMENTO,LORETO,LORETO,victimizacion_robo_pct,2017,10.9,DEPARTAMENTO
10.2,"PORCENTAJE DE VICTIMIZACIÓN POR EL DELITO DE ROBO E INTENTO DE ROBO DE DINERO, CARTERA Y CELULAR",22,AÑO,2017,2,DEPARTAMENTO,ÁNCASH,ANCASH,victimizacion_robo_pct,2017,10.2,DEPARTAMENTO
10.2,"PORCENTAJE DE VICTIMIZACIÓN POR EL DELITO DE ROBO E INTENTO DE ROBO DE DINERO, CARTERA Y CELULAR",23,AÑO,2017,10,DEPARTAMENTO,HUÁNUCO,HUANUCO,victimizacion_robo_pct,2017,10.2,DEPARTAMENTO
7.9,"PORCENTAJE DE VICTIMIZACIÓN POR EL DELITO DE ROBO E INTENTO DE ROBO DE DINERO, CARTERA Y CELULAR",24,AÑO,2017,25,DEPARTAMENTO,UCAYALI,UCAYALI,victimizacion_robo_pct,2017,7.9,DEPARTAMENTO
6.9,"PORCENTAJE DE VICTIMIZACIÓN POR EL DELITO DE ROBO E INTENTO DE ROBO DE DINERO, CARTERA Y CELULAR",25,AÑO,2017,1,DEPARTAMENTO,AMAZONAS,AMAZONAS,victimizacion_robo_pct,2017,6.9,DEPARTAMENTO
5.1,"PORCENTAJE DE VICTIMIZACIÓN POR EL DELITO DE ROBO E INTENTO DE ROBO DE DINERO, CARTERA Y CELULAR",26,AÑO,2017,22,DEPARTAMENTO,SAN MARTÍN,SAN MARTIN,victimizacion_robo_pct,2017,5.1,DEPARTAMENTO
16.7,"PORCENTAJE DE VICTIMIZACIÓN POR EL DELITO DE ROBO E INTENTO DE ROBO DE DINERO, CARTERA Y CELULAR",0,AÑO,2018,0,NACIONAL,NACIONAL,NACIONAL,victimizacion_robo_pct,2018,16.7,NACIONAL
24.5,"PORCENTAJE DE VICTIMIZACIÓN POR EL DELITO DE ROBO E INTENTO DE ROBO DE DINERO, CARTERA Y CELULAR",1,AÑO,2018,12,DEPARTAMENTO,JUNÍN,JUNIN,victimizacion_robo_pct,2018,24.5,DEPARTAMENTO
22.5,"PORCENTAJE DE VICTIMIZACIÓN POR EL DELITO DE ROBO E INTENTO DE ROBO DE DINERO, CARTERA Y CELULAR",2,AÑO,2018,21,DEPARTAMENTO,PUNO,PUNO,victimizacion_robo_pct,2018,22.5,DEPARTAMENTO
21.3,"PORCENTAJE DE VICTIMIZACIÓN POR EL DELITO DE ROBO E INTENTO DE ROBO DE DINERO, CARTERA Y CELULAR",3,AÑO,2018,8,DEPARTAMENTO,CUSCO,CUSCO,victimizacion_robo_pct,2018,21.3,DEPARTAMENTO
20.9,"PORCENTAJE DE VICTIMIZACIÓN POR EL DELITO DE ROBO E INTENTO DE ROBO DE DINERO, CARTERA Y CELULAR",4,AÑO,2018,23,DEPARTAMENTO,TACNA,TACNA,victimizacion_robo_pct,2018,20.9,DEPARTAMENTO
20.1,"PORCENTAJE DE VICTIMIZACIÓN POR EL DELITO DE ROBO E INTENTO DE ROBO DE DINERO, CARTERA Y CELULAR",5,AÑO,2018,1501,DEPARTAMENTO,LIMA METROPOLITANA,LIMA,victimizacion_robo_pct,2018,20.1,DEPARTAMENTO
19.6,"PORCENTAJE DE VICTIMIZACIÓN POR EL DELITO DE ROBO E INTENTO DE ROBO DE DINERO, CARTERA Y CELULAR",6,AÑO,2018,7,DEPARTAMENTO,PROV. CONST. DEL CALLAO,CALLAO,victimizacion_robo_pct,2018,19.6,DEPARTAMENTO
18.1,"PORCENTAJE DE VICTIMIZACIÓN POR EL DELITO DE ROBO E INTENTO DE ROBO DE DINERO, CARTERA Y CELULAR",7,AÑO,2018,4,DEPARTAMENTO,AREQUIPA,AREQUIPA,victimizacion_robo_pct,2018,18.1,DEPARTAMENTO
18.0,"PORCENTAJE DE VICTIMIZACIÓN POR EL DELITO DE ROBO E INTENTO DE ROBO DE DINERO, CARTERA Y CELULAR",8,AÑO,2018,5,DEPARTAMENTO,AYACUCHO,AYACUCHO,victimizacion_robo_pct,2018,18.0,DEPARTAMENTO
16.6,"PORCENTAJE DE VICTIMIZACIÓN POR EL DELITO DE ROBO E INTENTO DE ROBO DE DINERO, CARTERA Y CELULAR",9,AÑO,2018,17,DEPARTAMENTO,MADRE DE DIOS,MADRE DE DIOS,victimizacion_robo_pct,2018,16.6,DEPARTAMENTO
14.1,"PORCENTAJE DE VICTIMIZACIÓN POR EL DELITO DE ROBO E INTENTO DE ROBO DE DINERO, CARTERA Y CELULAR",10,AÑO,2018,13,DEPARTAMENTO,LA LIBERTAD,LA LIBERTAD,victimizacion_robo_pct,2018,14.1,DEPARTAMENTO
14.0,"PORCENTAJE DE VICTIMIZACIÓN POR EL DELITO DE ROBO E INTENTO DE ROBO DE DINERO, CARTERA Y CELULAR",11,AÑO,2018,1599,DEPARTAMENTO,REGIÓN LIMA,LIMA,victimizacion_robo_pct,2018,14.0,DEPARTAMENTO
13.8,"PORCENTAJE DE VICTIMIZACIÓN POR EL DELITO DE ROBO E INTENTO DE ROBO DE DINERO, CARTERA Y CELULAR",12,AÑO,2018,9,DEPARTAMENTO,HUANCAVELICA,HUANCAVELICA,victimizacion_robo_pct,2018,13.8,DEPARTAMENTO
12.7,"PORCENTAJE DE VICTIMIZACIÓN POR EL DELITO DE ROBO E INTENTO DE ROBO DE DINERO, CARTERA Y CELULAR",13,AÑO,2018,3,DEPARTAMENTO,APURÍMAC,APURIMAC,victimizacion_robo_pct,2018,12.7,DEPARTAMENTO
11.7,"PORCENTAJE DE VICTIMIZACIÓN POR EL DELITO DE ROBO E INTENTO DE ROBO DE DINERO, CARTERA Y CELULAR",14,AÑO,2018,14,DEPARTAMENTO,LAMBAYEQUE,LAMBAYEQUE,victimizacion_robo_pct,2018,11.7,DEPARTAMENTO
11.4,"PORCENTAJE DE VICTIMIZACIÓN POR EL DELITO DE ROBO E INTENTO DE ROBO DE DINERO, CARTERA Y CELULAR",15,AÑO,2018,11,DEPARTAMENTO,ICA,ICA,victimizacion_robo_pct,2018,11.4,DEPARTAMENTO
11.3,"PORCENTAJE DE VICTIMIZACIÓN POR EL DELITO DE ROBO E INTENTO DE ROBO DE DINERO, CARTERA Y CELULAR",16,AÑO,2018,16,DEPARTAMENTO,LORETO,LORETO,victimizacion_robo_pct,2018,11.3,DEPARTAMENTO
11.1,"PORCENTAJE DE VICTIMIZACIÓN POR EL DELITO DE ROBO E INTENTO DE ROBO DE DINERO, CARTERA Y CELULAR",17,AÑO,2018,10,DEPARTAMENTO,HUÁNUCO,HUANUCO,victimizacion_robo_pct,2018,11.1,DEPARTAMENTO
10.5,"PORCENTAJE DE VICTIMIZACIÓN POR EL DELITO DE ROBO E INTENTO DE ROBO DE DINERO, CARTERA Y CELULAR",18,AÑO,2018,20,DEPARTAMENTO,PIURA,PIURA,victimizacion_robo_pct,2018,10.5,DEPARTAMENTO
10.3,"PORCENTAJE DE VICTIMIZACIÓN POR EL DELITO DE ROBO E INTENTO DE ROBO DE DINERO, CARTERA Y CELULAR",19,AÑO,2018,6,DEPARTAMENTO,CAJAMARCA,CAJAMARCA,victimizacion_robo_pct,2018,10.3,DEPARTAMENTO
10.2,"PORCENTAJE DE VICTIMIZACIÓN POR EL DELITO DE ROBO E INTENTO DE ROBO DE DINERO, CARTERA Y CELULAR",20,AÑO,2018,24,DEPARTAMENTO,TUMBES,TUMBES,victimizacion_robo_pct,2018,10.2,DEPARTAMENTO
10.2,"PORCENTAJE DE VICTIMIZACIÓN POR EL DELITO DE ROBO E INTENTO DE ROBO DE DINERO, CARTERA Y CELULAR",21,AÑO,2018,19,DEPARTAMENTO,PASCO,PASCO,victimizacion_robo_pct,2018,10.2,DEPARTAMENTO
9.4,"PORCENTAJE DE VICTIMIZACIÓN POR EL DELITO DE ROBO E INTENTO DE ROBO DE DINERO, CARTERA Y CELULAR",22,AÑO,2018,2,DEPARTAMENTO,ÁNCASH,ANCASH,victimizacion_robo_pct,2018,9.4,DEPARTAMENTO
8.6,"PORCENTAJE DE VICTIMIZACIÓN POR EL DELITO DE ROBO E INTENTO DE ROBO DE DINERO, CARTERA Y CELULAR",23,AÑO,2018,18,DEPARTAMENTO,MOQUEGUA,MOQUEGUA,victimizacion_robo_pct,2018,8.6,DEPARTAMENTO
7.9,"PORCENTAJE DE VICTIMIZACIÓN POR EL DELITO DE ROBO E INTENTO DE ROBO DE DINERO, CARTERA Y CELULAR",24,AÑO,2018,25,DEPARTAMENTO,UCAYALI,UCAYALI,victimizacion_robo_pct,2018,7.9,DEPARTAMENTO
7.8,"PORCENTAJE DE VICTIMIZACIÓN POR EL DELITO DE ROBO E INTENTO DE ROBO DE DINERO, CARTERA Y CELULAR",25,AÑO,2018,1,DEPARTAMENTO,AMAZONAS,AMAZONAS,victimizacion_robo_pct,2018,7.8,DEPARTAMENTO
4.7,"PORCENTAJE DE VICTIMIZACIÓN POR EL DELITO DE ROBO E INTENTO DE ROBO DE DINERO, CARTERA Y CELULAR",26,AÑO,2018,22,DEPARTAMENTO,SAN MARTÍN,SAN MARTIN,victimizacion_robo_pct,2018,4.7,DEPARTAMENTO
18.3,"PORCENTAJE DE VICTIMIZACIÓN POR EL DELITO DE ROBO E INTENTO DE ROBO DE DINERO, CARTERA Y CELULAR",0,AÑO,2019,0,NACIONAL,NACIONAL,NACIONAL,victimizacion_robo_pct,2019,18.3,NACIONAL
25.0,"PORCENTAJE DE VICTIMIZACIÓN POR EL DELITO DE ROBO E INTENTO DE ROBO DE DINERO, CARTERA Y CELULAR",1,AÑO,2019,21,DEPARTAMENTO,PUNO,PUNO,victimizacion_robo_pct,2019,25.0,DEPARTAMENTO
24.1,"PORCENTAJE DE VICTIMIZACIÓN POR EL DELITO DE ROBO E INTENTO DE ROBO DE DINERO, CARTERA Y CELULAR",2,AÑO,2019,12,DEPARTAMENTO,JUNÍN,JUNIN,victimizacion_robo_pct,2019,24.1,DEPARTAMENTO
22.8,"PORCENTAJE DE VICTIMIZACIÓN POR EL DELITO DE ROBO E INTENTO DE ROBO DE DINERO, CARTERA Y CELULAR",3,AÑO,2019,1501,DEPARTAMENTO,LIMA METROPOLITANA,LIMA,victimizacion_robo_pct,2019,22.8,DEPARTAMENTO
21.5,"PORCENTAJE DE VICTIMIZACIÓN POR EL DELITO DE ROBO E INTENTO DE ROBO DE DINERO, CARTERA Y CELULAR",4,AÑO,2019,7,DEPARTAMENTO,PROV. CONST. DEL CALLAO,CALLAO,victimizacion_robo_pct,2019,21.5,DEPARTAMENTO
20.5,"PORCENTAJE DE VICTIMIZACIÓN POR EL DELITO DE ROBO E INTENTO DE ROBO DE DINERO, CARTERA Y CELULAR",5,AÑO,2019,17,DEPARTAMENTO,MADRE DE DIOS,MADRE DE DIOS,victimizacion_robo_pct,2019,20.5,DEPARTAMENTO
20.0,"PORCENTAJE DE VICTIMIZACIÓN POR EL DELITO DE ROBO E INTENTO DE ROBO DE DINERO, CARTERA Y CELULAR",6,AÑO,2019,8,DEPARTAMENTO,CUSCO,CUSCO,victimizacion_robo_pct,2019,20.0,DEPARTAMENTO
19.9,"PORCENTAJE DE VICTIMIZACIÓN POR EL DELITO DE ROBO E INTENTO DE ROBO DE DINERO, CARTERA Y CELULAR",7,AÑO,2019,4,DEPARTAMENTO,AREQUIPA,AREQUIPA,victimizacion_robo_pct,2019,19.9,DEPARTAMENTO
18.5,"PORCENTAJE DE VICTIMIZACIÓN POR EL DELITO DE ROBO E INTENTO DE ROBO DE DINERO, CARTERA Y CELULAR",8,AÑO,2019,23,DEPARTAMENTO,TACNA,TACNA,victimizacion_robo_pct,2019,18.5,DEPARTAMENTO
17.9,"PORCENTAJE DE VICTIMIZACIÓN POR EL DELITO DE ROBO E INTENTO DE ROBO DE DINERO, CARTERA Y CELULAR",9,AÑO,2019,3,DEPARTAMENTO,APURÍMAC,APURIMAC,victimizacion_robo_pct,2019,17.9,DEPARTAMENTO
17.7,"PORCENTAJE DE VICTIMIZACIÓN POR EL DELITO DE ROBO E INTENTO DE ROBO DE DINERO, CARTERA Y CELULAR",10,AÑO,2019,5,DEPARTAMENTO,AYACUCHO,AYACUCHO,victimizacion_robo_pct,2019,17.7,DEPARTAMENTO
16.7,"PORCENTAJE DE VICTIMIZACIÓN POR EL DELITO DE ROBO E INTENTO DE ROBO DE DINERO, CARTERA Y CELULAR",11,AÑO,2019,9,DEPARTAMENTO,HUANCAVELICA,HUANCAVELICA,victimizacion_robo_pct,2019,16.7,DEPARTAMENTO
14.9,"PORCENTAJE DE VICTIMIZACIÓN POR EL DELITO DE ROBO E INTENTO DE ROBO DE DINERO, CARTERA Y CELULAR",12,AÑO,2019,1599,DEPARTAMENTO,REGIÓN LIMA,LIMA,victimizacion_robo_pct,2019,14.9,DEPARTAMENTO
14.8,"PORCENTAJE DE VICTIMIZACIÓN POR EL DELITO DE ROBO E INTENTO DE ROBO DE DINERO, CARTERA Y CELULAR",13,AÑO,2019,13,DEPARTAMENTO,LA LIBERTAD,LA LIBERTAD,victimizacion_robo_pct,2019,14.8,DEPARTAMENTO
13.6,"PORCENTAJE DE VICTIMIZACIÓN POR EL DELITO DE ROBO E INTENTO DE ROBO DE DINERO, CARTERA Y CELULAR",14,AÑO,2019,19,DEPARTAMENTO,PASCO,PASCO,victimizacion_robo_pct,2019,13.6,DEPARTAMENTO
13.5,"PORCENTAJE DE VICTIMIZACIÓN POR EL DELITO DE ROBO E INTENTO DE ROBO DE DINERO, CARTERA Y CELULAR",15,AÑO,2019,14,DEPARTAMENTO,LAMBAYEQUE,LAMBAYEQUE,victimizacion_robo_pct,2019,13.5,DEPARTAMENTO
13.0,"PORCENTAJE DE VICTIMIZACIÓN POR EL DELITO DE ROBO E INTENTO DE ROBO DE DINERO, CARTERA Y CELULAR",16,AÑO,2019,24,DEPARTAMENTO,TUMBES,TUMBES,victimizacion_robo_pct,2019,13.0,DEPARTAMENTO
13.0,"PORCENTAJE DE VICTIMIZACIÓN POR EL DELITO DE ROBO E INTENTO DE ROBO DE DINERO, CARTERA Y CELULAR",17,AÑO,2019,16,DEPARTAMENTO,LORETO,LORETO,victimizacion_robo_pct,2019,13.0,DEPARTAMENTO
11.8,"PORCENTAJE DE VICTIMIZACIÓN POR EL DELITO DE ROBO E INTENTO DE ROBO DE DINERO, CARTERA Y CELULAR",18,AÑO,2019,10,DEPARTAMENTO,HUÁNUCO,HUANUCO,victimizacion_robo_pct,2019,11.8,DEPARTAMENTO
11.5,"PORCENTAJE DE VICTIMIZACIÓN POR EL DELITO DE ROBO E INTENTO DE ROBO DE DINERO, CARTERA Y CELULAR",19,AÑO,2019,2,DEPARTAMENTO,ÁNCASH,ANCASH,victimizacion_robo_pct,2019,11.5,DEPARTAMENTO
10.6,"PORCENTAJE DE VICTIMIZACIÓN POR EL DELITO DE ROBO E INTENTO DE ROBO DE DINERO, CARTERA Y CELULAR",20,AÑO,2019,20,DEPARTAMENTO,PIURA,PIURA,victimizacion_robo_pct,2019,10.6,DEPARTAMENTO
10.4,"PORCENTAJE DE VICTIMIZACIÓN POR EL DELITO DE ROBO E INTENTO DE ROBO DE DINERO, CARTERA Y CELULAR",21,AÑO,2019,11,DEPARTAMENTO,ICA,ICA,victimizacion_robo_pct,2019,10.4,DEPARTAMENTO
10.0,"PORCENTAJE DE VICTIMIZACIÓN POR EL DELITO DE ROBO E INTENTO DE ROBO DE DINERO, CARTERA Y CELULAR",22,AÑO,2019,25,DEPARTAMENTO,UCAYALI,UCAYALI,victimizacion_robo_pct,2019,10.0,DEPARTAMENTO
9.7,"PORCENTAJE DE VICTIMIZACIÓN POR EL DELITO DE ROBO E INTENTO DE ROBO DE DINERO, CARTERA Y CELULAR",23,AÑO,2019,6,DEPARTAMENTO,CAJAMARCA,CAJAMARCA,victimizacion_robo_pct,2019,9.7,DEPARTAMENTO
9.1,"PORCENTAJE DE VICTIMIZACIÓN POR EL DELITO DE ROBO E INTENTO DE ROBO DE DINERO, CARTERA Y CELULAR",24,AÑO,2019,18,DEPARTAMENTO,MOQUEGUA,MOQUEGUA,victimizacion_robo_pct,2019,9.1,DEPARTAMENTO
8.1,"PORCENTAJE DE VICTIMIZACIÓN POR EL DELITO DE ROBO E INTENTO DE ROBO DE DINERO, CARTERA Y CELULAR",25,AÑO,2019,1,DEPARTAMENTO,AMAZONAS,AMAZONAS,victimizacion_robo_pct,2019,8.1,DEPARTAMENTO
4.7,"PORCENTAJE DE VICTIMIZACIÓN POR EL DELITO DE ROBO E INTENTO DE ROBO DE DINERO, CARTERA Y CELULAR",26,AÑO,2019,22,DEPARTAMENTO,SAN MARTÍN,SAN MARTIN,victimizacion_robo_pct,2019,4.7,DEPARTAMENTO
16.5,"PORCENTAJE DE VICTIMIZACIÓN POR EL DELITO DE ROBO E INTENTO DE ROBO DE DINERO, CARTERA Y CELULAR",0,AÑO,2020,0,NACIONAL,NACIONAL,NACIONAL,victimizacion_robo_pct,2020,16.5,NACIONAL
24.3,"PORCENTAJE DE VICTIMIZACIÓN POR EL DELITO DE ROBO E INTENTO DE ROBO DE DINERO, CARTERA Y CELULAR",1,AÑO,2020,12,DEPARTAMENTO,JUNÍN,JUNIN,victimizacion_robo_pct,2020,24.3,DEPARTAMENTO
21.8,"PORCENTAJE DE VICTIMIZACIÓN POR EL DELITO DE ROBO E INTENTO DE ROBO DE DINERO, CARTERA Y CELULAR",2,AÑO,2020,21,DEPARTAMENTO,PUNO,PUNO,victimizacion_robo_pct,2020,21.8,DEPARTAMENTO
21.1,"PORCENTAJE DE VICTIMIZACIÓN POR EL DELITO DE ROBO E INTENTO DE ROBO DE DINERO, CARTERA Y CELULAR",3,AÑO,2020,1501,DEPARTAMENTO,LIMA METROPOLITANA,LIMA,victimizacion_robo_pct,2020,21.1,DEPARTAMENTO
20.6,"PORCENTAJE DE VICTIMIZACIÓN POR EL DELITO DE ROBO E INTENTO DE ROBO DE DINERO, CARTERA Y CELULAR",4,AÑO,2020,7,DEPARTAMENTO,PROV. CONST. DEL CALLAO,CALLAO,victimizacion_robo_pct,2020,20.6,DEPARTAMENTO
20.5,"PORCENTAJE DE VICTIMIZACIÓN POR EL DELITO DE ROBO E INTENTO DE ROBO DE DINERO, CARTERA Y CELULAR",5,AÑO,2020,8,DEPARTAMENTO,CUSCO,CUSCO,victimizacion_robo_pct,2020,20.5,DEPARTAMENTO
18.6,"PORCENTAJE DE VICTIMIZACIÓN POR EL DELITO DE ROBO E INTENTO DE ROBO DE DINERO, CARTERA Y CELULAR",6,AÑO,2020,23,DEPARTAMENTO,TACNA,TACNA,victimizacion_robo_pct,2020,18.6,DEPARTAMENTO
16.7,"PORCENTAJE DE VICTIMIZACIÓN POR EL DELITO DE ROBO E INTENTO DE ROBO DE DINERO, CARTERA Y CELULAR",7,AÑO,2020,5,DEPARTAMENTO,AYACUCHO,AYACUCHO,victimizacion_robo_pct,2020,16.7,DEPARTAMENTO
15.9,"PORCENTAJE DE VICTIMIZACIÓN POR EL DELITO DE ROBO E INTENTO DE ROBO DE DINERO, CARTERA Y CELULAR",8,AÑO,2020,3,DEPARTAMENTO,APURÍMAC,APURIMAC,victimizacion_robo_pct,2020,15.9,DEPARTAMENTO
15.5,"PORCENTAJE DE VICTIMIZACIÓN POR EL DELITO DE ROBO E INTENTO DE ROBO DE DINERO, CARTERA Y CELULAR",9,AÑO,2020,17,DEPARTAMENTO,MADRE DE DIOS,MADRE DE DIOS,victimizacion_robo_pct,2020,15.5,DEPARTAMENTO
14.4,"PORCENTAJE DE VICTIMIZACIÓN POR EL DELITO DE ROBO E INTENTO DE ROBO DE DINERO, CARTERA Y CELULAR",10,AÑO,2020,13,DEPARTAMENTO,LA LIBERTAD,LA LIBERTAD,victimizacion_robo_pct,2020,14.4,DEPARTAMENTO
14.1,"PORCENTAJE DE VICTIMIZACIÓN POR EL DELITO DE ROBO E INTENTO DE ROBO DE DINERO, CARTERA Y CELULAR",11,AÑO,2020,4,DEPARTAMENTO,AREQUIPA,AREQUIPA,victimizacion_robo_pct,2020,14.1,DEPARTAMENTO
14.1,"PORCENTAJE DE VICTIMIZACIÓN POR EL DELITO DE ROBO E INTENTO DE ROBO DE DINERO, CARTERA Y CELULAR",12,AÑO,2020,9,DEPARTAMENTO,HUANCAVELICA,HUANCAVELICA,victimizacion_robo_pct,2020,14.1,DEPARTAMENTO
13.7,"PORCENTAJE DE VICTIMIZACIÓN POR EL DELITO DE ROBO E INTENTO DE ROBO DE DINERO, CARTERA Y CELULAR",13,AÑO,2020,14,DEPARTAMENTO,LAMBAYEQUE,LAMBAYEQUE,victimizacion_robo_pct,2020,13.7,DEPARTAMENTO
11.8,"PORCENTAJE DE VICTIMIZACIÓN POR EL DELITO DE ROBO E INTENTO DE ROBO DE DINERO, CARTERA Y CELULAR",14,AÑO,2020,1599,DEPARTAMENTO,REGIÓN LIMA,LIMA,victimizacion_robo_pct,2020,11.8,DEPARTAMENTO
11.0,"PORCENTAJE DE VICTIMIZACIÓN POR EL DELITO DE ROBO E INTENTO DE ROBO DE DINERO, CARTERA Y CELULAR",15,AÑO,2020,16,DEPARTAMENTO,LORETO,LORETO,victimizacion_robo_pct,2020,11.0,DEPARTAMENTO
10.4,"PORCENTAJE DE VICTIMIZACIÓN POR EL DELITO DE ROBO E INTENTO DE ROBO DE DINERO, CARTERA Y CELULAR",16,AÑO,2020,19,DEPARTAMENTO,PASCO,PASCO,victimizacion_robo_pct,2020,10.4,DEPARTAMENTO
10.2,"PORCENTAJE DE VICTIMIZACIÓN POR EL DELITO DE ROBO E INTENTO DE ROBO DE DINERO, CARTERA Y CELULAR",17,AÑO,2020,11,DEPARTAMENTO,ICA,ICA,victimizacion_robo_pct,2020,10.2,DEPARTAMENTO
9.8,"PORCENTAJE DE VICTIMIZACIÓN POR EL DELITO DE ROBO E INTENTO DE ROBO DE DINERO, CARTERA Y CELULAR",18,AÑO,2020,25,DEPARTAMENTO,UCAYALI,UCAYALI,victimizacion_robo_pct,2020,9.8,DEPARTAMENTO
9.5,"PORCENTAJE DE VICTIMIZACIÓN POR EL DELITO DE ROBO E INTENTO DE ROBO DE DINERO, CARTERA Y CELULAR",19,AÑO,2020,6,DEPARTAMENTO,CAJAMARCA,CAJAMARCA,victimizacion_robo_pct,2020,9.5,DEPARTAMENTO
9.1,"PORCENTAJE DE VICTIMIZACIÓN POR EL DELITO DE ROBO E INTENTO DE ROBO DE DINERO, CARTERA Y CELULAR",20,AÑO,2020,18,DEPARTAMENTO,MOQUEGUA,MOQUEGUA,victimizacion_robo_pct,2020,9.1,DEPARTAMENTO
8.9,"PORCENTAJE DE VICTIMIZACIÓN POR EL DELITO DE ROBO E INTENTO DE ROBO DE DINERO, CARTERA Y CELULAR",21,AÑO,2020,20,DEPARTAMENTO,PIURA,PIURA,victimizacion_robo_pct,2020,8.9,DEPARTAMENTO
8.7,"PORCENTAJE DE VICTIMIZACIÓN POR EL DELITO DE ROBO E INTENTO DE ROBO DE DINERO, CARTERA Y CELULAR",22,AÑO,2020,24,DEPARTAMENTO,TUMBES,TUMBES,victimizacion_robo_pct,2020,8.7,DEPARTAMENTO
8.4,"PORCENTAJE DE VICTIMIZACIÓN POR EL DELITO DE ROBO E INTENTO DE ROBO DE DINERO, CARTERA Y CELULAR",23,AÑO,2020,10,DEPARTAMENTO,HUÁNUCO,HUANUCO,victimizacion_robo_pct,2020,8.4,DEPARTAMENTO
7.6,"PORCENTAJE DE VICTIMIZACIÓN POR EL DELITO DE ROBO E INTENTO DE ROBO DE DINERO, CARTERA Y CELULAR",24,AÑO,2020,2,DEPARTAMENTO,ÁNCASH,ANCASH,victimizacion_robo_pct,2020,7.6,DEPARTAMENTO
7.0,"PORCENTAJE DE VICTIMIZACIÓN POR EL DELITO DE ROBO E INTENTO DE ROBO DE DINERO, CARTERA Y CELULAR",25,AÑO,2020,1,DEPARTAMENTO,AMAZONAS,AMAZONAS,victimizacion_robo_pct,2020,7.0,DEPARTAMENTO
3.7,"PORCENTAJE DE VICTIMIZACIÓN POR EL DELITO DE ROBO E INTENTO DE ROBO DE DINERO, CARTERA Y CELULAR",26,AÑO,2020,22,DEPARTAMENTO,SAN MARTÍN,SAN MARTIN,victimizacion_robo_pct,2020,3.7,DEPARTAMENTO
11.3,"PORCENTAJE DE VICTIMIZACIÓN POR EL DELITO DE ROBO E INTENTO DE ROBO DE DINERO, CARTERA Y CELULAR",0,AÑO,2021,0,NACIONAL,NACIONAL,NACIONAL,victimizacion_robo_pct,2021,11.3,NACIONAL
15.9,"PORCENTAJE DE VICTIMIZACIÓN POR EL DELITO DE ROBO E INTENTO DE ROBO DE DINERO, CARTERA Y CELULAR",1,AÑO,2021,17,DEPARTAMENTO,MADRE DE DIOS,MADRE DE DIOS,victimizacion_robo_pct,2021,15.9,DEPARTAMENTO
15.0,"PORCENTAJE DE VICTIMIZACIÓN POR EL DELITO DE ROBO E INTENTO DE ROBO DE DINERO, CARTERA Y CELULAR",2,AÑO,2021,12,DEPARTAMENTO,JUNÍN,JUNIN,victimizacion_robo_pct,2021,15.0,DEPARTAMENTO
14.9,"PORCENTAJE DE VICTIMIZACIÓN POR EL DELITO DE ROBO E INTENTO DE ROBO DE DINERO, CARTERA Y CELULAR",3,AÑO,2021,1501,DEPARTAMENTO,LIMA METROPOLITANA,LIMA,victimizacion_robo_pct,2021,14.9,DEPARTAMENTO
13.7,"PORCENTAJE DE VICTIMIZACIÓN POR EL DELITO DE ROBO E INTENTO DE ROBO DE DINERO, CARTERA Y CELULAR",4,AÑO,2021,7,DEPARTAMENTO,PROV. CONST. DEL CALLAO,CALLAO,victimizacion_robo_pct,2021,13.7,DEPARTAMENTO
13.2,"PORCENTAJE DE VICTIMIZACIÓN POR EL DELITO DE ROBO E INTENTO DE ROBO DE DINERO, CARTERA Y CELULAR",5,AÑO,2021,8,DEPARTAMENTO,CUSCO,CUSCO,victimizacion_robo_pct,2021,13.2,DEPARTAMENTO
12.5,"PORCENTAJE DE VICTIMIZACIÓN POR EL DELITO DE ROBO E INTENTO DE ROBO DE DINERO, CARTERA Y CELULAR",6,AÑO,2021,21,DEPARTAMENTO,PUNO,PUNO,victimizacion_robo_pct,2021,12.5,DEPARTAMENTO
10.8,"PORCENTAJE DE VICTIMIZACIÓN POR EL DELITO DE ROBO E INTENTO DE ROBO DE DINERO, CARTERA Y CELULAR",7,AÑO,2021,13,DEPARTAMENTO,LA LIBERTAD,LA LIBERTAD,victimizacion_robo_pct,2021,10.8,DEPARTAMENTO
10.8,"PORCENTAJE DE VICTIMIZACIÓN POR EL DELITO DE ROBO E INTENTO DE ROBO DE DINERO, CARTERA Y CELULAR",8,AÑO,2021,4,DEPARTAMENTO,AREQUIPA,AREQUIPA,victimizacion_robo_pct,2021,10.8,DEPARTAMENTO
9.7,"PORCENTAJE DE VICTIMIZACIÓN POR EL DELITO DE ROBO E INTENTO DE ROBO DE DINERO, CARTERA Y CELULAR",9,AÑO,2021,5,DEPARTAMENTO,AYACUCHO,AYACUCHO,victimizacion_robo_pct,2021,9.7,DEPARTAMENTO
9.7,"PORCENTAJE DE VICTIMIZACIÓN POR EL DELITO DE ROBO E INTENTO DE ROBO DE DINERO, CARTERA Y CELULAR",10,AÑO,2021,14,DEPARTAMENTO,LAMBAYEQUE,LAMBAYEQUE,victimizacion_robo_pct,2021,9.7,DEPARTAMENTO
8.2,"PORCENTAJE DE VICTIMIZACIÓN POR EL DELITO DE ROBO E INTENTO DE ROBO DE DINERO, CARTERA Y CELULAR",11,AÑO,2021,16,DEPARTAMENTO,LORETO,LORETO,victimizacion_robo_pct,2021,8.2,DEPARTAMENTO
8.1,"PORCENTAJE DE VICTIMIZACIÓN POR EL DELITO DE ROBO E INTENTO DE ROBO DE DINERO, CARTERA Y CELULAR",12,AÑO,2021,23,DEPARTAMENTO,TACNA,TACNA,victimizacion_robo_pct,2021,8.1,DEPARTAMENTO
7.9,"PORCENTAJE DE VICTIMIZACIÓN POR EL DELITO DE ROBO E INTENTO DE ROBO DE DINERO, CARTERA Y CELULAR",13,AÑO,2021,3,DEPARTAMENTO,APURÍMAC,APURIMAC,victimizacion_robo_pct,2021,7.9,DEPARTAMENTO
7.8,"PORCENTAJE DE VICTIMIZACIÓN POR EL DELITO DE ROBO E INTENTO DE ROBO DE DINERO, CARTERA Y CELULAR",14,AÑO,2021,10,DEPARTAMENTO,HUÁNUCO,HUANUCO,victimizacion_robo_pct,2021,7.8,DEPARTAMENTO
7.5,"PORCENTAJE DE VICTIMIZACIÓN POR EL DELITO DE ROBO E INTENTO DE ROBO DE DINERO, CARTERA Y CELULAR",15,AÑO,2021,11,DEPARTAMENTO,ICA,ICA,victimizacion_robo_pct,2021,7.5,DEPARTAMENTO
7.5,"PORCENTAJE DE VICTIMIZACIÓN POR EL DELITO DE ROBO E INTENTO DE ROBO DE DINERO, CARTERA Y CELULAR",16,AÑO,2021,9,DEPARTAMENTO,HUANCAVELICA,HUANCAVELICA,victimizacion_robo_pct,2021,7.5,DEPARTAMENTO
7.1,"PORCENTAJE DE VICTIMIZACIÓN POR EL DELITO DE ROBO E INTENTO DE ROBO DE DINERO, CARTERA Y CELULAR",17,AÑO,2021,1599,DEPARTAMENTO,REGIÓN LIMA,LIMA,victimizacion_robo_pct,2021,7.1,DEPARTAMENTO
6.7,"PORCENTAJE DE VICTIMIZACIÓN POR EL DELITO DE ROBO E INTENTO DE ROBO DE DINERO, CARTERA Y CELULAR",18,AÑO,2021,25,DEPARTAMENTO,UCAYALI,UCAYALI,victimizacion_robo_pct,2021,6.7,DEPARTAMENTO
6.6,"PORCENTAJE DE VICTIMIZACIÓN POR EL DELITO DE ROBO E INTENTO DE ROBO DE DINERO, CARTERA Y CELULAR",19,AÑO,2021,19,DEPARTAMENTO,PASCO,PASCO,victimizacion_robo_pct,2021,6.6,DEPARTAMENTO
6.2,"PORCENTAJE DE VICTIMIZACIÓN POR EL DELITO DE ROBO E INTENTO DE ROBO DE DINERO, CARTERA Y CELULAR",20,AÑO,2021,20,DEPARTAMENTO,PIURA,PIURA,victimizacion_robo_pct,2021,6.2,DEPARTAMENTO
5.9,"PORCENTAJE DE VICTIMIZACIÓN POR EL DELITO DE ROBO E INTENTO DE ROBO DE DINERO, CARTERA Y CELULAR",21,AÑO,2021,24,DEPARTAMENTO,TUMBES,TUMBES,victimizacion_robo_pct,2021,5.9,DEPARTAMENTO
5.7,"PORCENTAJE DE VICTIMIZACIÓN POR EL DELITO DE ROBO E INTENTO DE ROBO DE DINERO, CARTERA Y CELULAR",22,AÑO,2021,2,DEPARTAMENTO,ÁNCASH,ANCASH,victimizacion_robo_pct,2021,5.7,DEPARTAMENTO
4.7,"PORCENTAJE DE VICTIMIZACIÓN POR EL DELITO DE ROBO E INTENTO DE ROBO DE DINERO, CARTERA Y CELULAR",23,AÑO,2021,6,DEPARTAMENTO,CAJAMARCA,CAJAMARCA,victimizacion_robo_pct,2021,4.7,DEPARTAMENTO
4.5,"PORCENTAJE DE VICTIMIZACIÓN POR EL DELITO DE ROBO E INTENTO DE ROBO DE DINERO, CARTERA Y CELULAR",24,AÑO,2021,18,DEPARTAMENTO,MOQUEGUA,MOQUEGUA,victimizacion_robo_pct,2021,4.5,DEPARTAMENTO
3.8,"PORCENTAJE DE VICTIMIZACIÓN POR EL DELITO DE ROBO E INTENTO DE ROBO DE DINERO, CARTERA Y CELULAR",25,AÑO,2021,1,DEPARTAMENTO,AMAZONAS,AMAZONAS,victimizacion_robo_pct,2021,3.8,DEPARTAMENTO
2.5,"PORCENTAJE DE VICTIMIZACIÓN POR EL DELITO DE ROBO E INTENTO DE ROBO DE DINERO, CARTERA Y CELULAR",26,AÑO,2021,22,DEPARTAMENTO,SAN MARTÍN,SAN MARTIN,victimizacion_robo_pct,2021,2.5,DEPARTAMENTO
14.7,"PORCENTAJE DE VICTIMIZACIÓN POR EL DELITO DE ROBO E INTENTO DE ROBO DE DINERO, CARTERA Y CELULAR",0,AÑO,2022,0,NACIONAL,NACIONAL,NACIONAL,victimizacion_robo_pct,2022,14.7,NACIONAL
19.4,"PORCENTAJE DE VICTIMIZACIÓN POR EL DELITO DE ROBO E INTENTO DE ROBO DE DINERO, CARTERA Y CELULAR",1,AÑO,2022,21,DEPARTAMENTO,PUNO,PUNO,victimizacion_robo_pct,2022,19.4,DEPARTAMENTO
18.9,"PORCENTAJE DE VICTIMIZACIÓN POR EL DELITO DE ROBO E INTENTO DE ROBO DE DINERO, CARTERA Y CELULAR",2,AÑO,2022,1501,DEPARTAMENTO,LIMA METROPOLITANA,LIMA,victimizacion_robo_pct,2022,18.9,DEPARTAMENTO
18.6,"PORCENTAJE DE VICTIMIZACIÓN POR EL DELITO DE ROBO E INTENTO DE ROBO DE DINERO, CARTERA Y CELULAR",3,AÑO,2022,12,DEPARTAMENTO,JUNÍN,JUNIN,victimizacion_robo_pct,2022,18.6,DEPARTAMENTO
17.0,"PORCENTAJE DE VICTIMIZACIÓN POR EL DELITO DE ROBO E INTENTO DE ROBO DE DINERO, CARTERA Y CELULAR",4,AÑO,2022,17,DEPARTAMENTO,MADRE DE DIOS,MADRE DE DIOS,victimizacion_robo_pct,2022,17.0,DEPARTAMENTO
16.4,"PORCENTAJE DE VICTIMIZACIÓN POR EL DELITO DE ROBO E INTENTO DE ROBO DE DINERO, CARTERA Y CELULAR",5,AÑO,2022,4,DEPARTAMENTO,AREQUIPA,AREQUIPA,victimizacion_robo_pct,2022,16.4,DEPARTAMENTO
16.4,"PORCENTAJE DE VICTIMIZACIÓN POR EL DELITO DE ROBO E INTENTO DE ROBO DE DINERO, CARTERA Y CELULAR",6,AÑO,2022,8,DEPARTAMENTO,CUSCO,CUSCO,victimizacion_robo_pct,2022,16.4,DEPARTAMENTO
14.6,"PORCENTAJE DE VICTIMIZACIÓN POR EL DELITO DE ROBO E INTENTO DE ROBO DE DINERO, CARTERA Y CELULAR",7,AÑO,2022,7,DEPARTAMENTO,PROV. CONST. DEL CALLAO,CALLAO,victimizacion_robo_pct,2022,14.6,DEPARTAMENTO
14.1,"PORCENTAJE DE VICTIMIZACIÓN POR EL DELITO DE ROBO E INTENTO DE ROBO DE DINERO, CARTERA Y CELULAR",8,AÑO,2022,23,DEPARTAMENTO,TACNA,TACNA,victimizacion_robo_pct,2022,14.1,DEPARTAMENTO
13.6,"PORCENTAJE DE VICTIMIZACIÓN POR EL DELITO DE ROBO E INTENTO DE ROBO DE DINERO, CARTERA Y CELULAR",9,AÑO,2022,5,DEPARTAMENTO,AYACUCHO,AYACUCHO,victimizacion_robo_pct,2022,13.6,DEPARTAMENTO
13.3,"PORCENTAJE DE VICTIMIZACIÓN POR EL DELITO DE ROBO E INTENTO DE ROBO DE DINERO, CARTERA Y CELULAR",10,AÑO,2022,1599,DEPARTAMENTO,REGIÓN LIMA,LIMA,victimizacion_robo_pct,2022,13.3,DEPARTAMENTO
12.5,"PORCENTAJE DE VICTIMIZACIÓN POR EL DELITO DE ROBO E INTENTO DE ROBO DE DINERO, CARTERA Y CELULAR",11,AÑO,2022,13,DEPARTAMENTO,LA LIBERTAD,LA LIBERTAD,victimizacion_robo_pct,2022,12.5,DEPARTAMENTO
11.4,"PORCENTAJE DE VICTIMIZACIÓN POR EL DELITO DE ROBO E INTENTO DE ROBO DE DINERO, CARTERA Y CELULAR",12,AÑO,2022,16,DEPARTAMENTO,LORETO,LORETO,victimizacion_robo_pct,2022,11.4,DEPARTAMENTO
11.3,"PORCENTAJE DE VICTIMIZACIÓN POR EL DELITO DE ROBO E INTENTO DE ROBO DE DINERO, CARTERA Y CELULAR",13,AÑO,2022,14,DEPARTAMENTO,LAMBAYEQUE,LAMBAYEQUE,victimizacion_robo_pct,2022,11.3,DEPARTAMENTO
11.0,"PORCENTAJE DE VICTIMIZACIÓN POR EL DELITO DE ROBO E INTENTO DE ROBO DE DINERO, CARTERA Y CELULAR",14,AÑO,2022,9,DEPARTAMENTO,HUANCAVELICA,HUANCAVELICA,victimizacion_robo_pct,2022,11.0,DEPARTAMENTO
9.9,"PORCENTAJE DE VICTIMIZACIÓN POR EL DELITO DE ROBO E INTENTO DE ROBO DE DINERO, CARTERA Y CELULAR",15,AÑO,2022,3,DEPARTAMENTO,APURÍMAC,APURIMAC,victimizacion_robo_pct,2022,9.9,DEPARTAMENTO
9.8,"PORCENTAJE DE VICTIMIZACIÓN POR EL DELITO DE ROBO E INTENTO DE ROBO DE DINERO, CARTERA Y CELULAR",16,AÑO,2022,25,DEPARTAMENTO,UCAYALI,UCAYALI,victimizacion_robo_pct,2022,9.8,DEPARTAMENTO
9.5,"PORCENTAJE DE VICTIMIZACIÓN POR EL DELITO DE ROBO E INTENTO DE ROBO DE DINERO, CARTERA Y CELULAR",17,AÑO,2022,19,DEPARTAMENTO,PASCO,PASCO,victimizacion_robo_pct,2022,9.5,DEPARTAMENTO
9.3,"PORCENTAJE DE VICTIMIZACIÓN POR EL DELITO DE ROBO E INTENTO DE ROBO DE DINERO, CARTERA Y CELULAR",18,AÑO,2022,11,DEPARTAMENTO,ICA,ICA,victimizacion_robo_pct,2022,9.3,DEPARTAMENTO
9.1,"PORCENTAJE DE VICTIMIZACIÓN POR EL DELITO DE ROBO E INTENTO DE ROBO DE DINERO, CARTERA Y CELULAR",19,AÑO,2022,20,DEPARTAMENTO,PIURA,PIURA,victimizacion_robo_pct,2022,9.1,DEPARTAMENTO
8.2,"PORCENTAJE DE VICTIMIZACIÓN POR EL DELITO DE ROBO E INTENTO DE ROBO DE DINERO, CARTERA Y CELULAR",20,AÑO,2022,10,DEPARTAMENTO,HUÁNUCO,HUANUCO,victimizacion_robo_pct,2022,8.2,DEPARTAMENTO
7.8,"PORCENTAJE DE VICTIMIZACIÓN POR EL DELITO DE ROBO E INTENTO DE ROBO DE DINERO, CARTERA Y CELULAR",21,AÑO,2022,2,DEPARTAMENTO,ÁNCASH,ANCASH,victimizacion_robo_pct,2022,7.8,DEPARTAMENTO
7.3,"PORCENTAJE DE VICTIMIZACIÓN POR EL DELITO DE ROBO E INTENTO DE ROBO DE DINERO, CARTERA Y CELULAR",22,AÑO,2022,18,DEPARTAMENTO,MOQUEGUA,MOQUEGUA,victimizacion_robo_pct,2022,7.3,DEPARTAMENTO
7.2,"PORCENTAJE DE VICTIMIZACIÓN POR EL DELITO DE ROBO E INTENTO DE ROBO DE DINERO, CARTERA Y CELULAR",23,AÑO,2022,6,DEPARTAMENTO,CAJAMARCA,CAJAMARCA,victimizacion_robo_pct,2022,7.2,DEPARTAMENTO
6.7,"PORCENTAJE DE VICTIMIZACIÓN POR EL DELITO DE ROBO E INTENTO DE ROBO DE DINERO, CARTERA Y CELULAR",24,AÑO,2022,24,DEPARTAMENTO,TUMBES,TUMBES,victimizacion_robo_pct,2022,6.7,DEPARTAMENTO
4.9,"PORCENTAJE DE VICTIMIZACIÓN POR EL DELITO DE ROBO E INTENTO DE ROBO DE DINERO, CARTERA Y CELULAR",25,AÑO,2022,1,DEPARTAMENTO,AMAZONAS,AMAZONAS,victimizacion_robo_pct,2022,4.9,DEPARTAMENTO
3.8,"PORCENTAJE DE VICTIMIZACIÓN POR EL DELITO DE ROBO E INTENTO DE ROBO DE DINERO, CARTERA Y CELULAR",26,AÑO,2022,22,DEPARTAMENTO,SAN MARTÍN,SAN MARTIN,victimizacion_robo_pct,2022,3.8,DEPARTAMENTO
16.5,"PORCENTAJE DE VICTIMIZACIÓN POR EL DELITO DE ROBO E INTENTO DE ROBO DE DINERO, CARTERA Y CELULAR",0,AÑO,2023,0,NACIONAL,NACIONAL,NACIONAL,victimizacion_robo_pct,2023,16.5,NACIONAL
21.5,"PORCENTAJE DE VICTIMIZACIÓN POR EL DELITO DE ROBO E INTENTO DE ROBO DE DINERO, CARTERA Y CELULAR",1,AÑO,2023,21,DEPARTAMENTO,PUNO,PUNO,victimizacion_robo_pct,2023,21.5,DEPARTAMENTO
20.8,"PORCENTAJE DE VICTIMIZACIÓN POR EL DELITO DE ROBO E INTENTO DE ROBO DE DINERO, CARTERA Y CELULAR",2,AÑO,2023,1501,DEPARTAMENTO,LIMA METROPOLITANA,LIMA,victimizacion_robo_pct,2023,20.8,DEPARTAMENTO
20.0,"PORCENTAJE DE VICTIMIZACIÓN POR EL DELITO DE ROBO E INTENTO DE ROBO DE DINERO, CARTERA Y CELULAR",3,AÑO,2023,12,DEPARTAMENTO,JUNÍN,JUNIN,victimizacion_robo_pct,2023,20.0,DEPARTAMENTO
19.9,"PORCENTAJE DE VICTIMIZACIÓN POR EL DELITO DE ROBO E INTENTO DE ROBO DE DINERO, CARTERA Y CELULAR",4,AÑO,2023,17,DEPARTAMENTO,MADRE DE DIOS,MADRE DE DIOS,victimizacion_robo_pct,2023,19.9,DEPARTAMENTO
19.5,"PORCENTAJE DE VICTIMIZACIÓN POR EL DELITO DE ROBO E INTENTO DE ROBO DE DINERO, CARTERA Y CELULAR",5,AÑO,2023,4,DEPARTAMENTO,AREQUIPA,AREQUIPA,victimizacion_robo_pct,2023,19.5,DEPARTAMENTO
18.7,"PORCENTAJE DE VICTIMIZACIÓN POR EL DELITO DE ROBO E INTENTO DE ROBO DE DINERO, CARTERA Y CELULAR",6,AÑO,2023,8,DEPARTAMENTO,CUSCO,CUSCO,victimizacion_robo_pct,2023,18.7,DEPARTAMENTO
18.4,"PORCENTAJE DE VICTIMIZACIÓN POR EL DELITO DE ROBO E INTENTO DE ROBO DE DINERO, CARTERA Y CELULAR",7,AÑO,2023,5,DEPARTAMENTO,AYACUCHO,AYACUCHO,victimizacion_robo_pct,2023,18.4,DEPARTAMENTO
18.1,"PORCENTAJE DE VICTIMIZACIÓN POR EL DELITO DE ROBO E INTENTO DE ROBO DE DINERO, CARTERA Y CELULAR",8,AÑO,2023,7,DEPARTAMENTO,PROV. CONST. DEL CALLAO,CALLAO,victimizacion_robo_pct,2023,18.1,DEPARTAMENTO
17.9,"PORCENTAJE DE VICTIMIZACIÓN POR EL DELITO DE ROBO E INTENTO DE ROBO DE DINERO, CARTERA Y CELULAR",9,AÑO,2023,23,DEPARTAMENTO,TACNA,TACNA,victimizacion_robo_pct,2023,17.9,DEPARTAMENTO
14.0,"PORCENTAJE DE VICTIMIZACIÓN POR EL DELITO DE ROBO E INTENTO DE ROBO DE DINERO, CARTERA Y CELULAR",10,AÑO,2023,1599,DEPARTAMENTO,REGIÓN LIMA,LIMA,victimizacion_robo_pct,2023,14.0,DEPARTAMENTO
13.6,"PORCENTAJE DE VICTIMIZACIÓN POR EL DELITO DE ROBO E INTENTO DE ROBO DE DINERO, CARTERA Y CELULAR",11,AÑO,2023,9,DEPARTAMENTO,HUANCAVELICA,HUANCAVELICA,victimizacion_robo_pct,2023,13.6,DEPARTAMENTO
12.8,"PORCENTAJE DE VICTIMIZACIÓN POR EL DELITO DE ROBO E INTENTO DE ROBO DE DINERO, CARTERA Y CELULAR",12,AÑO,2023,20,DEPARTAMENTO,PIURA,PIURA,victimizacion_robo_pct,2023,12.8,DEPARTAMENTO
12.4,"PORCENTAJE DE VICTIMIZACIÓN POR EL DELITO DE ROBO E INTENTO DE ROBO DE DINERO, CARTERA Y CELULAR",13,AÑO,2023,3,DEPARTAMENTO,APURÍMAC,APURIMAC,victimizacion_robo_pct,2023,12.4,DEPARTAMENTO
12.2,"PORCENTAJE DE VICTIMIZACIÓN POR EL DELITO DE ROBO E INTENTO DE ROBO DE DINERO, CARTERA Y CELULAR",14,AÑO,2023,13,DEPARTAMENTO,LA LIBERTAD,LA LIBERTAD,victimizacion_robo_pct,2023,12.2,DEPARTAMENTO
11.6,"PORCENTAJE DE VICTIMIZACIÓN POR EL DELITO DE ROBO E INTENTO DE ROBO DE DINERO, CARTERA Y CELULAR",15,AÑO,2023,14,DEPARTAMENTO,LAMBAYEQUE,LAMBAYEQUE,victimizacion_robo_pct,2023,11.6,DEPARTAMENTO
10.9,"PORCENTAJE DE VICTIMIZACIÓN POR EL DELITO DE ROBO E INTENTO DE ROBO DE DINERO, CARTERA Y CELULAR",16,AÑO,2023,19,DEPARTAMENTO,PASCO,PASCO,victimizacion_robo_pct,2023,10.9,DEPARTAMENTO
10.5,"PORCENTAJE DE VICTIMIZACIÓN POR EL DELITO DE ROBO E INTENTO DE ROBO DE DINERO, CARTERA Y CELULAR",17,AÑO,2023,25,DEPARTAMENTO,UCAYALI,UCAYALI,victimizacion_robo_pct,2023,10.5,DEPARTAMENTO
10.3,"PORCENTAJE DE VICTIMIZACIÓN POR EL DELITO DE ROBO E INTENTO DE ROBO DE DINERO, CARTERA Y CELULAR",18,AÑO,2023,10,DEPARTAMENTO,HUÁNUCO,HUANUCO,victimizacion_robo_pct,2023,10.3,DEPARTAMENTO
10.1,"PORCENTAJE DE VICTIMIZACIÓN POR EL DELITO DE ROBO E INTENTO DE ROBO DE DINERO, CARTERA Y CELULAR",19,AÑO,2023,11,DEPARTAMENTO,ICA,ICA,victimizacion_robo_pct,2023,10.1,DEPARTAMENTO
10.0,"PORCENTAJE DE VICTIMIZACIÓN POR EL DELITO DE ROBO E INTENTO DE ROBO DE DINERO, CARTERA Y CELULAR",20,AÑO,2023,24,DEPARTAMENTO,TUMBES,TUMBES,victimizacion_robo_pct,2023,10.0,DEPARTAMENTO
9.2,"PORCENTAJE DE VICTIMIZACIÓN POR EL DELITO DE ROBO E INTENTO DE ROBO DE DINERO, CARTERA Y CELULAR",21,AÑO,2023,16,DEPARTAMENTO,LORETO,LORETO,victimizacion_robo_pct,2023,9.2,DEPARTAMENTO
8.8,"PORCENTAJE DE VICTIMIZACIÓN POR EL DELITO DE ROBO E INTENTO DE ROBO DE DINERO, CARTERA Y CELULAR",22,AÑO,2023,6,DEPARTAMENTO,CAJAMARCA,CAJAMARCA,victimizacion_robo_pct,2023,8.8,DEPARTAMENTO
7.0,"PORCENTAJE DE VICTIMIZACIÓN POR EL DELITO DE ROBO E INTENTO DE ROBO DE DINERO, CARTERA Y CELULAR",23,AÑO,2023,18,DEPARTAMENTO,MOQUEGUA,MOQUEGUA,victimizacion_robo_pct,2023,7.0,DEPARTAMENTO
7.0,"PORCENTAJE DE VICTIMIZACIÓN POR EL DELITO DE ROBO E INTENTO DE ROBO DE DINERO, CARTERA Y CELULAR",24,AÑO,2023,2,DEPARTAMENTO,ÁNCASH,ANCASH,victimizacion_robo_pct,2023,7.0,DEPARTAMENTO
5.7,"PORCENTAJE DE VICTIMIZACIÓN POR EL DELITO DE ROBO E INTENTO DE ROBO DE DINERO, CARTERA Y CELULAR",25,AÑO,2023,1,DEPARTAMENTO,AMAZONAS,AMAZONAS,victimizacion_robo_pct,2023,5.7,DEPARTAMENTO
5.3,"PORCENTAJE DE VICTIMIZACIÓN POR EL DELITO DE ROBO E INTENTO DE ROBO DE DINERO, CARTERA Y CELULAR",26,AÑO,2023,22,DEPARTAMENTO,SAN MARTÍN,SAN MARTIN,victimizacion_robo_pct,2023,5.3,DEPARTAMENTO
15.7,"PORCENTAJE DE VICTIMIZACIÓN POR EL DELITO DE ROBO E INTENTO DE ROBO DE DINERO, CARTERA Y CELULAR",0,AÑO,2024,0,NACIONAL,NACIONAL,NACIONAL,victimizacion_robo_pct,2024,15.7,NACIONAL
22.1,"PORCENTAJE DE VICTIMIZACIÓN POR EL DELITO DE ROBO E INTENTO DE ROBO DE DINERO, CARTERA Y CELULAR",1,AÑO,2024,12,DEPARTAMENTO,JUNÍN,JUNIN,victimizacion_robo_pct,2024,22.1,DEPARTAMENTO
21.8,"PORCENTAJE DE VICTIMIZACIÓN POR EL DELITO DE ROBO E INTENTO DE ROBO DE DINERO, CARTERA Y CELULAR",2,AÑO,2024,21,DEPARTAMENTO,PUNO,PUNO,victimizacion_robo_pct,2024,21.8,DEPARTAMENTO
20.2,"PORCENTAJE DE VICTIMIZACIÓN POR EL DELITO DE ROBO E INTENTO DE ROBO DE DINERO, CARTERA Y CELULAR",3,AÑO,2024,8,DEPARTAMENTO,CUSCO,CUSCO,victimizacion_robo_pct,2024,20.2,DEPARTAMENTO
19.7,"PORCENTAJE DE VICTIMIZACIÓN POR EL DELITO DE ROBO E INTENTO DE ROBO DE DINERO, CARTERA Y CELULAR",4,AÑO,2024,5,DEPARTAMENTO,AYACUCHO,AYACUCHO,victimizacion_robo_pct,2024,19.7,DEPARTAMENTO
19.6,"PORCENTAJE DE VICTIMIZACIÓN POR EL DELITO DE ROBO E INTENTO DE ROBO DE DINERO, CARTERA Y CELULAR",5,AÑO,2024,4,DEPARTAMENTO,AREQUIPA,AREQUIPA,victimizacion_robo_pct,2024,19.6,DEPARTAMENTO
19.0,"PORCENTAJE DE VICTIMIZACIÓN POR EL DELITO DE ROBO E INTENTO DE ROBO DE DINERO, CARTERA Y CELULAR",6,AÑO,2024,1501,DEPARTAMENTO,LIMA METROPOLITANA,LIMA,victimizacion_robo_pct,2024,19.0,DEPARTAMENTO
17.3,"PORCENTAJE DE VICTIMIZACIÓN POR EL DELITO DE ROBO E INTENTO DE ROBO DE DINERO, CARTERA Y CELULAR",7,AÑO,2024,23,DEPARTAMENTO,TACNA,TACNA,victimizacion_robo_pct,2024,17.3,DEPARTAMENTO
16.6,"PORCENTAJE DE VICTIMIZACIÓN POR EL DELITO DE ROBO E INTENTO DE ROBO DE DINERO, CARTERA Y CELULAR",8,AÑO,2024,7,DEPARTAMENTO,PROV. CONST. DEL CALLAO,CALLAO,victimizacion_robo_pct,2024,16.6,DEPARTAMENTO
15.0,"PORCENTAJE DE VICTIMIZACIÓN POR EL DELITO DE ROBO E INTENTO DE ROBO DE DINERO, CARTERA Y CELULAR",9,AÑO,2024,17,DEPARTAMENTO,MADRE DE DIOS,MADRE DE DIOS,victimizacion_robo_pct,2024,15.0,DEPARTAMENTO
13.7,"PORCENTAJE DE VICTIMIZACIÓN POR EL DELITO DE ROBO E INTENTO DE ROBO DE DINERO, CARTERA Y CELULAR",10,AÑO,2024,9,DEPARTAMENTO,HUANCAVELICA,HUANCAVELICA,victimizacion_robo_pct,2024,13.7,DEPARTAMENTO
13.5,"PORCENTAJE DE VICTIMIZACIÓN POR EL DELITO DE ROBO E INTENTO DE ROBO DE DINERO, CARTERA Y CELULAR",11,AÑO,2024,3,DEPARTAMENTO,APURÍMAC,APURIMAC,victimizacion_robo_pct,2024,13.5,DEPARTAMENTO
13.1,"PORCENTAJE DE VICTIMIZACIÓN POR EL DELITO DE ROBO E INTENTO DE ROBO DE DINERO, CARTERA Y CELULAR",12,AÑO,2024,13,DEPARTAMENTO,LA LIBERTAD,LA LIBERTAD,victimizacion_robo_pct,2024,13.1,DEPARTAMENTO
11.6,"PORCENTAJE DE VICTIMIZACIÓN POR EL DELITO DE ROBO E INTENTO DE ROBO DE DINERO, CARTERA Y CELULAR",13,AÑO,2024,20,DEPARTAMENTO,PIURA,PIURA,victimizacion_robo_pct,2024,11.6,DEPARTAMENTO
11.4,"PORCENTAJE DE VICTIMIZACIÓN POR EL DELITO DE ROBO E INTENTO DE ROBO DE DINERO, CARTERA Y CELULAR",14,AÑO,2024,18,DEPARTAMENTO,MOQUEGUA,MOQUEGUA,victimizacion_robo_pct,2024,11.4,DEPARTAMENTO
10.9,"PORCENTAJE DE VICTIMIZACIÓN POR EL DELITO DE ROBO E INTENTO DE ROBO DE DINERO, CARTERA Y CELULAR",15,AÑO,2024,14,DEPARTAMENTO,LAMBAYEQUE,LAMBAYEQUE,victimizacion_robo_pct,2024,10.9,DEPARTAMENTO
10.8,"PORCENTAJE DE VICTIMIZACIÓN POR EL DELITO DE ROBO E INTENTO DE ROBO DE DINERO, CARTERA Y CELULAR",16,AÑO,2024,11,DEPARTAMENTO,ICA,ICA,victimizacion_robo_pct,2024,10.8,DEPARTAMENTO
10.5,"PORCENTAJE DE VICTIMIZACIÓN POR EL DELITO DE ROBO E INTENTO DE ROBO DE DINERO, CARTERA Y CELULAR",17,AÑO,2024,1599,DEPARTAMENTO,REGIÓN LIMA,LIMA,victimizacion_robo_pct,2024,10.5,DEPARTAMENTO
10.4,"PORCENTAJE DE VICTIMIZACIÓN POR EL DELITO DE ROBO E INTENTO DE ROBO DE DINERO, CARTERA Y CELULAR",18,AÑO,2024,19,DEPARTAMENTO,PASCO,PASCO,victimizacion_robo_pct,2024,10.4,DEPARTAMENTO
9.1,"PORCENTAJE DE VICTIMIZACIÓN POR EL DELITO DE ROBO E INTENTO DE ROBO DE DINERO, CARTERA Y CELULAR",19,AÑO,2024,25,DEPARTAMENTO,UCAYALI,UCAYALI,victimizacion_robo_pct,2024,9.1,DEPARTAMENTO
8.9,"PORCENTAJE DE VICTIMIZACIÓN POR EL DELITO DE ROBO E INTENTO DE ROBO DE DINERO, CARTERA Y CELULAR",20,AÑO,2024,16,DEPARTAMENTO,LORETO,LORETO,victimizacion_robo_pct,2024,8.9,DEPARTAMENTO
8.6,"PORCENTAJE DE VICTIMIZACIÓN POR EL DELITO DE ROBO E INTENTO DE ROBO DE DINERO, CARTERA Y CELULAR",21,AÑO,2024,10,DEPARTAMENTO,HUÁNUCO,HUANUCO,victimizacion_robo_pct,2024,8.6,DEPARTAMENTO
7.9,"PORCENTAJE DE VICTIMIZACIÓN POR EL DELITO DE ROBO E INTENTO DE ROBO DE DINERO, CARTERA Y CELULAR",22,AÑO,2024,6,DEPARTAMENTO,CAJAMARCA,CAJAMARCA,victimizacion_robo_pct,2024,7.9,DEPARTAMENTO
7.4,"PORCENTAJE DE VICTIMIZACIÓN POR EL DELITO DE ROBO E INTENTO DE ROBO DE DINERO, CARTERA Y CELULAR",23,AÑO,2024,2,DEPARTAMENTO,ÁNCASH,ANCASH,victimizacion_robo_pct,2024,7.4,DEPARTAMENTO
7.3,"PORCENTAJE DE VICTIMIZACIÓN POR EL DELITO DE ROBO E INTENTO DE ROBO DE DINERO, CARTERA Y CELULAR",24,AÑO,2024,24,DEPARTAMENTO,TUMBES,TUMBES,victimizacion_robo_pct,2024,7.3,DEPARTAMENTO
5.4,"PORCENTAJE DE VICTIMIZACIÓN POR EL DELITO DE ROBO E INTENTO DE ROBO DE DINERO, CARTERA Y CELULAR",25,AÑO,2024,22,DEPARTAMENTO,SAN MARTÍN,SAN MARTIN,victimizacion_robo_pct,2024,5.4,DEPARTAMENTO
5.0,"PORCENTAJE DE VICTIMIZACIÓN POR EL DELITO DE ROBO E INTENTO DE ROBO DE DINERO, CARTERA Y CELULAR",26,AÑO,2024,1,DEPARTAMENTO,AMAZONAS,AMAZONAS,victimizacion_robo_pct,2024,5.0,DEPARTAMENTO
11.5,PORCENTAJE DE VICTIMIZACIÓN POR ESTAFA,0,AÑO,2013,0,NACIONAL,NACIONAL,NACIONAL,victimizacion_estafa_pct,2013,11.5,NACIONAL
17.0,PORCENTAJE DE VICTIMIZACIÓN POR ESTAFA,1,AÑO,2013,2,DEPARTAMENTO,ÁNCASH,ANCASH,victimizacion_estafa_pct,2013,17.0,DEPARTAMENTO
15.2,PORCENTAJE DE VICTIMIZACIÓN POR ESTAFA,2,AÑO,2013,1501,DEPARTAMENTO,LIMA METROPOLITANA,LIMA,victimizacion_estafa_pct,2013,15.2,DEPARTAMENTO
14.8,PORCENTAJE DE VICTIMIZACIÓN POR ESTAFA,3,AÑO,2013,1599,DEPARTAMENTO,REGIÓN LIMA,LIMA,victimizacion_estafa_pct,2013,14.8,DEPARTAMENTO
14.4,PORCENTAJE DE VICTIMIZACIÓN POR ESTAFA,4,AÑO,2013,18,DEPARTAMENTO,PASCO,PASCO,victimizacion_estafa_pct,2013,14.4,DEPARTAMENTO
13.4,PORCENTAJE DE VICTIMIZACIÓN POR ESTAFA,5,AÑO,2013,13,DEPARTAMENTO,LA LIBERTAD,LA LIBERTAD,victimizacion_estafa_pct,2013,13.4,DEPARTAMENTO
13.2,PORCENTAJE DE VICTIMIZACIÓN POR ESTAFA,6,AÑO,2013,8,DEPARTAMENTO,CUSCO,CUSCO,victimizacion_estafa_pct,2013,13.2,DEPARTAMENTO
13.0,PORCENTAJE DE VICTIMIZACIÓN POR ESTAFA,7,AÑO,2013,23,DEPARTAMENTO,TACNA,TACNA,victimizacion_estafa_pct,2013,13.0,DEPARTAMENTO
11.8,PORCENTAJE DE VICTIMIZACIÓN POR ESTAFA,8,AÑO,2013,9,DEPARTAMENTO,HUANCAVELICA,HUANCAVELICA,victimizacion_estafa_pct,2013,11.8,DEPARTAMENTO
11.4,PORCENTAJE DE VICTIMIZACIÓN POR ESTAFA,9,AÑO,2013,19,DEPARTAMENTO,PIURA,PIURA,victimizacion_estafa_pct,2013,11.4,DEPARTAMENTO
11.0,PORCENTAJE DE VICTIMIZACIÓN POR ESTAFA,10,AÑO,2013,20,DEPARTAMENTO,PROV. CONST. DEL CALLAO,CALLAO,victimizacion_estafa_pct,2013,11.0,DEPARTAMENTO
10.6,PORCENTAJE DE VICTIMIZACIÓN POR ESTAFA,11,AÑO,2013,12,DEPARTAMENTO,JUNÍN,JUNIN,victimizacion_estafa_pct,2013,10.6,DEPARTAMENTO
10.5,PORCENTAJE DE VICTIMIZACIÓN POR ESTAFA,12,AÑO,2013,25,DEPARTAMENTO,UCAYALI,UCAYALI,victimizacion_estafa_pct,2013,10.5,DEPARTAMENTO
8.1,PORCENTAJE DE VICTIMIZACIÓN POR ESTAFA,13,AÑO,2013,3,DEPARTAMENTO,APURÍMAC,APURIMAC,victimizacion_estafa_pct,2013,8.1,DEPARTAMENTO
7.5,PORCENTAJE DE VICTIMIZACIÓN POR ESTAFA,14,AÑO,2013,6,DEPARTAMENTO,CAJAMARCA,CAJAMARCA,victimizacion_estafa_pct,2013,7.5,DEPARTAMENTO
7.4,PORCENTAJE DE VICTIMIZACIÓN POR ESTAFA,15,AÑO,2013,24,DEPARTAMENTO,TUMBES,TUMBES,victimizacion_estafa_pct,2013,7.4,DEPARTAMENTO
7.1,PORCENTAJE DE VICTIMIZACIÓN POR ESTAFA,16,AÑO,2013,11,DEPARTAMENTO,ICA,ICA,victimizacion_estafa_pct,2013,7.1,DEPARTAMENTO
6.9,PORCENTAJE DE VICTIMIZACIÓN POR ESTAFA,17,AÑO,2013,15,DEPARTAMENTO,LORETO,LORETO,victimizacion_estafa_pct,2013,6.9,DEPARTAMENTO
6.8,PORCENTAJE DE VICTIMIZACIÓN POR ESTAFA,18,AÑO,2013,16,DEPARTAMENTO,MADRE DE DIOS,MADRE DE DIOS,victimizacion_estafa_pct,2013,6.8,DEPARTAMENTO
5.9,PORCENTAJE DE VICTIMIZACIÓN POR ESTAFA,19,AÑO,2013,10,DEPARTAMENTO,HUÁNUCO,HUANUCO,victimizacion_estafa_pct,2013,5.9,DEPARTAMENTO
5.0,PORCENTAJE DE VICTIMIZACIÓN POR ESTAFA,20,AÑO,2013,4,DEPARTAMENTO,AREQUIPA,AREQUIPA,victimizacion_estafa_pct,2013,5.0,DEPARTAMENTO
4.9,PORCENTAJE DE VICTIMIZACIÓN POR ESTAFA,21,AÑO,2013,22,DEPARTAMENTO,SAN MARTÍN,SAN MARTIN,victimizacion_estafa_pct,2013,4.9,DEPARTAMENTO
4.8,PORCENTAJE DE VICTIMIZACIÓN POR ESTAFA,22,AÑO,2013,17,DEPARTAMENTO,MOQUEGUA,MOQUEGUA,victimizacion_estafa_pct,2013,4.8,DEPARTAMENTO
4.4,PORCENTAJE DE VICTIMIZACIÓN POR ESTAFA,23,AÑO,2013,1,DEPARTAMENTO,AMAZONAS,AMAZONAS,victimizacion_estafa_pct,2013,4.4,DEPARTAMENTO
3.2,PORCENTAJE DE VICTIMIZACIÓN POR ESTAFA,24,AÑO,2013,21,DEPARTAMENTO,PUNO,PUNO,victimizacion_estafa_pct,2013,3.2,DEPARTAMENTO
1.7,PORCENTAJE DE VICTIMIZACIÓN POR ESTAFA,25,AÑO,2013,5,DEPARTAMENTO,AYACUCHO,AYACUCHO,victimizacion_estafa_pct,2013,1.7,DEPARTAMENTO
1.0,PORCENTAJE DE VICTIMIZACIÓN POR ESTAFA,26,AÑO,2013,14,DEPARTAMENTO,LAMBAYEQUE,LAMBAYEQUE,victimizacion_estafa_pct,2013,1.0,DEPARTAMENTO
7.0,PORCENTAJE DE VICTIMIZACIÓN POR ESTAFA,0,AÑO,2014,0,NACIONAL,NACIONAL,NACIONAL,victimizacion_estafa_pct,2014,7.0,NACIONAL
12.0,PORCENTAJE DE VICTIMIZACIÓN POR ESTAFA,1,AÑO,2014,1599,DEPARTAMENTO,REGIÓN LIMA,LIMA,victimizacion_estafa_pct,2014,12.0,DEPARTAMENTO
10.8,PORCENTAJE DE VICTIMIZACIÓN POR ESTAFA,2,AÑO,2014,8,DEPARTAMENTO,CUSCO,CUSCO,victimizacion_estafa_pct,2014,10.8,DEPARTAMENTO
9.1,PORCENTAJE DE VICTIMIZACIÓN POR ESTAFA,3,AÑO,2014,12,DEPARTAMENTO,JUNÍN,JUNIN,victimizacion_estafa_pct,2014,9.1,DEPARTAMENTO
9.0,PORCENTAJE DE VICTIMIZACIÓN POR ESTAFA,4,AÑO,2014,2,DEPARTAMENTO,ÁNCASH,ANCASH,victimizacion_estafa_pct,2014,9.0,DEPARTAMENTO
8.8,PORCENTAJE DE VICTIMIZACIÓN POR ESTAFA,5,AÑO,2014,1501,DEPARTAMENTO,LIMA METROPOLITANA,LIMA,victimizacion_estafa_pct,2014,8.8,DEPARTAMENTO
8.1,PORCENTAJE DE VICTIMIZACIÓN POR ESTAFA,6,AÑO,2014,13,DEPARTAMENTO,LA LIBERTAD,LA LIBERTAD,victimizacion_estafa_pct,2014,8.1,DEPARTAMENTO
7.7,PORCENTAJE DE VICTIMIZACIÓN POR ESTAFA,7,AÑO,2014,23,DEPARTAMENTO,TACNA,TACNA,victimizacion_estafa_pct,2014,7.7,DEPARTAMENTO
7.6,PORCENTAJE DE VICTIMIZACIÓN POR ESTAFA,8,AÑO,2014,7,DEPARTAMENTO,PROV. CONST. DEL CALLAO,CALLAO,victimizacion_estafa_pct,2014,7.6,DEPARTAMENTO
7.3,PORCENTAJE DE VICTIMIZACIÓN POR ESTAFA,9,AÑO,2014,25,DEPARTAMENTO,UCAYALI,UCAYALI,victimizacion_estafa_pct,2014,7.3,DEPARTAMENTO
6.2,PORCENTAJE DE VICTIMIZACIÓN POR ESTAFA,10,AÑO,2014,9,DEPARTAMENTO,HUANCAVELICA,HUANCAVELICA,victimizacion_estafa_pct,2014,6.2,DEPARTAMENTO
5.7,PORCENTAJE DE VICTIMIZACIÓN POR ESTAFA,11,AÑO,2014,20,DEPARTAMENTO,PIURA,PIURA,victimizacion_estafa_pct,2014,5.7,DEPARTAMENTO
5.3,PORCENTAJE DE VICTIMIZACIÓN POR ESTAFA,12,AÑO,2014,6,DEPARTAMENTO,CAJAMARCA,CAJAMARCA,victimizacion_estafa_pct,2014,5.3,DEPARTAMENTO
4.6,PORCENTAJE DE VICTIMIZACIÓN POR ESTAFA,13,AÑO,2014,16,DEPARTAMENTO,LORETO,LORETO,victimizacion_estafa_pct,2014,4.6,DEPARTAMENTO
4.6,PORCENTAJE DE VICTIMIZACIÓN POR ESTAFA,13,AÑO,2014,22,DEPARTAMENTO,SAN MARTÍN,SAN MARTIN,victimizacion_estafa_pct,2014,4.6,DEPARTAMENTO
4.3,PORCENTAJE DE VICTIMIZACIÓN POR ESTAFA,15,AÑO,2014,3,DEPARTAMENTO,APURÍMAC,APURIMAC,victimizacion_estafa_pct,2014,4.3,DEPARTAMENTO
4.3,PORCENTAJE DE VICTIMIZACIÓN POR ESTAFA,15,AÑO,2014,21,DEPARTAMENTO,PUNO,PUNO,victimizacion_estafa_pct,2014,4.3,DEPARTAMENTO
4.0,PORCENTAJE DE VICTIMIZACIÓN POR ESTAFA,17,AÑO,2014,19,DEPARTAMENTO,PASCO,PASCO,victimizacion_estafa_pct,2014,4.0,DEPARTAMENTO
3.7,PORCENTAJE DE VICTIMIZACIÓN POR ESTAFA,18,AÑO,2014,18,DEPARTAMENTO,MOQUEGUA,MOQUEGUA,victimizacion_estafa_pct,2014,3.7,DEPARTAMENTO
3.3,PORCENTAJE DE VICTIMIZACIÓN POR ESTAFA,19,AÑO,2014,11,DEPARTAMENTO,ICA,ICA,victimizacion_estafa_pct,2014,3.3,DEPARTAMENTO
3.2,PORCENTAJE DE VICTIMIZACIÓN POR ESTAFA,20,AÑO,2014,1,DEPARTAMENTO,AMAZONAS,AMAZONAS,victimizacion_estafa_pct,2014,3.2,DEPARTAMENTO
2.3,PORCENTAJE DE VICTIMIZACIÓN POR ESTAFA,21,AÑO,2014,10,DEPARTAMENTO,HUÁNUCO,HUANUCO,victimizacion_estafa_pct,2014,2.3,DEPARTAMENTO
2.1,PORCENTAJE DE VICTIMIZACIÓN POR ESTAFA,22,AÑO,2014,4,DEPARTAMENTO,AREQUIPA,AREQUIPA,victimizacion_estafa_pct,2014,2.1,DEPARTAMENTO
1.9,PORCENTAJE DE VICTIMIZACIÓN POR ESTAFA,23,AÑO,2014,17,DEPARTAMENTO,MADRE DE DIOS,MADRE DE DIOS,victimizacion_estafa_pct,2014,1.9,DEPARTAMENTO
1.4,PORCENTAJE DE VICTIMIZACIÓN POR ESTAFA,24,AÑO,2014,24,DEPARTAMENTO,TUMBES,TUMBES,victimizacion_estafa_pct,2014,1.4,DEPARTAMENTO
1.1,PORCENTAJE DE VICTIMIZACIÓN POR ESTAFA,25,AÑO,2014,5,DEPARTAMENTO,AYACUCHO,AYACUCHO,victimizacion_estafa_pct,2014,1.1,DEPARTAMENTO
0.4,PORCENTAJE DE VICTIMIZACIÓN POR ESTAFA,26,AÑO,2014,14,DEPARTAMENTO,LAMBAYEQUE,LAMBAYEQUE,victimizacion_estafa_pct,2014,0.4,DEPARTAMENTO
9.0,PORCENTAJE DE VICTIMIZACIÓN POR ESTAFA,0,AÑO,2015,0,NACIONAL,NACIONAL,NACIONAL,victimizacion_estafa_pct,2015,9.0,NACIONAL
14.5,PORCENTAJE DE VICTIMIZACIÓN POR ESTAFA,1,AÑO,2015,8,DEPARTAMENTO,CUSCO,CUSCO,victimizacion_estafa_pct,2015,14.5,DEPARTAMENTO
13.8,PORCENTAJE DE VICTIMIZACIÓN POR ESTAFA,2,AÑO,2015,2,DEPARTAMENTO,ÁNCASH,ANCASH,victimizacion_estafa_pct,2015,13.8,DEPARTAMENTO
12.8,PORCENTAJE DE VICTIMIZACIÓN POR ESTAFA,3,AÑO,2015,1599,DEPARTAMENTO,REGIÓN LIMA,LIMA,victimizacion_estafa_pct,2015,12.8,DEPARTAMENTO
12.1,PORCENTAJE DE VICTIMIZACIÓN POR ESTAFA,4,AÑO,2015,1501,DEPARTAMENTO,LIMA METROPOLITANA,LIMA,victimizacion_estafa_pct,2015,12.1,DEPARTAMENTO
10.2,PORCENTAJE DE VICTIMIZACIÓN POR ESTAFA,5,AÑO,2015,7,DEPARTAMENTO,PROV. CONST. DEL CALLAO,CALLAO,victimizacion_estafa_pct,2015,10.2,DEPARTAMENTO
10.1,PORCENTAJE DE VICTIMIZACIÓN POR ESTAFA,6,AÑO,2015,9,DEPARTAMENTO,HUANCAVELICA,HUANCAVELICA,victimizacion_estafa_pct,2015,10.1,DEPARTAMENTO
9.5,PORCENTAJE DE VICTIMIZACIÓN POR ESTAFA,7,AÑO,2015,13,DEPARTAMENTO,LA LIBERTAD,LA LIBERTAD,victimizacion_estafa_pct,2015,9.5,DEPARTAMENTO
9.2,PORCENTAJE DE VICTIMIZACIÓN POR ESTAFA,8,AÑO,2015,20,DEPARTAMENTO,PIURA,PIURA,victimizacion_estafa_pct,2015,9.2,DEPARTAMENTO
8.2,PORCENTAJE DE VICTIMIZACIÓN POR ESTAFA,9,AÑO,2015,12,DEPARTAMENTO,JUNÍN,JUNIN,victimizacion_estafa_pct,2015,8.2,DEPARTAMENTO
8.1,PORCENTAJE DE VICTIMIZACIÓN POR ESTAFA,10,AÑO,2015,25,DEPARTAMENTO,UCAYALI,UCAYALI,victimizacion_estafa_pct,2015,8.1,DEPARTAMENTO
7.8,PORCENTAJE DE VICTIMIZACIÓN POR ESTAFA,11,AÑO,2015,23,DEPARTAMENTO,TACNA,TACNA,victimizacion_estafa_pct,2015,7.8,DEPARTAMENTO
7.6,PORCENTAJE DE VICTIMIZACIÓN POR ESTAFA,12,AÑO,2015,17,DEPARTAMENTO,MADRE DE DIOS,MADRE DE DIOS,victimizacion_estafa_pct,2015,7.6,DEPARTAMENTO
6.8,PORCENTAJE DE VICTIMIZACIÓN POR ESTAFA,13,AÑO,2015,21,DEPARTAMENTO,PUNO,PUNO,victimizacion_estafa_pct,2015,6.8,DEPARTAMENTO
6.2,PORCENTAJE DE VICTIMIZACIÓN POR ESTAFA,14,AÑO,2015,11,DEPARTAMENTO,ICA,ICA,victimizacion_estafa_pct,2015,6.2,DEPARTAMENTO
6.2,PORCENTAJE DE VICTIMIZACIÓN POR ESTAFA,14,AÑO,2015,19,DEPARTAMENTO,PASCO,PASCO,victimizacion_estafa_pct,2015,6.2,DEPARTAMENTO
5.3,PORCENTAJE DE VICTIMIZACIÓN POR ESTAFA,16,AÑO,2015,18,DEPARTAMENTO,MOQUEGUA,MOQUEGUA,victimizacion_estafa_pct,2015,5.3,DEPARTAMENTO
4.2,PORCENTAJE DE VICTIMIZACIÓN POR ESTAFA,17,AÑO,2015,4,DEPARTAMENTO,AREQUIPA,AREQUIPA,victimizacion_estafa_pct,2015,4.2,DEPARTAMENTO
3.5,PORCENTAJE DE VICTIMIZACIÓN POR ESTAFA,18,AÑO,2015,1,DEPARTAMENTO,AMAZONAS,AMAZONAS,victimizacion_estafa_pct,2015,3.5,DEPARTAMENTO
3.3,PORCENTAJE DE VICTIMIZACIÓN POR ESTAFA,19,AÑO,2015,22,DEPARTAMENTO,SAN MARTÍN,SAN MARTIN,victimizacion_estafa_pct,2015,3.3,DEPARTAMENTO
2.7,PORCENTAJE DE VICTIMIZACIÓN POR ESTAFA,20,AÑO,2015,3,DEPARTAMENTO,APURÍMAC,APURIMAC,victimizacion_estafa_pct,2015,2.7,DEPARTAMENTO
2.7,PORCENTAJE DE VICTIMIZACIÓN POR ESTAFA,20,AÑO,2015,16,DEPARTAMENTO,LORETO,LORETO,victimizacion_estafa_pct,2015,2.7,DEPARTAMENTO
2.4,PORCENTAJE DE VICTIMIZACIÓN POR ESTAFA,22,AÑO,2015,6,DEPARTAMENTO,CAJAMARCA,CAJAMARCA,victimizacion_estafa_pct,2015,2.4,DEPARTAMENTO
1.7,PORCENTAJE DE VICTIMIZACIÓN POR ESTAFA,23,AÑO,2015,10,DEPARTAMENTO,HUÁNUCO,HUANUCO,victimizacion_estafa_pct,2015,1.7,DEPARTAMENTO
1.0,PORCENTAJE DE VICTIMIZACIÓN POR ESTAFA,24,AÑO,2015,5,DEPARTAMENTO,AYACUCHO,AYACUCHO,victimizacion_estafa_pct,2015,1.0,DEPARTAMENTO
0.8,PORCENTAJE DE VICTIMIZACIÓN POR ESTAFA,25,AÑO,2015,24,DEPARTAMENTO,TUMBES,TUMBES,victimizacion_estafa_pct,2015,0.8,DEPARTAMENTO
0.5,PORCENTAJE DE VICTIMIZACIÓN POR ESTAFA,26,AÑO,2015,14,DEPARTAMENTO,LAMBAYEQUE,LAMBAYEQUE,victimizacion_estafa_pct,2015,0.5,DEPARTAMENTO
7.7,PORCENTAJE DE VICTIMIZACIÓN POR ESTAFA,0,AÑO,2016,0,NACIONAL,NACIONAL,NACIONAL,victimizacion_estafa_pct,2016,7.7,NACIONAL
15.6,PORCENTAJE DE VICTIMIZACIÓN POR ESTAFA,1,AÑO,2016,2,DEPARTAMENTO,ÁNCASH,ANCASH,victimizacion_estafa_pct,2016,15.6,DEPARTAMENTO
13.2,PORCENTAJE DE VICTIMIZACIÓN POR ESTAFA,2,AÑO,2016,9,DEPARTAMENTO,HUANCAVELICA,HUANCAVELICA,victimizacion_estafa_pct,2016,13.2,DEPARTAMENTO
12.8,PORCENTAJE DE VICTIMIZACIÓN POR ESTAFA,3,AÑO,2016,8,DEPARTAMENTO,CUSCO,CUSCO,victimizacion_estafa_pct,2016,12.8,DEPARTAMENTO
12.5,PORCENTAJE DE VICTIMIZACIÓN POR ESTAFA,4,AÑO,2016,17,DEPARTAMENTO,MADRE DE DIOS,MADRE DE DIOS,victimizacion_estafa_pct,2016,12.5,DEPARTAMENTO
11.5,PORCENTAJE DE VICTIMIZACIÓN POR ESTAFA,5,AÑO,2016,23,DEPARTAMENTO,TACNA,TACNA,victimizacion_estafa_pct,2016,11.5,DEPARTAMENTO
10.5,PORCENTAJE DE VICTIMIZACIÓN POR ESTAFA,6,AÑO,2016,13,DEPARTAMENTO,LA LIBERTAD,LA LIBERTAD,victimizacion_estafa_pct,2016,10.5,DEPARTAMENTO
9.2,PORCENTAJE DE VICTIMIZACIÓN POR ESTAFA,7,AÑO,2016,7,DEPARTAMENTO,PROV. CONST. DEL CALLAO,CALLAO,victimizacion_estafa_pct,2016,9.2,DEPARTAMENTO
9.1,PORCENTAJE DE VICTIMIZACIÓN POR ESTAFA,8,AÑO,2016,1501,DEPARTAMENTO,LIMA METROPOLITANA,LIMA,victimizacion_estafa_pct,2016,9.1,DEPARTAMENTO
9.0,PORCENTAJE DE VICTIMIZACIÓN POR ESTAFA,9,AÑO,2016,19,DEPARTAMENTO,PASCO,PASCO,victimizacion_estafa_pct,2016,9.0,DEPARTAMENTO
8.3,PORCENTAJE DE VICTIMIZACIÓN POR ESTAFA,10,AÑO,2016,11,DEPARTAMENTO,ICA,ICA,victimizacion_estafa_pct,2016,8.3,DEPARTAMENTO
8.3,PORCENTAJE DE VICTIMIZACIÓN POR ESTAFA,10,AÑO,2016,20,DEPARTAMENTO,PIURA,PIURA,victimizacion_estafa_pct,2016,8.3,DEPARTAMENTO
7.2,PORCENTAJE DE VICTIMIZACIÓN POR ESTAFA,12,AÑO,2016,22,DEPARTAMENTO,SAN MARTÍN,SAN MARTIN,victimizacion_estafa_pct,2016,7.2,DEPARTAMENTO
7.0,PORCENTAJE DE VICTIMIZACIÓN POR ESTAFA,13,AÑO,2016,1599,DEPARTAMENTO,REGIÓN LIMA,LIMA,victimizacion_estafa_pct,2016,7.0,DEPARTAMENTO
6.5,PORCENTAJE DE VICTIMIZACIÓN POR ESTAFA,14,AÑO,2016,25,DEPARTAMENTO,UCAYALI,UCAYALI,victimizacion_estafa_pct,2016,6.5,DEPARTAMENTO
6.2,PORCENTAJE DE VICTIMIZACIÓN POR ESTAFA,15,AÑO,2016,12,DEPARTAMENTO,JUNÍN,JUNIN,victimizacion_estafa_pct,2016,6.2,DEPARTAMENTO
5.7,PORCENTAJE DE VICTIMIZACIÓN POR ESTAFA,16,AÑO,2016,21,DEPARTAMENTO,PUNO,PUNO,victimizacion_estafa_pct,2016,5.7,DEPARTAMENTO
4.1,PORCENTAJE DE VICTIMIZACIÓN POR ESTAFA,17,AÑO,2016,3,DEPARTAMENTO,APURÍMAC,APURIMAC,victimizacion_estafa_pct,2016,4.1,DEPARTAMENTO
4.0,PORCENTAJE DE VICTIMIZACIÓN POR ESTAFA,18,AÑO,2016,16,DEPARTAMENTO,LORETO,LORETO,victimizacion_estafa_pct,2016,4.0,DEPARTAMENTO
2.9,PORCENTAJE DE VICTIMIZACIÓN POR ESTAFA,19,AÑO,2016,6,DEPARTAMENTO,CAJAMARCA,CAJAMARCA,victimizacion_estafa_pct,2016,2.9,DEPARTAMENTO
2.5,PORCENTAJE DE VICTIMIZACIÓN POR ESTAFA,20,AÑO,2016,4,DEPARTAMENTO,AREQUIPA,AREQUIPA,victimizacion_estafa_pct,2016,2.5,DEPARTAMENTO
2.2,PORCENTAJE DE VICTIMIZACIÓN POR ESTAFA,21,AÑO,2016,18,DEPARTAMENTO,MOQUEGUA,MOQUEGUA,victimizacion_estafa_pct,2016,2.2,DEPARTAMENTO
1.9,PORCENTAJE DE VICTIMIZACIÓN POR ESTAFA,22,AÑO,2016,1,DEPARTAMENTO,AMAZONAS,AMAZONAS,victimizacion_estafa_pct,2016,1.9,DEPARTAMENTO
1.3,PORCENTAJE DE VICTIMIZACIÓN POR ESTAFA,23,AÑO,2016,10,DEPARTAMENTO,HUÁNUCO,HUANUCO,victimizacion_estafa_pct,2016,1.3,DEPARTAMENTO
1.2,PORCENTAJE DE VICTIMIZACIÓN POR ESTAFA,24,AÑO,2016,5,DEPARTAMENTO,AYACUCHO,AYACUCHO,victimizacion_estafa_pct,2016,1.2,DEPARTAMENTO
0.7,PORCENTAJE DE VICTIMIZACIÓN POR ESTAFA,25,AÑO,2016,24,DEPARTAMENTO,TUMBES,TUMBES,victimizacion_estafa_pct,2016,0.7,DEPARTAMENTO
0.6,PORCENTAJE DE VICTIMIZACIÓN POR ESTAFA,26,AÑO,2016,14,DEPARTAMENTO,LAMBAYEQUE,LAMBAYEQUE,victimizacion_estafa_pct,2016,0.6,DEPARTAMENTO
5.3,PORCENTAJE DE VICTIMIZACIÓN POR ESTAFA,0,AÑO,2017,0,NACIONAL,NACIONAL,NACIONAL,victimizacion_estafa_pct,2017,5.3,NACIONAL
17.9,PORCENTAJE DE VICTIMIZACIÓN POR ESTAFA,1,AÑO,2017,23,DEPARTAMENTO,TACNA,TACNA,victimizacion_estafa_pct,2017,17.9,DEPARTAMENTO
10.2,PORCENTAJE DE VICTIMIZACIÓN POR ESTAFA,2,AÑO,2017,8,DEPARTAMENTO,CUSCO,CUSCO,victimizacion_estafa_pct,2017,10.2,DEPARTAMENTO
10.1,PORCENTAJE DE VICTIMIZACIÓN POR ESTAFA,3,AÑO,2017,2,DEPARTAMENTO,ÁNCASH,ANCASH,victimizacion_estafa_pct,2017,10.1,DEPARTAMENTO
8.1,PORCENTAJE DE VICTIMIZACIÓN POR ESTAFA,4,AÑO,2017,9,DEPARTAMENTO,HUANCAVELICA,HUANCAVELICA,victimizacion_estafa_pct,2017,8.1,DEPARTAMENTO
7.8,PORCENTAJE DE VICTIMIZACIÓN POR ESTAFA,5,AÑO,2017,12,DEPARTAMENTO,JUNÍN,JUNIN,victimizacion_estafa_pct,2017,7.8,DEPARTAMENTO
7.3,PORCENTAJE DE VICTIMIZACIÓN POR ESTAFA,6,AÑO,2017,21,DEPARTAMENTO,PUNO,PUNO,victimizacion_estafa_pct,2017,7.3,DEPARTAMENTO
6.6,PORCENTAJE DE VICTIMIZACIÓN POR ESTAFA,7,AÑO,2017,17,DEPARTAMENTO,MADRE DE DIOS,MADRE DE DIOS,victimizacion_estafa_pct,2017,6.6,DEPARTAMENTO
6.0,PORCENTAJE DE VICTIMIZACIÓN POR ESTAFA,8,AÑO,2017,1599,DEPARTAMENTO,REGIÓN LIMA,LIMA,victimizacion_estafa_pct,2017,6.0,DEPARTAMENTO
5.8,PORCENTAJE DE VICTIMIZACIÓN POR ESTAFA,9,AÑO,2017,19,DEPARTAMENTO,PASCO,PASCO,victimizacion_estafa_pct,2017,5.8,DEPARTAMENTO
5.4,PORCENTAJE DE VICTIMIZACIÓN POR ESTAFA,10,AÑO,2017,1501,DEPARTAMENTO,LIMA METROPOLITANA,LIMA,victimizacion_estafa_pct,2017,5.4,DEPARTAMENTO
5.3,PORCENTAJE DE VICTIMIZACIÓN POR ESTAFA,11,AÑO,2017,13,DEPARTAMENTO,LA LIBERTAD,LA LIBERTAD,victimizacion_estafa_pct,2017,5.3,DEPARTAMENTO
5.3,PORCENTAJE DE VICTIMIZACIÓN POR ESTAFA,11,AÑO,2017,7,DEPARTAMENTO,PROV. CONST. DEL CALLAO,CALLAO,victimizacion_estafa_pct,2017,5.3,DEPARTAMENTO
4.6,PORCENTAJE DE VICTIMIZACIÓN POR ESTAFA,13,AÑO,2017,3,DEPARTAMENTO,APURÍMAC,APURIMAC,victimizacion_estafa_pct,2017,4.6,DEPARTAMENTO
4.6,PORCENTAJE DE VICTIMIZACIÓN POR ESTAFA,13,AÑO,2017,25,DEPARTAMENTO,UCAYALI,UCAYALI,victimizacion_estafa_pct,2017,4.6,DEPARTAMENTO
4.2,PORCENTAJE DE VICTIMIZACIÓN POR ESTAFA,15,AÑO,2017,4,DEPARTAMENTO,AREQUIPA,AREQUIPA,victimizacion_estafa_pct,2017,4.2,DEPARTAMENTO
4.1,PORCENTAJE DE VICTIMIZACIÓN POR ESTAFA,16,AÑO,2017,11,DEPARTAMENTO,ICA,ICA,victimizacion_estafa_pct,2017,4.1,DEPARTAMENTO
3.9,PORCENTAJE DE VICTIMIZACIÓN POR ESTAFA,17,AÑO,2017,5,DEPARTAMENTO,AYACUCHO,AYACUCHO,victimizacion_estafa_pct,2017,3.9,DEPARTAMENTO
3.9,PORCENTAJE DE VICTIMIZACIÓN POR ESTAFA,17,AÑO,2017,20,DEPARTAMENTO,PIURA,PIURA,victimizacion_estafa_pct,2017,3.9,DEPARTAMENTO
3.1,PORCENTAJE DE VICTIMIZACIÓN POR ESTAFA,19,AÑO,2017,22,DEPARTAMENTO,SAN MARTÍN,SAN MARTIN,victimizacion_estafa_pct,2017,3.1,DEPARTAMENTO
3.0,PORCENTAJE DE VICTIMIZACIÓN POR ESTAFA,20,AÑO,2017,1,DEPARTAMENTO,AMAZONAS,AMAZONAS,victimizacion_estafa_pct,2017,3.0,DEPARTAMENTO
2.9,PORCENTAJE DE VICTIMIZACIÓN POR ESTAFA,21,AÑO,2017,16,DEPARTAMENTO,LORETO,LORETO,victimizacion_estafa_pct,2017,2.9,DEPARTAMENTO
2.8,PORCENTAJE DE VICTIMIZACIÓN POR ESTAFA,22,AÑO,2017,18,DEPARTAMENTO,MOQUEGUA,MOQUEGUA,victimizacion_estafa_pct,2017,2.8,DEPARTAMENTO
2.1,PORCENTAJE DE VICTIMIZACIÓN POR ESTAFA,23,AÑO,2017,6,DEPARTAMENTO,CAJAMARCA,CAJAMARCA,victimizacion_estafa_pct,2017,2.1,DEPARTAMENTO
1.5,PORCENTAJE DE VICTIMIZACIÓN POR ESTAFA,24,AÑO,2017,10,DEPARTAMENTO,HUÁNUCO,HUANUCO,victimizacion_estafa_pct,2017,1.5,DEPARTAMENTO
1.3,PORCENTAJE DE VICTIMIZACIÓN POR ESTAFA,25,AÑO,2017,24,DEPARTAMENTO,TUMBES,TUMBES,victimizacion_estafa_pct,2017,1.3,DEPARTAMENTO
0.8,PORCENTAJE DE VICTIMIZACIÓN POR ESTAFA,26,AÑO,2017,14,DEPARTAMENTO,LAMBAYEQUE,LAMBAYEQUE,victimizacion_estafa_pct,2017,0.8,DEPARTAMENTO
5.2,PORCENTAJE DE VICTIMIZACIÓN POR ESTAFA,0,AÑO,2018,0,NACIONAL,NACIONAL,NACIONAL,victimizacion_estafa_pct,2018,5.2,NACIONAL
15.7,PORCENTAJE DE VICTIMIZACIÓN POR ESTAFA,1,AÑO,2018,23,DEPARTAMENTO,TACNA,TACNA,victimizacion_estafa_pct,2018,15.7,DEPARTAMENTO
12.3,PORCENTAJE DE VICTIMIZACIÓN POR ESTAFA,2,AÑO,2018,21,DEPARTAMENTO,PUNO,PUNO,victimizacion_estafa_pct,2018,12.3,DEPARTAMENTO
12.1,PORCENTAJE DE VICTIMIZACIÓN POR ESTAFA,3,AÑO,2018,17,DEPARTAMENTO,MADRE DE DIOS,MADRE DE DIOS,victimizacion_estafa_pct,2018,12.1,DEPARTAMENTO
10.7,PORCENTAJE DE VICTIMIZACIÓN POR ESTAFA,4,AÑO,2018,12,DEPARTAMENTO,JUNÍN,JUNIN,victimizacion_estafa_pct,2018,10.7,DEPARTAMENTO
10.6,PORCENTAJE DE VICTIMIZACIÓN POR ESTAFA,5,AÑO,2018,8,DEPARTAMENTO,CUSCO,CUSCO,victimizacion_estafa_pct,2018,10.6,DEPARTAMENTO
8.9,PORCENTAJE DE VICTIMIZACIÓN POR ESTAFA,6,AÑO,2018,9,DEPARTAMENTO,HUANCAVELICA,HUANCAVELICA,victimizacion_estafa_pct,2018,8.9,DEPARTAMENTO
8.5,PORCENTAJE DE VICTIMIZACIÓN POR ESTAFA,7,AÑO,2018,2,DEPARTAMENTO,ÁNCASH,ANCASH,victimizacion_estafa_pct,2018,8.5,DEPARTAMENTO
6.8,PORCENTAJE DE VICTIMIZACIÓN POR ESTAFA,8,AÑO,2018,19,DEPARTAMENTO,PASCO,PASCO,victimizacion_estafa_pct,2018,6.8,DEPARTAMENTO
6.2,PORCENTAJE DE VICTIMIZACIÓN POR ESTAFA,9,AÑO,2018,1599,DEPARTAMENTO,REGIÓN LIMA,LIMA,victimizacion_estafa_pct,2018,6.2,DEPARTAMENTO
6.0,PORCENTAJE DE VICTIMIZACIÓN POR ESTAFA,10,AÑO,2018,13,DEPARTAMENTO,LA LIBERTAD,LA LIBERTAD,victimizacion_estafa_pct,2018,6.0,DEPARTAMENTO
5.0,PORCENTAJE DE VICTIMIZACIÓN POR ESTAFA,11,AÑO,2018,1501,DEPARTAMENTO,LIMA METROPOLITANA,LIMA,victimizacion_estafa_pct,2018,5.0,DEPARTAMENTO
4.7,PORCENTAJE DE VICTIMIZACIÓN POR ESTAFA,12,AÑO,2018,5,DEPARTAMENTO,AYACUCHO,AYACUCHO,victimizacion_estafa_pct,2018,4.7,DEPARTAMENTO
4.2,PORCENTAJE DE VICTIMIZACIÓN POR ESTAFA,13,AÑO,2018,25,DEPARTAMENTO,UCAYALI,UCAYALI,victimizacion_estafa_pct,2018,4.2,DEPARTAMENTO
4.1,PORCENTAJE DE VICTIMIZACIÓN POR ESTAFA,14,AÑO,2018,7,DEPARTAMENTO,PROV. CONST. DEL CALLAO,CALLAO,victimizacion_estafa_pct,2018,4.1,DEPARTAMENTO
3.8,PORCENTAJE DE VICTIMIZACIÓN POR ESTAFA,15,AÑO,2018,1,DEPARTAMENTO,AMAZONAS,AMAZONAS,victimizacion_estafa_pct,2018,3.8,DEPARTAMENTO
3.4,PORCENTAJE DE VICTIMIZACIÓN POR ESTAFA,16,AÑO,2018,20,DEPARTAMENTO,PIURA,PIURA,victimizacion_estafa_pct,2018,3.4,DEPARTAMENTO
3.4,PORCENTAJE DE VICTIMIZACIÓN POR ESTAFA,16,AÑO,2018,24,DEPARTAMENTO,TUMBES,TUMBES,victimizacion_estafa_pct,2018,3.4,DEPARTAMENTO
3.2,PORCENTAJE DE VICTIMIZACIÓN POR ESTAFA,18,AÑO,2018,3,DEPARTAMENTO,APURÍMAC,APURIMAC,victimizacion_estafa_pct,2018,3.2,DEPARTAMENTO
3.2,PORCENTAJE DE VICTIMIZACIÓN POR ESTAFA,18,AÑO,2018,4,DEPARTAMENTO,AREQUIPA,AREQUIPA,victimizacion_estafa_pct,2018,3.2,DEPARTAMENTO
3.1,PORCENTAJE DE VICTIMIZACIÓN POR ESTAFA,20,AÑO,2018,16,DEPARTAMENTO,LORETO,LORETO,victimizacion_estafa_pct,2018,3.1,DEPARTAMENTO
2.6,PORCENTAJE DE VICTIMIZACIÓN POR ESTAFA,21,AÑO,2018,6,DEPARTAMENTO,CAJAMARCA,CAJAMARCA,victimizacion_estafa_pct,2018,2.6,DEPARTAMENTO
2.4,PORCENTAJE DE VICTIMIZACIÓN POR ESTAFA,22,AÑO,2018,22,DEPARTAMENTO,SAN MARTÍN,SAN MARTIN,victimizacion_estafa_pct,2018,2.4,DEPARTAMENTO
2.3,PORCENTAJE DE VICTIMIZACIÓN POR ESTAFA,23,AÑO,2018,18,DEPARTAMENTO,MOQUEGUA,MOQUEGUA,victimizacion_estafa_pct,2018,2.3,DEPARTAMENTO
1.9,PORCENTAJE DE VICTIMIZACIÓN POR ESTAFA,24,AÑO,2018,11,DEPARTAMENTO,ICA,ICA,victimizacion_estafa_pct,2018,1.9,DEPARTAMENTO
1.3,PORCENTAJE DE VICTIMIZACIÓN POR ESTAFA,25,AÑO,2018,10,DEPARTAMENTO,HUÁNUCO,HUANUCO,victimizacion_estafa_pct,2018,1.3,DEPARTAMENTO
0.2,PORCENTAJE DE VICTIMIZACIÓN POR ESTAFA,26,AÑO,2018,14,DEPARTAMENTO,LAMBAYEQUE,LAMBAYEQUE,victimizacion_estafa_pct,2018,0.2,DEPARTAMENTO
4.3,PORCENTAJE DE VICTIMIZACIÓN POR ESTAFA,0,AÑO,2019,0,NACIONAL,NACIONAL,NACIONAL,victimizacion_estafa_pct,2019,4.3,NACIONAL
12.2,PORCENTAJE DE VICTIMIZACIÓN POR ESTAFA,1,AÑO,2019,23,DEPARTAMENTO,TACNA,TACNA,victimizacion_estafa_pct,2019,12.2,DEPARTAMENTO
12.0,PORCENTAJE DE VICTIMIZACIÓN POR ESTAFA,2,AÑO,2019,21,DEPARTAMENTO,PUNO,PUNO,victimizacion_estafa_pct,2019,12.0,DEPARTAMENTO
10.7,PORCENTAJE DE VICTIMIZACIÓN POR ESTAFA,3,AÑO,2019,17,DEPARTAMENTO,MADRE DE DIOS,MADRE DE DIOS,victimizacion_estafa_pct,2019,10.7,DEPARTAMENTO
8.5,PORCENTAJE DE VICTIMIZACIÓN POR ESTAFA,4,AÑO,2019,8,DEPARTAMENTO,CUSCO,CUSCO,victimizacion_estafa_pct,2019,8.5,DEPARTAMENTO
8.2,PORCENTAJE DE VICTIMIZACIÓN POR ESTAFA,5,AÑO,2019,2,DEPARTAMENTO,ÁNCASH,ANCASH,victimizacion_estafa_pct,2019,8.2,DEPARTAMENTO
6.4,PORCENTAJE DE VICTIMIZACIÓN POR ESTAFA,6,AÑO,2019,9,DEPARTAMENTO,HUANCAVELICA,HUANCAVELICA,victimizacion_estafa_pct,2019,6.4,DEPARTAMENTO
6.2,PORCENTAJE DE VICTIMIZACIÓN POR ESTAFA,7,AÑO,2019,13,DEPARTAMENTO,LA LIBERTAD,LA LIBERTAD,victimizacion_estafa_pct,2019,6.2,DEPARTAMENTO
5.9,PORCENTAJE DE VICTIMIZACIÓN POR ESTAFA,8,AÑO,2019,12,DEPARTAMENTO,JUNÍN,JUNIN,victimizacion_estafa_pct,2019,5.9,DEPARTAMENTO
5.0,PORCENTAJE DE VICTIMIZACIÓN POR ESTAFA,9,AÑO,2019,19,DEPARTAMENTO,PASCO,PASCO,victimizacion_estafa_pct,2019,5.0,DEPARTAMENTO
4.7,PORCENTAJE DE VICTIMIZACIÓN POR ESTAFA,10,AÑO,2019,1599,DEPARTAMENTO,REGIÓN LIMA,LIMA,victimizacion_estafa_pct,2019,4.7,DEPARTAMENTO
3.9,PORCENTAJE DE VICTIMIZACIÓN POR ESTAFA,11,AÑO,2019,1501,DEPARTAMENTO,LIMA METROPOLITANA,LIMA,victimizacion_estafa_pct,2019,3.9,DEPARTAMENTO
3.9,PORCENTAJE DE VICTIMIZACIÓN POR ESTAFA,12,AÑO,2019,1,DEPARTAMENTO,AMAZONAS,AMAZONAS,victimizacion_estafa_pct,2019,3.9,DEPARTAMENTO
3.5,PORCENTAJE DE VICTIMIZACIÓN POR ESTAFA,13,AÑO,2019,7,DEPARTAMENTO,PROV. CONST. DEL CALLAO,CALLAO,victimizacion_estafa_pct,2019,3.5,DEPARTAMENTO
3.1,PORCENTAJE DE VICTIMIZACIÓN POR ESTAFA,14,AÑO,2019,11,DEPARTAMENTO,ICA,ICA,victimizacion_estafa_pct,2019,3.1,DEPARTAMENTO
3.1,PORCENTAJE DE VICTIMIZACIÓN POR ESTAFA,15,AÑO,2019,4,DEPARTAMENTO,AREQUIPA,AREQUIPA,victimizacion_estafa_pct,2019,3.1,DEPARTAMENTO
2.9,PORCENTAJE DE VICTIMIZACIÓN POR ESTAFA,16,AÑO,2019,20,DEPARTAMENTO,PIURA,PIURA,victimizacion_estafa_pct,2019,2.9,DEPARTAMENTO
2.8,PORCENTAJE DE VICTIMIZACIÓN POR ESTAFA,17,AÑO,2019,25,DEPARTAMENTO,UCAYALI,UCAYALI,victimizacion_estafa_pct,2019,2.8,DEPARTAMENTO
2.7,PORCENTAJE DE VICTIMIZACIÓN POR ESTAFA,18,AÑO,2019,24,DEPARTAMENTO,TUMBES,TUMBES,victimizacion_estafa_pct,2019,2.7,DEPARTAMENTO
2.6,PORCENTAJE DE VICTIMIZACIÓN POR ESTAFA,19,AÑO,2019,3,DEPARTAMENTO,APURÍMAC,APURIMAC,victimizacion_estafa_pct,2019,2.6,DEPARTAMENTO
2.3,PORCENTAJE DE VICTIMIZACIÓN POR ESTAFA,20,AÑO,2019,18,DEPARTAMENTO,MOQUEGUA,MOQUEGUA,victimizacion_estafa_pct,2019,2.3,DEPARTAMENTO
2.2,PORCENTAJE DE VICTIMIZACIÓN POR ESTAFA,21,AÑO,2019,22,DEPARTAMENTO,SAN MARTÍN,SAN MARTIN,victimizacion_estafa_pct,2019,2.2,DEPARTAMENTO
2.2,PORCENTAJE DE VICTIMIZACIÓN POR ESTAFA,22,AÑO,2019,16,DEPARTAMENTO,LORETO,LORETO,victimizacion_estafa_pct,2019,2.2,DEPARTAMENTO
2.0,PORCENTAJE DE VICTIMIZACIÓN POR ESTAFA,23,AÑO,2019,5,DEPARTAMENTO,AYACUCHO,AYACUCHO,victimizacion_estafa_pct,2019,2.0,DEPARTAMENTO
1.5,PORCENTAJE DE VICTIMIZACIÓN POR ESTAFA,24,AÑO,2019,6,DEPARTAMENTO,CAJAMARCA,CAJAMARCA,victimizacion_estafa_pct,2019,1.5,DEPARTAMENTO
1.4,PORCENTAJE DE VICTIMIZACIÓN POR ESTAFA,25,AÑO,2019,10,DEPARTAMENTO,HUÁNUCO,HUANUCO,victimizacion_estafa_pct,2019,1.4,DEPARTAMENTO
0.5,PORCENTAJE DE VICTIMIZACIÓN POR ESTAFA,26,AÑO,2019,14,DEPARTAMENTO,LAMBAYEQUE,LAMBAYEQUE,victimizacion_estafa_pct,2019,0.5,DEPARTAMENTO
3.2,PORCENTAJE DE VICTIMIZACIÓN POR ESTAFA,0,AÑO,2020,0,NACIONAL,NACIONAL,NACIONAL,victimizacion_estafa_pct,2020,3.2,NACIONAL
7.1,PORCENTAJE DE VICTIMIZACIÓN POR ESTAFA,1,AÑO,2020,8,DEPARTAMENTO,CUSCO,CUSCO,victimizacion_estafa_pct,2020,7.1,DEPARTAMENTO
6.3,PORCENTAJE DE VICTIMIZACIÓN POR ESTAFA,2,AÑO,2020,23,DEPARTAMENTO,TACNA,TACNA,victimizacion_estafa_pct,2020,6.3,DEPARTAMENTO
6.2,PORCENTAJE DE VICTIMIZACIÓN POR ESTAFA,3,AÑO,2020,2,DEPARTAMENTO,ÁNCASH,ANCASH,victimizacion_estafa_pct,2020,6.2,DEPARTAMENTO
6.1,PORCENTAJE DE VICTIMIZACIÓN POR ESTAFA,4,AÑO,2020,21,DEPARTAMENTO,PUNO,PUNO,victimizacion_estafa_pct,2020,6.1,DEPARTAMENTO
5.7,PORCENTAJE DE VICTIMIZACIÓN POR ESTAFA,5,AÑO,2020,9,DEPARTAMENTO,HUANCAVELICA,HUANCAVELICA,victimizacion_estafa_pct,2020,5.7,DEPARTAMENTO
5.0,PORCENTAJE DE VICTIMIZACIÓN POR ESTAFA,6,AÑO,2020,13,DEPARTAMENTO,LA LIBERTAD,LA LIBERTAD,victimizacion_estafa_pct,2020,5.0,DEPARTAMENTO
4.1,PORCENTAJE DE VICTIMIZACIÓN POR ESTAFA,7,AÑO,2020,12,DEPARTAMENTO,JUNÍN,JUNIN,victimizacion_estafa_pct,2020,4.1,DEPARTAMENTO
4.0,PORCENTAJE DE VICTIMIZACIÓN POR ESTAFA,8,AÑO,2020,19,DEPARTAMENTO,PASCO,PASCO,victimizacion_estafa_pct,2020,4.0,DEPARTAMENTO
3.9,PORCENTAJE DE VICTIMIZACIÓN POR ESTAFA,9,AÑO,2020,1599,DEPARTAMENTO,REGIÓN LIMA,LIMA,victimizacion_estafa_pct,2020,3.9,DEPARTAMENTO
3.7,PORCENTAJE DE VICTIMIZACIÓN POR ESTAFA,10,AÑO,2020,17,DEPARTAMENTO,MADRE DE DIOS,MADRE DE DIOS,victimizacion_estafa_pct,2020,3.7,DEPARTAMENTO
3.2,PORCENTAJE DE VICTIMIZACIÓN POR ESTAFA,11,AÑO,2020,1501,DEPARTAMENTO,LIMA METROPOLITANA,LIMA,victimizacion_estafa_pct,2020,3.2,DEPARTAMENTO
3.1,PORCENTAJE DE VICTIMIZACIÓN POR ESTAFA,12,AÑO,2020,25,DEPARTAMENTO,UCAYALI,UCAYALI,victimizacion_estafa_pct,2020,3.1,DEPARTAMENTO
3.0,PORCENTAJE DE VICTIMIZACIÓN POR ESTAFA,13,AÑO,2020,18,DEPARTAMENTO,MOQUEGUA,MOQUEGUA,victimizacion_estafa_pct,2020,3.0,DEPARTAMENTO
2.8,PORCENTAJE DE VICTIMIZACIÓN POR ESTAFA,14,AÑO,2020,7,DEPARTAMENTO,PROV. CONST. DEL CALLAO,CALLAO,victimizacion_estafa_pct,2020,2.8,DEPARTAMENTO
2.6,PORCENTAJE DE VICTIMIZACIÓN POR ESTAFA,15,AÑO,2020,3,DEPARTAMENTO,APURÍMAC,APURIMAC,victimizacion_estafa_pct,2020,2.6,DEPARTAMENTO
2.4,PORCENTAJE DE VICTIMIZACIÓN POR ESTAFA,16,AÑO,2020,22,DEPARTAMENTO,SAN MARTÍN,SAN MARTIN,victimizacion_estafa_pct,2020,2.4,DEPARTAMENTO
2.3,PORCENTAJE DE VICTIMIZACIÓN POR ESTAFA,17,AÑO,2020,5,DEPARTAMENTO,AYACUCHO,AYACUCHO,victimizacion_estafa_pct,2020,2.3,DEPARTAMENTO
2.3,PORCENTAJE DE VICTIMIZACIÓN POR ESTAFA,18,AÑO,2020,11,DEPARTAMENTO,ICA,ICA,victimizacion_estafa_pct,2020,2.3,DEPARTAMENTO
2.2,PORCENTAJE DE VICTIMIZACIÓN POR ESTAFA,19,AÑO,2020,1,DEPARTAMENTO,AMAZONAS,AMAZONAS,victimizacion_estafa_pct,2020,2.2,DEPARTAMENTO
2.0,PORCENTAJE DE VICTIMIZACIÓN POR ESTAFA,20,AÑO,2020,20,DEPARTAMENTO,PIURA,PIURA,victimizacion_estafa_pct,2020,2.0,DEPARTAMENTO
1.4,PORCENTAJE DE VICTIMIZACIÓN POR ESTAFA,21,AÑO,2020,4,DEPARTAMENTO,AREQUIPA,AREQUIPA,victimizacion_estafa_pct,2020,1.4,DEPARTAMENTO
1.4,PORCENTAJE DE VICTIMIZACIÓN POR ESTAFA,22,AÑO,2020,10,DEPARTAMENTO,HUÁNUCO,HUANUCO,victimizacion_estafa_pct,2020,1.4,DEPARTAMENTO
1.0,PORCENTAJE DE VICTIMIZACIÓN POR ESTAFA,23,AÑO,2020,16,DEPARTAMENTO,LORETO,LORETO,victimizacion_estafa_pct,2020,1.0,DEPARTAMENTO
0.9,PORCENTAJE DE VICTIMIZACIÓN POR ESTAFA,24,AÑO,2020,24,DEPARTAMENTO,TUMBES,TUMBES,victimizacion_estafa_pct,2020,0.9,DEPARTAMENTO
0.8,PORCENTAJE DE VICTIMIZACIÓN POR ESTAFA,25,AÑO,2020,6,DEPARTAMENTO,CAJAMARCA,CAJAMARCA,victimizacion_estafa_pct,2020,0.8,DEPARTAMENTO
0.2,PORCENTAJE DE VICTIMIZACIÓN POR ESTAFA,26,AÑO,2020,14,DEPARTAMENTO,LAMBAYEQUE,LAMBAYEQUE,victimizacion_estafa_pct,2020,0.2,DEPARTAMENTO
2.8,PORCENTAJE DE VICTIMIZACIÓN POR ESTAFA,0,AÑO,2021,0,NACIONAL,NACIONAL,NACIONAL,victimizacion_estafa_pct,2021,2.8,NACIONAL
6.9,PORCENTAJE DE VICTIMIZACIÓN POR ESTAFA,1,AÑO,2021,8,DEPARTAMENTO,CUSCO,CUSCO,victimizacion_estafa_pct,2021,6.9,DEPARTAMENTO
6.2,PORCENTAJE DE VICTIMIZACIÓN POR ESTAFA,2,AÑO,2021,21,DEPARTAMENTO,PUNO,PUNO,victimizacion_estafa_pct,2021,6.2,DEPARTAMENTO
5.7,PORCENTAJE DE VICTIMIZACIÓN POR ESTAFA,3,AÑO,2021,13,DEPARTAMENTO,LA LIBERTAD,LA LIBERTAD,victimizacion_estafa_pct,2021,5.7,DEPARTAMENTO
5.1,PORCENTAJE DE VICTIMIZACIÓN POR ESTAFA,4,AÑO,2021,9,DEPARTAMENTO,HUANCAVELICA,HUANCAVELICA,victimizacion_estafa_pct,2021,5.1,DEPARTAMENTO
5.1,PORCENTAJE DE VICTIMIZACIÓN POR ESTAFA,4,AÑO,2021,23,DEPARTAMENTO,TACNA,TACNA,victimizacion_estafa_pct,2021,5.1,DEPARTAMENTO
3.8,PORCENTAJE DE VICTIMIZACIÓN POR ESTAFA,6,AÑO,2021,1599,DEPARTAMENTO,REGIÓN LIMA,LIMA,victimizacion_estafa_pct,2021,3.8,DEPARTAMENTO
3.5,PORCENTAJE DE VICTIMIZACIÓN POR ESTAFA,7,AÑO,2021,17,DEPARTAMENTO,MADRE DE DIOS,MADRE DE DIOS,victimizacion_estafa_pct,2021,3.5,DEPARTAMENTO
3.0,PORCENTAJE DE VICTIMIZACIÓN POR ESTAFA,8,AÑO,2021,2,DEPARTAMENTO,ÁNCASH,ANCASH,victimizacion_estafa_pct,2021,3.0,DEPARTAMENTO
2.8,PORCENTAJE DE VICTIMIZACIÓN POR ESTAFA,9,AÑO,2021,1501,DEPARTAMENTO,LIMA METROPOLITANA,LIMA,victimizacion_estafa_pct,2021,2.8,DEPARTAMENTO
2.8,PORCENTAJE DE VICTIMIZACIÓN POR ESTAFA,9,AÑO,2021,25,DEPARTAMENTO,UCAYALI,UCAYALI,victimizacion_estafa_pct,2021,2.8,DEPARTAMENTO
2.7,PORCENTAJE DE VICTIMIZACIÓN POR ESTAFA,11,AÑO,2021,12,DEPARTAMENTO,JUNÍN,JUNIN,victimizacion_estafa_pct,2021,2.7,DEPARTAMENTO
2.7,PORCENTAJE DE VICTIMIZACIÓN POR ESTAFA,11,AÑO,2021,19,DEPARTAMENTO,PASCO,PASCO,victimizacion_estafa_pct,2021,2.7,DEPARTAMENTO
2.4,PORCENTAJE DE VICTIMIZACIÓN POR ESTAFA,13,AÑO,2021,16,DEPARTAMENTO,LORETO,LORETO,victimizacion_estafa_pct,2021,2.4,DEPARTAMENTO
2.1,PORCENTAJE DE VICTIMIZACIÓN POR ESTAFA,14,AÑO,2021,11,DEPARTAMENTO,ICA,ICA,victimizacion_estafa_pct,2021,2.1,DEPARTAMENTO
2.1,PORCENTAJE DE VICTIMIZACIÓN POR ESTAFA,14,AÑO,2021,7,DEPARTAMENTO,PROV. CONST. DEL CALLAO,CALLAO,victimizacion_estafa_pct,2021,2.1,DEPARTAMENTO
2.0,PORCENTAJE DE VICTIMIZACIÓN POR ESTAFA,16,AÑO,2021,18,DEPARTAMENTO,MOQUEGUA,MOQUEGUA,victimizacion_estafa_pct,2021,2.0,DEPARTAMENTO
1.9,PORCENTAJE DE VICTIMIZACIÓN POR ESTAFA,17,AÑO,2021,5,DEPARTAMENTO,AYACUCHO,AYACUCHO,victimizacion_estafa_pct,2021,1.9,DEPARTAMENTO
1.8,PORCENTAJE DE VICTIMIZACIÓN POR ESTAFA,18,AÑO,2021,1,DEPARTAMENTO,AMAZONAS,AMAZONAS,victimizacion_estafa_pct,2021,1.8,DEPARTAMENTO
1.5,PORCENTAJE DE VICTIMIZACIÓN POR ESTAFA,19,AÑO,2021,3,DEPARTAMENTO,APURÍMAC,APURIMAC,victimizacion_estafa_pct,2021,1.5,DEPARTAMENTO
1.5,PORCENTAJE DE VICTIMIZACIÓN POR ESTAFA,19,AÑO,2021,22,DEPARTAMENTO,SAN MARTÍN,SAN MARTIN,victimizacion_estafa_pct,2021,1.5,DEPARTAMENTO
1.4,PORCENTAJE DE VICTIMIZACIÓN POR ESTAFA,21,AÑO,2021,10,DEPARTAMENTO,HUÁNUCO,HUANUCO,victimizacion_estafa_pct,2021,1.4,DEPARTAMENTO
1.4,PORCENTAJE DE VICTIMIZACIÓN POR ESTAFA,21,AÑO,2021,20,DEPARTAMENTO,PIURA,PIURA,victimizacion_estafa_pct,2021,1.4,DEPARTAMENTO
1.1,PORCENTAJE DE VICTIMIZACIÓN POR ESTAFA,23,AÑO,2021,24,DEPARTAMENTO,TUMBES,TUMBES,victimizacion_estafa_pct,2021,1.1,DEPARTAMENTO
0.8,PORCENTAJE DE VICTIMIZACIÓN POR ESTAFA,24,AÑO,2021,4,DEPARTAMENTO,AREQUIPA,AREQUIPA,victimizacion_estafa_pct,2021,0.8,DEPARTAMENTO
0.5,PORCENTAJE DE VICTIMIZACIÓN POR ESTAFA,25,AÑO,2021,6,DEPARTAMENTO,CAJAMARCA,CAJAMARCA,victimizacion_estafa_pct,2021,0.5,DEPARTAMENTO
0.3,PORCENTAJE DE VICTIMIZACIÓN POR ESTAFA,26,AÑO,2021,14,DEPARTAMENTO,LAMBAYEQUE,LAMBAYEQUE,victimizacion_estafa_pct,2021,0.3,DEPARTAMENTO
4.3,PORCENTAJE DE VICTIMIZACIÓN POR ESTAFA,0,AÑO,2022,0,NACIONAL,NACIONAL,NACIONAL,victimizacion_estafa_pct,2022,4.3,NACIONAL
8.2,PORCENTAJE DE VICTIMIZACIÓN POR ESTAFA,1,AÑO,2022,3,DEPARTAMENTO,APURÍMAC,APURIMAC,victimizacion_estafa_pct,2022,8.2,DEPARTAMENTO
7.4,PORCENTAJE DE VICTIMIZACIÓN POR ESTAFA,2,AÑO,2022,9,DEPARTAMENTO,HUANCAVELICA,HUANCAVELICA,victimizacion_estafa_pct,2022,7.4,DEPARTAMENTO
7.3,PORCENTAJE DE VICTIMIZACIÓN POR ESTAFA,3,AÑO,2022,8,DEPARTAMENTO,CUSCO,CUSCO,victimizacion_estafa_pct,2022,7.3,DEPARTAMENTO
6.7,PORCENTAJE DE VICTIMIZACIÓN POR ESTAFA,4,AÑO,2022,22,DEPARTAMENTO,SAN MARTÍN,SAN MARTIN,victimizacion_estafa_pct,2022,6.7,DEPARTAMENTO
6.6,PORCENTAJE DE VICTIMIZACIÓN POR ESTAFA,5,AÑO,2022,23,DEPARTAMENTO,TACNA,TACNA,victimizacion_estafa_pct,2022,6.6,DEPARTAMENTO
5.9,PORCENTAJE DE VICTIMIZACIÓN POR ESTAFA,6,AÑO,2022,19,DEPARTAMENTO,PASCO,PASCO,victimizacion_estafa_pct,2022,5.9,DEPARTAMENTO
5.6,PORCENTAJE DE VICTIMIZACIÓN POR ESTAFA,7,AÑO,2022,2,DEPARTAMENTO,ÁNCASH,ANCASH,victimizacion_estafa_pct,2022,5.6,DEPARTAMENTO
5.1,PORCENTAJE DE VICTIMIZACIÓN POR ESTAFA,8,AÑO,2022,21,DEPARTAMENTO,PUNO,PUNO,victimizacion_estafa_pct,2022,5.1,DEPARTAMENTO
5.1,PORCENTAJE DE VICTIMIZACIÓN POR ESTAFA,9,AÑO,2022,20,DEPARTAMENTO,PIURA,PIURA,victimizacion_estafa_pct,2022,5.1,DEPARTAMENTO
4.9,PORCENTAJE DE VICTIMIZACIÓN POR ESTAFA,10,AÑO,2022,25,DEPARTAMENTO,UCAYALI,UCAYALI,victimizacion_estafa_pct,2022,4.9,DEPARTAMENTO
4.7,PORCENTAJE DE VICTIMIZACIÓN POR ESTAFA,11,AÑO,2022,1501,DEPARTAMENTO,LIMA METROPOLITANA,LIMA,victimizacion_estafa_pct,2022,4.7,DEPARTAMENTO
4.6,PORCENTAJE DE VICTIMIZACIÓN POR ESTAFA,12,AÑO,2022,17,DEPARTAMENTO,MADRE DE DIOS,MADRE DE DIOS,victimizacion_estafa_pct,2022,4.6,DEPARTAMENTO
4.6,PORCENTAJE DE VICTIMIZACIÓN POR ESTAFA,13,AÑO,2022,1599,DEPARTAMENTO,REGIÓN LIMA,LIMA,victimizacion_estafa_pct,2022,4.6,DEPARTAMENTO
4.1,PORCENTAJE DE VICTIMIZACIÓN POR ESTAFA,14,AÑO,2022,18,DEPARTAMENTO,MOQUEGUA,MOQUEGUA,victimizacion_estafa_pct,2022,4.1,DEPARTAMENTO
3.9,PORCENTAJE DE VICTIMIZACIÓN POR ESTAFA,15,AÑO,2022,13,DEPARTAMENTO,LA LIBERTAD,LA LIBERTAD,victimizacion_estafa_pct,2022,3.9,DEPARTAMENTO
3.9,PORCENTAJE DE VICTIMIZACIÓN POR ESTAFA,16,AÑO,2022,16,DEPARTAMENTO,LORETO,LORETO,victimizacion_estafa_pct,2022,3.9,DEPARTAMENTO
3.7,PORCENTAJE DE VICTIMIZACIÓN POR ESTAFA,17,AÑO,2022,4,DEPARTAMENTO,AREQUIPA,AREQUIPA,victimizacion_estafa_pct,2022,3.7,DEPARTAMENTO
3.2,PORCENTAJE DE VICTIMIZACIÓN POR ESTAFA,18,AÑO,2022,11,DEPARTAMENTO,ICA,ICA,victimizacion_estafa_pct,2022,3.2,DEPARTAMENTO
3.2,PORCENTAJE DE VICTIMIZACIÓN POR ESTAFA,19,AÑO,2022,7,DEPARTAMENTO,PROV. CONST. DEL CALLAO,CALLAO,victimizacion_estafa_pct,2022,3.2,DEPARTAMENTO
3.1,PORCENTAJE DE VICTIMIZACIÓN POR ESTAFA,20,AÑO,2022,12,DEPARTAMENTO,JUNÍN,JUNIN,victimizacion_estafa_pct,2022,3.1,DEPARTAMENTO
2.2,PORCENTAJE DE VICTIMIZACIÓN POR ESTAFA,21,AÑO,2022,24,DEPARTAMENTO,TUMBES,TUMBES,victimizacion_estafa_pct,2022,2.2,DEPARTAMENTO
2.2,PORCENTAJE DE VICTIMIZACIÓN POR ESTAFA,22,AÑO,2022,5,DEPARTAMENTO,AYACUCHO,AYACUCHO,victimizacion_estafa_pct,2022,2.2,DEPARTAMENTO
2.2,PORCENTAJE DE VICTIMIZACIÓN POR ESTAFA,23,AÑO,2022,1,DEPARTAMENTO,AMAZONAS,AMAZONAS,victimizacion_estafa_pct,2022,2.2,DEPARTAMENTO
0.8,PORCENTAJE DE VICTIMIZACIÓN POR ESTAFA,24,AÑO,2022,10,DEPARTAMENTO,HUÁNUCO,HUANUCO,victimizacion_estafa_pct,2022,0.8,DEPARTAMENTO
0.7,PORCENTAJE DE VICTIMIZACIÓN POR ESTAFA,25,AÑO,2022,6,DEPARTAMENTO,CAJAMARCA,CAJAMARCA,victimizacion_estafa_pct,2022,0.7,DEPARTAMENTO
0.5,PORCENTAJE DE VICTIMIZACIÓN POR ESTAFA,26,AÑO,2022,14,DEPARTAMENTO,LAMBAYEQUE,LAMBAYEQUE,victimizacion_estafa_pct,2022,0.5,DEPARTAMENTO
5.1,PORCENTAJE DE VICTIMIZACIÓN POR ESTAFA,0,AÑO,2023,0,NACIONAL,NACIONAL,NACIONAL,victimizacion_estafa_pct,2023,5.1,NACIONAL
7.3,PORCENTAJE DE VICTIMIZACIÓN POR ESTAFA,1,AÑO,2023,21,DEPARTAMENTO,PUNO,PUNO,victimizacion_estafa_pct,2023,7.3,DEPARTAMENTO
7.0,PORCENTAJE DE VICTIMIZACIÓN POR ESTAFA,2,AÑO,2023,8,DEPARTAMENTO,CUSCO,CUSCO,victimizacion_estafa_pct,2023,7.0,DEPARTAMENTO
6.4,PORCENTAJE DE VICTIMIZACIÓN POR ESTAFA,3,AÑO,2023,23,DEPARTAMENTO,TACNA,TACNA,victimizacion_estafa_pct,2023,6.4,DEPARTAMENTO
6.3,PORCENTAJE DE VICTIMIZACIÓN POR ESTAFA,4,AÑO,2023,1501,DEPARTAMENTO,LIMA METROPOLITANA,LIMA,victimizacion_estafa_pct,2023,6.3,DEPARTAMENTO
6.1,PORCENTAJE DE VICTIMIZACIÓN POR ESTAFA,5,AÑO,2023,20,DEPARTAMENTO,PIURA,PIURA,victimizacion_estafa_pct,2023,6.1,DEPARTAMENTO
5.6,PORCENTAJE DE VICTIMIZACIÓN POR ESTAFA,6,AÑO,2023,4,DEPARTAMENTO,AREQUIPA,AREQUIPA,victimizacion_estafa_pct,2023,5.6,DEPARTAMENTO
5.0,PORCENTAJE DE VICTIMIZACIÓN POR ESTAFA,7,AÑO,2023,7,DEPARTAMENTO,PROV. CONST. DEL CALLAO,CALLAO,victimizacion_estafa_pct,2023,5.0,DEPARTAMENTO
5.0,PORCENTAJE DE VICTIMIZACIÓN POR ESTAFA,8,AÑO,2023,19,DEPARTAMENTO,PASCO,PASCO,victimizacion_estafa_pct,2023,5.0,DEPARTAMENTO
5.0,PORCENTAJE DE VICTIMIZACIÓN POR ESTAFA,9,AÑO,2023,1599,DEPARTAMENTO,REGIÓN LIMA,LIMA,victimizacion_estafa_pct,2023,5.0,DEPARTAMENTO
4.5,PORCENTAJE DE VICTIMIZACIÓN POR ESTAFA,10,AÑO,2023,13,DEPARTAMENTO,LA LIBERTAD,LA LIBERTAD,victimizacion_estafa_pct,2023,4.5,DEPARTAMENTO
4.2,PORCENTAJE DE VICTIMIZACIÓN POR ESTAFA,11,AÑO,2023,22,DEPARTAMENTO,SAN MARTÍN,SAN MARTIN,victimizacion_estafa_pct,2023,4.2,DEPARTAMENTO
4.1,PORCENTAJE DE VICTIMIZACIÓN POR ESTAFA,12,AÑO,2023,2,DEPARTAMENTO,ÁNCASH,ANCASH,victimizacion_estafa_pct,2023,4.1,DEPARTAMENTO
4.1,PORCENTAJE DE VICTIMIZACIÓN POR ESTAFA,13,AÑO,2023,12,DEPARTAMENTO,JUNÍN,JUNIN,victimizacion_estafa_pct,2023,4.1,DEPARTAMENTO
3.8,PORCENTAJE DE VICTIMIZACIÓN POR ESTAFA,14,AÑO,2023,25,DEPARTAMENTO,UCAYALI,UCAYALI,victimizacion_estafa_pct,2023,3.8,DEPARTAMENTO
3.6,PORCENTAJE DE VICTIMIZACIÓN POR ESTAFA,15,AÑO,2023,16,DEPARTAMENTO,LORETO,LORETO,victimizacion_estafa_pct,2023,3.6,DEPARTAMENTO
3.6,PORCENTAJE DE VICTIMIZACIÓN POR ESTAFA,16,AÑO,2023,9,DEPARTAMENTO,HUANCAVELICA,HUANCAVELICA,victimizacion_estafa_pct,2023,3.6,DEPARTAMENTO
3.2,PORCENTAJE DE VICTIMIZACIÓN POR ESTAFA,17,AÑO,2023,11,DEPARTAMENTO,ICA,ICA,victimizacion_estafa_pct,2023,3.2,DEPARTAMENTO
3.1,PORCENTAJE DE VICTIMIZACIÓN POR ESTAFA,18,AÑO,2023,17,DEPARTAMENTO,MADRE DE DIOS,MADRE DE DIOS,victimizacion_estafa_pct,2023,3.1,DEPARTAMENTO
3.0,PORCENTAJE DE VICTIMIZACIÓN POR ESTAFA,19,AÑO,2023,18,DEPARTAMENTO,MOQUEGUA,MOQUEGUA,victimizacion_estafa_pct,2023,3.0,DEPARTAMENTO
2.5,PORCENTAJE DE VICTIMIZACIÓN POR ESTAFA,20,AÑO,2023,1,DEPARTAMENTO,AMAZONAS,AMAZONAS,victimizacion_estafa_pct,2023,2.5,DEPARTAMENTO
2.0,PORCENTAJE DE VICTIMIZACIÓN POR ESTAFA,21,AÑO,2023,24,DEPARTAMENTO,TUMBES,TUMBES,victimizacion_estafa_pct,2023,2.0,DEPARTAMENTO
1.9,PORCENTAJE DE VICTIMIZACIÓN POR ESTAFA,22,AÑO,2023,14,DEPARTAMENTO,LAMBAYEQUE,LAMBAYEQUE,victimizacion_estafa_pct,2023,1.9,DEPARTAMENTO
1.9,PORCENTAJE DE VICTIMIZACIÓN POR ESTAFA,23,AÑO,2023,5,DEPARTAMENTO,AYACUCHO,AYACUCHO,victimizacion_estafa_pct,2023,1.9,DEPARTAMENTO
1.4,PORCENTAJE DE VICTIMIZACIÓN POR ESTAFA,24,AÑO,2023,3,DEPARTAMENTO,APURÍMAC,APURIMAC,victimizacion_estafa_pct,2023,1.4,DEPARTAMENTO
0.6,PORCENTAJE DE VICTIMIZACIÓN POR ESTAFA,25,AÑO,2023,6,DEPARTAMENTO,CAJAMARCA,CAJAMARCA,victimizacion_estafa_pct,2023,0.6,DEPARTAMENTO
0.4,PORCENTAJE DE VICTIMIZACIÓN POR ESTAFA,26,AÑO,2023,10,DEPARTAMENTO,HUÁNUCO,HUANUCO,victimizacion_estafa_pct,2023,0.4,DEPARTAMENTO
3.8,PORCENTAJE DE VICTIMIZACIÓN POR ESTAFA,0,AÑO,2024,0,NACIONAL,NACIONAL,NACIONAL,victimizacion_estafa_pct,2024,3.8,NACIONAL
6.8,PORCENTAJE DE VICTIMIZACIÓN POR ESTAFA,1,AÑO,2024,23,DEPARTAMENTO,TACNA,TACNA,victimizacion_estafa_pct,2024,6.8,DEPARTAMENTO
6.7,PORCENTAJE DE VICTIMIZACIÓN POR ESTAFA,2,AÑO,2024,21,DEPARTAMENTO,PUNO,PUNO,victimizacion_estafa_pct,2024,6.7,DEPARTAMENTO
6.1,PORCENTAJE DE VICTIMIZACIÓN POR ESTAFA,3,AÑO,2024,4,DEPARTAMENTO,AREQUIPA,AREQUIPA,victimizacion_estafa_pct,2024,6.1,DEPARTAMENTO
5.4,PORCENTAJE DE VICTIMIZACIÓN POR ESTAFA,4,AÑO,2024,11,DEPARTAMENTO,ICA,ICA,victimizacion_estafa_pct,2024,5.4,DEPARTAMENTO
4.2,PORCENTAJE DE VICTIMIZACIÓN POR ESTAFA,5,AÑO,2024,1501,DEPARTAMENTO,LIMA METROPOLITANA,LIMA,victimizacion_estafa_pct,2024,4.2,DEPARTAMENTO
4.1,PORCENTAJE DE VICTIMIZACIÓN POR ESTAFA,6,AÑO,2024,13,DEPARTAMENTO,LA LIBERTAD,LA LIBERTAD,victimizacion_estafa_pct,2024,4.1,DEPARTAMENTO
4.1,PORCENTAJE DE VICTIMIZACIÓN POR ESTAFA,7,AÑO,2024,9,DEPARTAMENTO,HUANCAVELICA,HUANCAVELICA,victimizacion_estafa_pct,2024,4.1,DEPARTAMENTO
4.0,PORCENTAJE DE VICTIMIZACIÓN POR ESTAFA,8,AÑO,2024,20,DEPARTAMENTO,PIURA,PIURA,victimizacion_estafa_pct,2024,4.0,DEPARTAMENTO
3.8,PORCENTAJE DE VICTIMIZACIÓN POR ESTAFA,9,AÑO,2024,12,DEPARTAMENTO,JUNÍN,JUNIN,victimizacion_estafa_pct,2024,3.8,DEPARTAMENTO
3.8,PORCENTAJE DE VICTIMIZACIÓN POR ESTAFA,10,AÑO,2024,8,DEPARTAMENTO,CUSCO,CUSCO,victimizacion_estafa_pct,2024,3.8,DEPARTAMENTO
3.4,PORCENTAJE DE VICTIMIZACIÓN POR ESTAFA,11,AÑO,2024,2,DEPARTAMENTO,ÁNCASH,ANCASH,victimizacion_estafa_pct,2024,3.4,DEPARTAMENTO
3.4,PORCENTAJE DE VICTIMIZACIÓN POR ESTAFA,12,AÑO,2024,22,DEPARTAMENTO,SAN MARTÍN,SAN MARTIN,victimizacion_estafa_pct,2024,3.4,DEPARTAMENTO
3.4,PORCENTAJE DE VICTIMIZACIÓN POR ESTAFA,13,AÑO,2024,18,DEPARTAMENTO,MOQUEGUA,MOQUEGUA,victimizacion_estafa_pct,2024,3.4,DEPARTAMENTO
3.3,PORCENTAJE DE VICTIMIZACIÓN POR ESTAFA,14,AÑO,2024,7,DEPARTAMENTO,PROV. CONST. DEL CALLAO,CALLAO,victimizacion_estafa_pct,2024,3.3,DEPARTAMENTO
3.2,PORCENTAJE DE VICTIMIZACIÓN POR ESTAFA,15,AÑO,2024,1599,DEPARTAMENTO,REGIÓN LIMA,LIMA,victimizacion_estafa_pct,2024,3.2,DEPARTAMENTO
3.0,PORCENTAJE DE VICTIMIZACIÓN POR ESTAFA,16,AÑO,2024,25,DEPARTAMENTO,UCAYALI,UCAYALI,victimizacion_estafa_pct,2024,3.0,DEPARTAMENTO
2.4,PORCENTAJE DE VICTIMIZACIÓN POR ESTAFA,17,AÑO,2024,16,DEPARTAMENTO,LORETO,LORETO,victimizacion_estafa_pct,2024,2.4,DEPARTAMENTO
2.3,PORCENTAJE DE VICTIMIZACIÓN POR ESTAFA,18,AÑO,2024,19,DEPARTAMENTO,PASCO,PASCO,victimizacion_estafa_pct,2024,2.3,DEPARTAMENTO
2.1,PORCENTAJE DE VICTIMIZACIÓN POR ESTAFA,19,AÑO,2024,17,DEPARTAMENTO,MADRE DE DIOS,MADRE DE DIOS,victimizacion_estafa_pct,2024,2.1,DEPARTAMENTO
2.0,PORCENTAJE DE VICTIMIZACIÓN POR ESTAFA,20,AÑO,2024,1,DEPARTAMENTO,AMAZONAS,AMAZONAS,victimizacion_estafa_pct,2024,2.0,DEPARTAMENTO
1.3,PORCENTAJE DE VICTIMIZACIÓN POR ESTAFA,21,AÑO,2024,14,DEPARTAMENTO,LAMBAYEQUE,LAMBAYEQUE,victimizacion_estafa_pct,2024,1.3,DEPARTAMENTO
1.1,PORCENTAJE DE VICTIMIZACIÓN POR ESTAFA,22,AÑO,2024,5,DEPARTAMENTO,AYACUCHO,AYACUCHO,victimizacion_estafa_pct,2024,1.1,DEPARTAMENTO
0.9,PORCENTAJE DE VICTIMIZACIÓN POR ESTAFA,23,AÑO,2024,24,DEPARTAMENTO,TUMBES,TUMBES,victimizacion_estafa_pct,2024,0.9,DEPARTAMENTO
0.7,PORCENTAJE DE VICTIMIZACIÓN POR ESTAFA,24,AÑO,2024,3,DEPARTAMENTO,APURÍMAC,APURIMAC,victimizacion_estafa_pct,2024,0.7,DEPARTAMENTO
0.5,PORCENTAJE DE VICTIMIZACIÓN POR ESTAFA,25,AÑO,2024,10,DEPARTAMENTO,HUÁNUCO,HUANUCO,victimizacion_estafa_pct,2024,0.5,DEPARTAMENTO
0.5,PORCENTAJE DE VICTIMIZACIÓN POR ESTAFA,26,AÑO,2024,6,DEPARTAMENTO,CAJAMARCA,CAJAMARCA,victimizacion_estafa_pct,2024,0.5,DEPARTAMENTO
