VALOR,INDICADOR,CLASIF,PERIODO,VALOR PERIODO,COD_UBICACION,AMBITO_PROY,DEPARTAMENTO
18,PORCENTAJE DE CONFIANZA EN LA PNP,0,AÑO,2014,0,NACIONAL,NACIONAL
25.5,PORCENTAJE DE CONFIANZA EN LA PNP,1,AÑO,2014,16,DEPARTAMENTO,LORETO
24.6,PORCENTAJE DE CONFIANZA EN LA PNP,2,AÑO,2014,3,DEPARTAMENTO,APURÍMAC
24.5,PORCENTAJE DE CONFIANZA EN LA PNP,3,AÑO,2014,25,DEPARTAMENTO,UCAYALI
23.4,PORCENTAJE DE CONFIANZA EN LA PNP,4,AÑO,2014,1,DEPARTAMENTO,AMAZONAS
23.3,PORCENTAJE DE CONFIANZA EN LA PNP,5,AÑO,2014,24,DEPARTAMENTO,TUMBES
22.5,PORCENTAJE DE CONFIANZA EN LA PNP,6,AÑO,2014,20,DEPARTAMENTO,PIURA
22,PORCENTAJE DE CONFIANZA EN LA PNP,7,AÑO,2014,6,DEPARTAMENTO,CAJAMARCA
21.7,PORCENTAJE DE CONFIANZA EN LA PNP,8,AÑO,2014,1599,DEPARTAMENTO,REGIÓN LIMA
19.9,PORCENTAJE DE CONFIANZA EN LA PNP,9,AÑO,2014,22,DEPARTAMENTO,SAN MARTÍN
19.8,PORCENTAJE DE CONFIANZA EN LA PNP,10,AÑO,2014,18,DEPARTAMENTO,MOQUEGUA
19.4,PORCENTAJE DE CONFIANZA EN LA PNP,11,AÑO,2014,14,DEPARTAMENTO,LAMBAYEQUE
19.4,PORCENTAJE DE CONFIANZA EN LA PNP,12,AÑO,2014,4,DEPARTAMENTO,AREQUIPA
19,PORCENTAJE DE CONFIANZA EN LA PNP,13,AÑO,2014,1501,DEPARTAMENTO,LIMA METROPOLITANA
18.2,PORCENTAJE DE CONFIANZA EN LA PNP,14,AÑO,2014,13,DEPARTAMENTO,LA LIBERTAD
17.3,PORCENTAJE DE CONFIANZA EN LA PNP,15,AÑO,2014,7,DEPARTAMENTO,PROV. CONST. DEL CALLAO
16.9,PORCENTAJE DE CONFIANZA EN LA PNP,16,AÑO,2014,11,DEPARTAMENTO,ICA
15.2,PORCENTAJE DE CONFIANZA EN LA PNP,17,AÑO,2014,8,DEPARTAMENTO,CUSCO
15,PORCENTAJE DE CONFIANZA EN LA PNP,18,AÑO,2014,2,DEPARTAMENTO,ÁNCASH
14.9,PORCENTAJE DE CONFIANZA EN LA PNP,19,AÑO,2014,23,DEPARTAMENTO,TACNA
14.8,PORCENTAJE DE CONFIANZA EN LA PNP,20,AÑO,2014,12,DEPARTAMENTO,JUNÍN
14.2,PORCENTAJE DE CONFIANZA EN LA PNP,21,AÑO,2014,19,DEPARTAMENTO,PASCO
12.6,PORCENTAJE DE CONFIANZA EN LA PNP,22,AÑO,2014,9,DEPARTAMENTO,HUANCAVELICA
11.4,PORCENTAJE DE CONFIANZA EN LA PNP,23,AÑO,2014,10,DEPARTAMENTO,HUÁNUCO
9.4,PORCENTAJE DE CONFIANZA EN LA PNP,24,AÑO,2014,17,DEPARTAMENTO,MADRE DE DIOS
9.1,PORCENTAJE DE CONFIANZA EN LA PNP,25,AÑO,2014,5,DEPARTAMENTO,AYACUCHO
4.4,PORCENTAJE DE CONFIANZA EN LA PNP,26,AÑO,2014,21,DEPARTAMENTO,PUNO
19.3,PORCENTAJE DE CONFIANZA EN LA PNP,0,AÑO,2015,0,NACIONAL,NACIONAL
26.3,PORCENTAJE DE CONFIANZA EN LA PNP,1,AÑO,2015,16,DEPARTAMENTO,LORETO
25.6,PORCENTAJE DE CONFIANZA EN LA PNP,2,AÑO,2015,6,DEPARTAMENTO,CAJAMARCA
25.4,PORCENTAJE DE CONFIANZA EN LA PNP,3,AÑO,2015,1,DEPARTAMENTO,AMAZONAS
24.4,PORCENTAJE DE CONFIANZA EN LA PNP,4,AÑO,2015,24,DEPARTAMENTO,TUMBES
24.4,PORCENTAJE DE CONFIANZA EN LA PNP,5,AÑO,2015,4,DEPARTAMENTO,AREQUIPA
24,PORCENTAJE DE CONFIANZA EN LA PNP,6,AÑO,2015,1599,DEPARTAMENTO,REGIÓN LIMA
23.7,PORCENTAJE DE CONFIANZA EN LA PNP,7,AÑO,2015,20,DEPARTAMENTO,PIURA
22.3,PORCENTAJE DE CONFIANZA EN LA PNP,8,AÑO,2015,25,DEPARTAMENTO,UCAYALI
21.1,PORCENTAJE DE CONFIANZA EN LA PNP,9,AÑO,2015,14,DEPARTAMENTO,LAMBAYEQUE
20.9,PORCENTAJE DE CONFIANZA EN LA PNP,10,AÑO,2015,13,DEPARTAMENTO,LA LIBERTAD
20.6,PORCENTAJE DE CONFIANZA EN LA PNP,11,AÑO,2015,18,DEPARTAMENTO,MOQUEGUA
20.5,PORCENTAJE DE CONFIANZA EN LA PNP,12,AÑO,2015,11,DEPARTAMENTO,ICA
19.8,PORCENTAJE DE CONFIANZA EN LA PNP,13,AÑO,2015,1501,DEPARTAMENTO,LIMA METROPOLITANA
19.8,PORCENTAJE DE CONFIANZA EN LA PNP,14,AÑO,2015,22,DEPARTAMENTO,SAN MARTÍN
18,PORCENTAJE DE CONFIANZA EN LA PNP,15,AÑO,2015,7,DEPARTAMENTO,PROV. CONST. DEL CALLAO
16.1,PORCENTAJE DE CONFIANZA EN LA PNP,16,AÑO,2015,8,DEPARTAMENTO,CUSCO
15.9,PORCENTAJE DE CONFIANZA EN LA PNP,17,AÑO,2015,12,DEPARTAMENTO,JUNÍN
15.4,PORCENTAJE DE CONFIANZA EN LA PNP,18,AÑO,2015,2,DEPARTAMENTO,ÁNCASH
14.8,PORCENTAJE DE CONFIANZA EN LA PNP,19,AÑO,2015,9,DEPARTAMENTO,HUANCAVELICA
14.7,PORCENTAJE DE CONFIANZA EN LA PNP,20,AÑO,2015,23,DEPARTAMENTO,TACNA
13.7,PORCENTAJE DE CONFIANZA EN LA PNP,21,AÑO,2015,5,DEPARTAMENTO,AYACUCHO
13.7,PORCENTAJE DE CONFIANZA EN LA PNP,22,AÑO,2015,19,DEPARTAMENTO,PASCO
12.9,PORCENTAJE DE CONFIANZA EN LA PNP,23,AÑO,2015,10,DEPARTAMENTO,HUÁNUCO
12.6,PORCENTAJE DE CONFIANZA EN LA PNP,24,AÑO,2015,3,DEPARTAMENTO,APURÍMAC
10.6,PORCENTAJE DE CONFIANZA EN LA PNP,25,AÑO,2015,17,DEPARTAMENTO,MADRE DE DIOS
5.9,PORCENTAJE DE CONFIANZA EN LA PNP,26,AÑO,2015,21,DEPARTAMENTO,PUNO
18,PORCENTAJE DE CONFIANZA EN LA PNP,0,AÑO,2016,0,NACIONAL,NACIONAL
25.8,PORCENTAJE DE CONFIANZA EN LA PNP,1,AÑO,2016,1,DEPARTAMENTO,AMAZONAS
25,PORCENTAJE DE CONFIANZA EN LA PNP,2,AÑO,2016,14,DEPARTAMENTO,LAMBAYEQUE
24.1,PORCENTAJE DE CONFIANZA EN LA PNP,3,AÑO,2016,24,DEPARTAMENTO,TUMBES
23.6,PORCENTAJE DE CONFIANZA EN LA PNP,4,AÑO,2016,20,DEPARTAMENTO,PIURA
23.4,PORCENTAJE DE CONFIANZA EN LA PNP,5,AÑO,2016,16,DEPARTAMENTO,LORETO
23.3,PORCENTAJE DE CONFIANZA EN LA PNP,6,AÑO,2016,6,DEPARTAMENTO,CAJAMARCA
22.8,PORCENTAJE DE CONFIANZA EN LA PNP,7,AÑO,2016,13,DEPARTAMENTO,LA LIBERTAD
21.1,PORCENTAJE DE CONFIANZA EN LA PNP,8,AÑO,2016,4,DEPARTAMENTO,AREQUIPA
19.7,PORCENTAJE DE CONFIANZA EN LA PNP,9,AÑO,2016,18,DEPARTAMENTO,MOQUEGUA
19,PORCENTAJE DE CONFIANZA EN LA PNP,10,AÑO,2016,22,DEPARTAMENTO,SAN MARTÍN
19,PORCENTAJE DE CONFIANZA EN LA PNP,11,AÑO,2016,7,DEPARTAMENTO,PROV. CONST. DEL CALLAO
18.5,PORCENTAJE DE CONFIANZA EN LA PNP,12,AÑO,2016,25,DEPARTAMENTO,UCAYALI
17.8,PORCENTAJE DE CONFIANZA EN LA PNP,13,AÑO,2016,1599,DEPARTAMENTO,REGIÓN LIMA
17.3,PORCENTAJE DE CONFIANZA EN LA PNP,14,AÑO,2016,3,DEPARTAMENTO,APURÍMAC
17.1,PORCENTAJE DE CONFIANZA EN LA PNP,15,AÑO,2016,9,DEPARTAMENTO,HUANCAVELICA
17,PORCENTAJE DE CONFIANZA EN LA PNP,16,AÑO,2016,11,DEPARTAMENTO,ICA
16.8,PORCENTAJE DE CONFIANZA EN LA PNP,17,AÑO,2016,1501,DEPARTAMENTO,LIMA METROPOLITANA
16.8,PORCENTAJE DE CONFIANZA EN LA PNP,18,AÑO,2016,23,DEPARTAMENTO,TACNA
15.5,PORCENTAJE DE CONFIANZA EN LA PNP,19,AÑO,2016,10,DEPARTAMENTO,HUÁNUCO
15.1,PORCENTAJE DE CONFIANZA EN LA PNP,20,AÑO,2016,2,DEPARTAMENTO,ÁNCASH
14.8,PORCENTAJE DE CONFIANZA EN LA PNP,21,AÑO,2016,5,DEPARTAMENTO,AYACUCHO
14.3,PORCENTAJE DE CONFIANZA EN LA PNP,22,AÑO,2016,19,DEPARTAMENTO,PASCO
14,PORCENTAJE DE CONFIANZA EN LA PNP,23,AÑO,2016,12,DEPARTAMENTO,JUNÍN
13.6,PORCENTAJE DE CONFIANZA EN LA PNP,24,AÑO,2016,8,DEPARTAMENTO,CUSCO
9.4,PORCENTAJE DE CONFIANZA EN LA PNP,25,AÑO,2016,17,DEPARTAMENTO,MADRE DE DIOS
5.7,PORCENTAJE DE CONFIANZA EN LA PNP,26,AÑO,2016,21,DEPARTAMENTO,PUNO
18.7,PORCENTAJE DE CONFIANZA EN LA PNP,0,AÑO,2017,0,NACIONAL,NACIONAL
28.8,PORCENTAJE DE CONFIANZA EN LA PNP,1,AÑO,2017,24,DEPARTAMENTO,TUMBES
27.3,PORCENTAJE DE CONFIANZA EN LA PNP,2,AÑO,2017,6,DEPARTAMENTO,CAJAMARCA
25.5,PORCENTAJE DE CONFIANZA EN LA PNP,3,AÑO,2017,20,DEPARTAMENTO,PIURA
23.9,PORCENTAJE DE CONFIANZA EN LA PNP,4,AÑO,2017,1,DEPARTAMENTO,AMAZONAS
22.4,PORCENTAJE DE CONFIANZA EN LA PNP,5,AÑO,2017,25,DEPARTAMENTO,UCAYALI
22.3,PORCENTAJE DE CONFIANZA EN LA PNP,6,AÑO,2017,16,DEPARTAMENTO,LORETO
21.7,PORCENTAJE DE CONFIANZA EN LA PNP,7,AÑO,2017,4,DEPARTAMENTO,AREQUIPA
21.5,PORCENTAJE DE CONFIANZA EN LA PNP,8,AÑO,2017,22,DEPARTAMENTO,SAN MARTÍN
21.3,PORCENTAJE DE CONFIANZA EN LA PNP,9,AÑO,2017,14,DEPARTAMENTO,LAMBAYEQUE
20.1,PORCENTAJE DE CONFIANZA EN LA PNP,10,AÑO,2017,7,DEPARTAMENTO,PROV. CONST. DEL CALLAO
19.7,PORCENTAJE DE CONFIANZA EN LA PNP,11,AÑO,2017,1501,DEPARTAMENTO,LIMA METROPOLITANA
18.9,PORCENTAJE DE CONFIANZA EN LA PNP,12,AÑO,2017,13,DEPARTAMENTO,LA LIBERTAD
18.7,PORCENTAJE DE CONFIANZA EN LA PNP,13,AÑO,2017,11,DEPARTAMENTO,ICA
18.5,PORCENTAJE DE CONFIANZA EN LA PNP,14,AÑO,2017,19,DEPARTAMENTO,PASCO
18.2,PORCENTAJE DE CONFIANZA EN LA PNP,15,AÑO,2017,1599,DEPARTAMENTO,REGIÓN LIMA
17.6,PORCENTAJE DE CONFIANZA EN LA PNP,16,AÑO,2017,18,DEPARTAMENTO,MOQUEGUA
16.9,PORCENTAJE DE CONFIANZA EN LA PNP,17,AÑO,2017,23,DEPARTAMENTO,TACNA
16.6,PORCENTAJE DE CONFIANZA EN LA PNP,18,AÑO,2017,2,DEPARTAMENTO,ÁNCASH
14.3,PORCENTAJE DE CONFIANZA EN LA PNP,19,AÑO,2017,12,DEPARTAMENTO,JUNÍN
12.7,PORCENTAJE DE CONFIANZA EN LA PNP,20,AÑO,2017,9,DEPARTAMENTO,HUANCAVELICA
12.5,PORCENTAJE DE CONFIANZA EN LA PNP,21,AÑO,2017,17,DEPARTAMENTO,MADRE DE DIOS
12.3,PORCENTAJE DE CONFIANZA EN LA PNP,22,AÑO,2017,3,DEPARTAMENTO,APURÍMAC
12.3,PORCENTAJE DE CONFIANZA EN LA PNP,23,AÑO,2017,5,DEPARTAMENTO,AYACUCHO
11.5,PORCENTAJE DE CONFIANZA EN LA PNP,24,AÑO,2017,10,DEPARTAMENTO,HUÁNUCO
11,PORCENTAJE DE CONFIANZA EN LA PNP,25,AÑO,2017,8,DEPARTAMENTO,CUSCO
6.8,PORCENTAJE DE CONFIANZA EN LA PNP,26,AÑO,2017,21,DEPARTAMENTO,PUNO
17.2,PORCENTAJE DE CONFIANZA EN LA PNP,0,AÑO,2018,0,NACIONAL,NACIONAL
25.2,PORCENTAJE DE CONFIANZA EN LA PNP,1,AÑO,2018,24,DEPARTAMENTO,TUMBES
23.8,PORCENTAJE DE CONFIANZA EN LA PNP,2,AÑO,2018,20,DEPARTAMENTO,PIURA
22.7,PORCENTAJE DE CONFIANZA EN LA PNP,3,AÑO,2018,1,DEPARTAMENTO,AMAZONAS
22.6,PORCENTAJE DE CONFIANZA EN LA PNP,4,AÑO,2018,6,DEPARTAMENTO,CAJAMARCA
21.5,PORCENTAJE DE CONFIANZA EN LA PNP,5,AÑO,2018,25,DEPARTAMENTO,UCAYALI
20.7,PORCENTAJE DE CONFIANZA EN LA PNP,6,AÑO,2018,16,DEPARTAMENTO,LORETO
20.1,PORCENTAJE DE CONFIANZA EN LA PNP,7,AÑO,2018,11,DEPARTAMENTO,ICA
19.6,PORCENTAJE DE CONFIANZA EN LA PNP,8,AÑO,2018,22,DEPARTAMENTO,SAN MARTÍN
18.4,PORCENTAJE DE CONFIANZA EN LA PNP,9,AÑO,2018,4,DEPARTAMENTO,AREQUIPA
18.3,PORCENTAJE DE CONFIANZA EN LA PNP,10,AÑO,2018,1501,DEPARTAMENTO,LIMA METROPOLITANA
18.2,PORCENTAJE DE CONFIANZA EN LA PNP,11,AÑO,2018,14,DEPARTAMENTO,LAMBAYEQUE
17.8,PORCENTAJE DE CONFIANZA EN LA PNP,12,AÑO,2018,13,DEPARTAMENTO,LA LIBERTAD
17.7,PORCENTAJE DE CONFIANZA EN LA PNP,13,AÑO,2018,1599,DEPARTAMENTO,REGIÓN LIMA
17.5,PORCENTAJE DE CONFIANZA EN LA PNP,14,AÑO,2018,7,DEPARTAMENTO,PROV. CONST. DEL CALLAO
17.1,PORCENTAJE DE CONFIANZA EN LA PNP,15,AÑO,2018,23,DEPARTAMENTO,TACNA
15.8,PORCENTAJE DE CONFIANZA EN LA PNP,16,AÑO,2018,18,DEPARTAMENTO,MOQUEGUA
15.2,PORCENTAJE DE CONFIANZA EN LA PNP,17,AÑO,2018,9,DEPARTAMENTO,HUANCAVELICA
14.8,PORCENTAJE DE CONFIANZA EN LA PNP,18,AÑO,2018,2,DEPARTAMENTO,ÁNCASH
14.5,PORCENTAJE DE CONFIANZA EN LA PNP,19,AÑO,2018,19,DEPARTAMENTO,PASCO
13.7,PORCENTAJE DE CONFIANZA EN LA PNP,20,AÑO,2018,10,DEPARTAMENTO,HUÁNUCO
13.5,PORCENTAJE DE CONFIANZA EN LA PNP,21,AÑO,2018,8,DEPARTAMENTO,CUSCO
10.5,PORCENTAJE DE CONFIANZA EN LA PNP,22,AÑO,2018,3,DEPARTAMENTO,APURÍMAC
10.2,PORCENTAJE DE CONFIANZA EN LA PNP,23,AÑO,2018,12,DEPARTAMENTO,JUNÍN
9.1,PORCENTAJE DE CONFIANZA EN LA PNP,24,AÑO,2018,5,DEPARTAMENTO,AYACUCHO
8.4,PORCENTAJE DE CONFIANZA EN LA PNP,25,AÑO,2018,17,DEPARTAMENTO,MADRE DE DIOS
5.9,PORCENTAJE DE CONFIANZA EN LA PNP,26,AÑO,2018,21,DEPARTAMENTO,PUNO
18.8,PORCENTAJE DE CONFIANZA EN LA PNP,0,AÑO,2019,0,NACIONAL,NACIONAL
31.8,PORCENTAJE DE CONFIANZA EN LA PNP,1,AÑO,2019,24,DEPARTAMENTO,TUMBES
28.2,PORCENTAJE DE CONFIANZA EN LA PNP,2,AÑO,2019,1,DEPARTAMENTO,AMAZONAS
27.7,PORCENTAJE DE CONFIANZA EN LA PNP,3,AÑO,2019,6,DEPARTAMENTO,CAJAMARCA
26.1,PORCENTAJE DE CONFIANZA EN LA PNP,4,AÑO,2019,20,DEPARTAMENTO,PIURA
25.6,PORCENTAJE DE CONFIANZA EN LA PNP,5,AÑO,2019,14,DEPARTAMENTO,LAMBAYEQUE
23.3,PORCENTAJE DE CONFIANZA EN LA PNP,6,AÑO,2019,25,DEPARTAMENTO,UCAYALI
22.2,PORCENTAJE DE CONFIANZA EN LA PNP,7,AÑO,2019,22,DEPARTAMENTO,SAN MARTÍN
21.2,PORCENTAJE DE CONFIANZA EN LA PNP,8,AÑO,2019,9,DEPARTAMENTO,HUANCAVELICA
21.1,PORCENTAJE DE CONFIANZA EN LA PNP,9,AÑO,2019,11,DEPARTAMENTO,ICA
20.4,PORCENTAJE DE CONFIANZA EN LA PNP,10,AÑO,2019,7,DEPARTAMENTO,PROV. CONST. DEL CALLAO
19.4,PORCENTAJE DE CONFIANZA EN LA PNP,11,AÑO,2019,16,DEPARTAMENTO,LORETO
19.2,PORCENTAJE DE CONFIANZA EN LA PNP,12,AÑO,2019,1501,DEPARTAMENTO,LIMA METROPOLITANA
18.4,PORCENTAJE DE CONFIANZA EN LA PNP,13,AÑO,2019,1599,DEPARTAMENTO,REGIÓN LIMA
17.9,PORCENTAJE DE CONFIANZA EN LA PNP,14,AÑO,2019,4,DEPARTAMENTO,AREQUIPA
17.7,PORCENTAJE DE CONFIANZA EN LA PNP,15,AÑO,2019,10,DEPARTAMENTO,HUÁNUCO
17,PORCENTAJE DE CONFIANZA EN LA PNP,16,AÑO,2019,13,DEPARTAMENTO,LA LIBERTAD
16.8,PORCENTAJE DE CONFIANZA EN LA PNP,17,AÑO,2019,8,DEPARTAMENTO,CUSCO
16.3,PORCENTAJE DE CONFIANZA EN LA PNP,18,AÑO,2019,2,DEPARTAMENTO,ÁNCASH
15.7,PORCENTAJE DE CONFIANZA EN LA PNP,19,AÑO,2019,23,DEPARTAMENTO,TACNA
15.6,PORCENTAJE DE CONFIANZA EN LA PNP,20,AÑO,2019,18,DEPARTAMENTO,MOQUEGUA
13.1,PORCENTAJE DE CONFIANZA EN LA PNP,21,AÑO,2019,19,DEPARTAMENTO,PASCO
11.5,PORCENTAJE DE CONFIANZA EN LA PNP,22,AÑO,2019,3,DEPARTAMENTO,APURÍMAC
11.4,PORCENTAJE DE CONFIANZA EN LA PNP,23,AÑO,2019,12,DEPARTAMENTO,JUNÍN
10.3,PORCENTAJE DE CONFIANZA EN LA PNP,24,AÑO,2019,5,DEPARTAMENTO,AYACUCHO
8.2,PORCENTAJE DE CONFIANZA EN LA PNP,25,AÑO,2019,17,DEPARTAMENTO,MADRE DE DIOS
5.8,PORCENTAJE DE CONFIANZA EN LA PNP,26,AÑO,2019,21,DEPARTAMENTO,PUNO
28.2,PORCENTAJE DE CONFIANZA EN LA PNP,0,AÑO,2020,0,NACIONAL,NACIONAL
39.7,PORCENTAJE DE CONFIANZA EN LA PNP,1,AÑO,2020,24,DEPARTAMENTO,TUMBES
38.8,PORCENTAJE DE CONFIANZA EN LA PNP,2,AÑO,2020,14,DEPARTAMENTO,LAMBAYEQUE
38.4,PORCENTAJE DE CONFIANZA EN LA PNP,3,AÑO,2020,6,DEPARTAMENTO,CAJAMARCA
34.3,PORCENTAJE DE CONFIANZA EN LA PNP,4,AÑO,2020,1,DEPARTAMENTO,AMAZONAS
33.5,PORCENTAJE DE CONFIANZA EN LA PNP,5,AÑO,2020,11,DEPARTAMENTO,ICA
33.1,PORCENTAJE DE CONFIANZA EN LA PNP,6,AÑO,2020,20,DEPARTAMENTO,PIURA
33.1,PORCENTAJE DE CONFIANZA EN LA PNP,7,AÑO,2020,7,DEPARTAMENTO,PROV. CONST. DEL CALLAO
30.4,PORCENTAJE DE CONFIANZA EN LA PNP,8,AÑO,2020,1501,DEPARTAMENTO,LIMA METROPOLITANA
29.3,PORCENTAJE DE CONFIANZA EN LA PNP,9,AÑO,2020,1599,DEPARTAMENTO,REGIÓN LIMA
27.8,PORCENTAJE DE CONFIANZA EN LA PNP,10,AÑO,2020,8,DEPARTAMENTO,CUSCO
27.7,PORCENTAJE DE CONFIANZA EN LA PNP,11,AÑO,2020,22,DEPARTAMENTO,SAN MARTÍN
27.3,PORCENTAJE DE CONFIANZA EN LA PNP,12,AÑO,2020,2,DEPARTAMENTO,ÁNCASH
27,PORCENTAJE DE CONFIANZA EN LA PNP,13,AÑO,2020,9,DEPARTAMENTO,HUANCAVELICA
26.7,PORCENTAJE DE CONFIANZA EN LA PNP,14,AÑO,2020,4,DEPARTAMENTO,AREQUIPA
25.6,PORCENTAJE DE CONFIANZA EN LA PNP,15,AÑO,2020,25,DEPARTAMENTO,UCAYALI
25.2,PORCENTAJE DE CONFIANZA EN LA PNP,16,AÑO,2020,16,DEPARTAMENTO,LORETO
24.7,PORCENTAJE DE CONFIANZA EN LA PNP,17,AÑO,2020,13,DEPARTAMENTO,LA LIBERTAD
24,PORCENTAJE DE CONFIANZA EN LA PNP,18,AÑO,2020,18,DEPARTAMENTO,MOQUEGUA
23.3,PORCENTAJE DE CONFIANZA EN LA PNP,19,AÑO,2020,23,DEPARTAMENTO,TACNA
23.3,PORCENTAJE DE CONFIANZA EN LA PNP,20,AÑO,2020,12,DEPARTAMENTO,JUNÍN
23,PORCENTAJE DE CONFIANZA EN LA PNP,21,AÑO,2020,19,DEPARTAMENTO,PASCO
22.1,PORCENTAJE DE CONFIANZA EN LA PNP,22,AÑO,2020,10,DEPARTAMENTO,HUÁNUCO
19.1,PORCENTAJE DE CONFIANZA EN LA PNP,23,AÑO,2020,3,DEPARTAMENTO,APURÍMAC
15.3,PORCENTAJE DE CONFIANZA EN LA PNP,24,AÑO,2020,17,DEPARTAMENTO,MADRE DE DIOS
14.9,PORCENTAJE DE CONFIANZA EN LA PNP,25,AÑO,2020,5,DEPARTAMENTO,AYACUCHO
8.5,PORCENTAJE DE CONFIANZA EN LA PNP,26,AÑO,2020,21,DEPARTAMENTO,PUNO
24.6,PORCENTAJE DE CONFIANZA EN LA PNP,0,AÑO,2021,0,NACIONAL,NACIONAL
33,PORCENTAJE DE CONFIANZA EN LA PNP,1,AÑO,2021,6,DEPARTAMENTO,CAJAMARCA
29.8,PORCENTAJE DE CONFIANZA EN LA PNP,2,AÑO,2021,24,DEPARTAMENTO,TUMBES
29,PORCENTAJE DE CONFIANZA EN LA PNP,3,AÑO,2021,1501,DEPARTAMENTO,LIMA METROPOLITANA
28.5,PORCENTAJE DE CONFIANZA EN LA PNP,4,AÑO,2021,1,DEPARTAMENTO,AMAZONAS
28,PORCENTAJE DE CONFIANZA EN LA PNP,5,AÑO,2021,1599,DEPARTAMENTO,REGIÓN LIMA
27.7,PORCENTAJE DE CONFIANZA EN LA PNP,6,AÑO,2021,14,DEPARTAMENTO,LAMBAYEQUE
26.7,PORCENTAJE DE CONFIANZA EN LA PNP,7,AÑO,2021,20,DEPARTAMENTO,PIURA
26.2,PORCENTAJE DE CONFIANZA EN LA PNP,8,AÑO,2021,7,DEPARTAMENTO,PROV. CONST. DEL CALLAO
25.4,PORCENTAJE DE CONFIANZA EN LA PNP,9,AÑO,2021,13,DEPARTAMENTO,LA LIBERTAD
25.2,PORCENTAJE DE CONFIANZA EN LA PNP,10,AÑO,2021,2,DEPARTAMENTO,ÁNCASH
24.5,PORCENTAJE DE CONFIANZA EN LA PNP,11,AÑO,2021,16,DEPARTAMENTO,LORETO
24.5,PORCENTAJE DE CONFIANZA EN LA PNP,12,AÑO,2021,9,DEPARTAMENTO,HUANCAVELICA
23.7,PORCENTAJE DE CONFIANZA EN LA PNP,13,AÑO,2021,11,DEPARTAMENTO,ICA
23.1,PORCENTAJE DE CONFIANZA EN LA PNP,14,AÑO,2021,22,DEPARTAMENTO,SAN MARTÍN
22.7,PORCENTAJE DE CONFIANZA EN LA PNP,15,AÑO,2021,25,DEPARTAMENTO,UCAYALI
22.1,PORCENTAJE DE CONFIANZA EN LA PNP,16,AÑO,2021,4,DEPARTAMENTO,AREQUIPA
19.4,PORCENTAJE DE CONFIANZA EN LA PNP,17,AÑO,2021,18,DEPARTAMENTO,MOQUEGUA
18.8,PORCENTAJE DE CONFIANZA EN LA PNP,18,AÑO,2021,19,DEPARTAMENTO,PASCO
18.7,PORCENTAJE DE CONFIANZA EN LA PNP,19,AÑO,2021,8,DEPARTAMENTO,CUSCO
17.1,PORCENTAJE DE CONFIANZA EN LA PNP,20,AÑO,2021,12,DEPARTAMENTO,JUNÍN
16.8,PORCENTAJE DE CONFIANZA EN LA PNP,21,AÑO,2021,10,DEPARTAMENTO,HUÁNUCO
15.2,PORCENTAJE DE CONFIANZA EN LA PNP,22,AÑO,2021,3,DEPARTAMENTO,APURÍMAC
14.7,PORCENTAJE DE CONFIANZA EN LA PNP,23,AÑO,2021,5,DEPARTAMENTO,AYACUCHO
13.6,PORCENTAJE DE CONFIANZA EN LA PNP,24,AÑO,2021,23,DEPARTAMENTO,TACNA
10.6,PORCENTAJE DE CONFIANZA EN LA PNP,25,AÑO,2021,17,DEPARTAMENTO,MADRE DE DIOS
7.9,PORCENTAJE DE CONFIANZA EN LA PNP,26,AÑO,2021,21,DEPARTAMENTO,PUNO
21.2,PORCENTAJE DE CONFIANZA EN LA PNP,0,AÑO,2022,0,NACIONAL,NACIONAL
30,PORCENTAJE DE CONFIANZA EN LA PNP,1,AÑO,2022,24,DEPARTAMENTO,TUMBES
29.9,PORCENTAJE DE CONFIANZA EN LA PNP,2,AÑO,2022,1,DEPARTAMENTO,AMAZONAS
26.6,PORCENTAJE DE CONFIANZA EN LA PNP,3,AÑO,2022,20,DEPARTAMENTO,PIURA
24.7,PORCENTAJE DE CONFIANZA EN LA PNP,4,AÑO,2022,1599,DEPARTAMENTO,REGIÓN LIMA
24.5,PORCENTAJE DE CONFIANZA EN LA PNP,5,AÑO,2022,1501,DEPARTAMENTO,LIMA METROPOLITANA
24.3,PORCENTAJE DE CONFIANZA EN LA PNP,6,AÑO,2022,7,DEPARTAMENTO,PROV. CONST. DEL CALLAO
23.5,PORCENTAJE DE CONFIANZA EN LA PNP,7,AÑO,2022,22,DEPARTAMENTO,SAN MARTÍN
22.8,PORCENTAJE DE CONFIANZA EN LA PNP,8,AÑO,2022,14,DEPARTAMENTO,LAMBAYEQUE
21.9,PORCENTAJE DE CONFIANZA EN LA PNP,9,AÑO,2022,16,DEPARTAMENTO,LORETO
21,PORCENTAJE DE CONFIANZA EN LA PNP,10,AÑO,2022,11,DEPARTAMENTO,ICA
21,PORCENTAJE DE CONFIANZA EN LA PNP,11,AÑO,2022,6,DEPARTAMENTO,CAJAMARCA
20.8,PORCENTAJE DE CONFIANZA EN LA PNP,12,AÑO,2022,13,DEPARTAMENTO,LA LIBERTAD
20.1,PORCENTAJE DE CONFIANZA EN LA PNP,13,AÑO,2022,19,DEPARTAMENTO,PASCO
20.1,PORCENTAJE DE CONFIANZA EN LA PNP,14,AÑO,2022,9,DEPARTAMENTO,HUANCAVELICA
19,PORCENTAJE DE CONFIANZA EN LA PNP,15,AÑO,2022,2,DEPARTAMENTO,ÁNCASH
19,PORCENTAJE DE CONFIANZA EN LA PNP,16,AÑO,2022,4,DEPARTAMENTO,AREQUIPA
18.1,PORCENTAJE DE CONFIANZA EN LA PNP,17,AÑO,2022,18,DEPARTAMENTO,MOQUEGUA
17.9,PORCENTAJE DE CONFIANZA EN LA PNP,18,AÑO,2022,12,DEPARTAMENTO,JUNÍN
17.8,PORCENTAJE DE CONFIANZA EN LA PNP,19,AÑO,2022,10,DEPARTAMENTO,HUÁNUCO
17.5,PORCENTAJE DE CONFIANZA EN LA PNP,20,AÑO,2022,23,DEPARTAMENTO,TACNA
17,PORCENTAJE DE CONFIANZA EN LA PNP,21,AÑO,2022,25,DEPARTAMENTO,UCAYALI
16.5,PORCENTAJE DE CONFIANZA EN LA PNP,22,AÑO,2022,3,DEPARTAMENTO,APURÍMAC
13.4,PORCENTAJE DE CONFIANZA EN LA PNP,23,AÑO,2022,8,DEPARTAMENTO,CUSCO
12.4,PORCENTAJE DE CONFIANZA EN LA PNP,24,AÑO,2022,5,DEPARTAMENTO,AYACUCHO
9.7,PORCENTAJE DE CONFIANZA EN LA PNP,25,AÑO,2022,17,DEPARTAMENTO,MADRE DE DIOS
7.1,PORCENTAJE DE CONFIANZA EN LA PNP,26,AÑO,2022,21,DEPARTAMENTO,PUNO
20.5,PORCENTAJE DE CONFIANZA EN LA PNP,0,AÑO,2023,0,NACIONAL,NACIONAL
34.6,PORCENTAJE DE CONFIANZA EN LA PNP,1,AÑO,2023,24,DEPARTAMENTO,TUMBES
28.7,PORCENTAJE DE CONFIANZA EN LA PNP,2,AÑO,2023,7,DEPARTAMENTO,PROV. CONST. DEL CALLAO
27.1,PORCENTAJE DE CONFIANZA EN LA PNP,3,AÑO,2023,1,DEPARTAMENTO,AMAZONAS
23.5,PORCENTAJE DE CONFIANZA EN LA PNP,4,AÑO,2023,1501,DEPARTAMENTO,LIMA METROPOLITANA
22.6,PORCENTAJE DE CONFIANZA EN LA PNP,5,AÑO,2023,14,DEPARTAMENTO,LAMBAYEQUE
22.6,PORCENTAJE DE CONFIANZA EN LA PNP,6,AÑO,2023,1599,DEPARTAMENTO,REGIÓN LIMA
22.4,PORCENTAJE DE CONFIANZA EN LA PNP,7,AÑO,2023,20,DEPARTAMENTO,PIURA
22.1,PORCENTAJE DE CONFIANZA EN LA PNP,8,AÑO,2023,22,DEPARTAMENTO,SAN MARTÍN
21.5,PORCENTAJE DE CONFIANZA EN LA PNP,9,AÑO,2023,6,DEPARTAMENTO,CAJAMARCA
21.1,PORCENTAJE DE CONFIANZA EN LA PNP,10,AÑO,2023,11,DEPARTAMENTO,ICA
21,PORCENTAJE DE CONFIANZA EN LA PNP,11,AÑO,2023,25,DEPARTAMENTO,UCAYALI
20.4,PORCENTAJE DE CONFIANZA EN LA PNP,12,AÑO,2023,2,DEPARTAMENTO,ÁNCASH
19.8,PORCENTAJE DE CONFIANZA EN LA PNP,13,AÑO,2023,4,DEPARTAMENTO,AREQUIPA
19.7,PORCENTAJE DE CONFIANZA EN LA PNP,14,AÑO,2023,16,DEPARTAMENTO,LORETO
19,PORCENTAJE DE CONFIANZA EN LA PNP,15,AÑO,2023,12,DEPARTAMENTO,JUNÍN
18.8,PORCENTAJE DE CONFIANZA EN LA PNP,16,AÑO,2023,13,DEPARTAMENTO,LA LIBERTAD
17.9,PORCENTAJE DE CONFIANZA EN LA PNP,17,AÑO,2023,19,DEPARTAMENTO,PASCO
17.5,PORCENTAJE DE CONFIANZA EN LA PNP,18,AÑO,2023,18,DEPARTAMENTO,MOQUEGUA
16.7,PORCENTAJE DE CONFIANZA EN LA PNP,19,AÑO,2023,23,DEPARTAMENTO,TACNA
16.4,PORCENTAJE DE CONFIANZA EN LA PNP,20,AÑO,2023,10,DEPARTAMENTO,HUÁNUCO
14.3,PORCENTAJE DE CONFIANZA EN LA PNP,21,AÑO,2023,8,DEPARTAMENTO,CUSCO
11.8,PORCENTAJE DE CONFIANZA EN LA PNP,22,AÑO,2023,9,DEPARTAMENTO,HUANCAVELICA
11.7,PORCENTAJE DE CONFIANZA EN LA PNP,23,AÑO,2023,3,DEPARTAMENTO,APURÍMAC
11.1,PORCENTAJE DE CONFIANZA EN LA PNP,24,AÑO,2023,5,DEPARTAMENTO,AYACUCHO
9.3,PORCENTAJE DE CONFIANZA EN LA PNP,25,AÑO,2023,17,DEPARTAMENTO,MADRE DE DIOS
8,PORCENTAJE DE CONFIANZA EN LA PNP,26,AÑO,2023,21,DEPARTAMENTO,PUNO
17.6,PORCENTAJE DE CONFIANZA EN LA PNP,0,AÑO,2024,0,NACIONAL,NACIONAL
37.8,PORCENTAJE DE CONFIANZA EN LA PNP,1,AÑO,2024,24,DEPARTAMENTO,TUMBES
26.1,PORCENTAJE DE CONFIANZA EN LA PNP,2,AÑO,2024,1,DEPARTAMENTO,AMAZONAS
24.8,PORCENTAJE DE CONFIANZA EN LA PNP,3,AÑO,2024,22,DEPARTAMENTO,SAN MARTÍN
24.7,PORCENTAJE DE CONFIANZA EN LA PNP,4,AÑO,2024,6,DEPARTAMENTO,CAJAMARCA
23.1,PORCENTAJE DE CONFIANZA EN LA PNP,5,AÑO,2024,20,DEPARTAMENTO,PIURA
21.7,PORCENTAJE DE CONFIANZA EN LA PNP,6,AÑO,2024,25,DEPARTAMENTO,UCAYALI
20.9,PORCENTAJE DE CONFIANZA EN LA PNP,7,AÑO,2024,11,DEPARTAMENTO,ICA
20,PORCENTAJE DE CONFIANZA EN LA PNP,8,AÑO,2024,7,DEPARTAMENTO,PROV. CONST. DEL CALLAO
18.4,PORCENTAJE DE CONFIANZA EN LA PNP,9,AÑO,2024,4,DEPARTAMENTO,AREQUIPA
17.9,PORCENTAJE DE CONFIANZA EN LA PNP,10,AÑO,2024,2,DEPARTAMENTO,ÁNCASH
17.7,PORCENTAJE DE CONFIANZA EN LA PNP,11,AÑO,2024,1501,DEPARTAMENTO,LIMA METROPOLITANA
17.7,PORCENTAJE DE CONFIANZA EN LA PNP,12,AÑO,2024,19,DEPARTAMENTO,PASCO
17.7,PORCENTAJE DE CONFIANZA EN LA PNP,13,AÑO,2024,16,DEPARTAMENTO,LORETO
17.5,PORCENTAJE DE CONFIANZA EN LA PNP,14,AÑO,2024,13,DEPARTAMENTO,LA LIBERTAD
17.2,PORCENTAJE DE CONFIANZA EN LA PNP,15,AÑO,2024,14,DEPARTAMENTO,LAMBAYEQUE
17.1,PORCENTAJE DE CONFIANZA EN LA PNP,16,AÑO,2024,18,DEPARTAMENTO,MOQUEGUA
16.3,PORCENTAJE DE CONFIANZA EN LA PNP,17,AÑO,2024,12,DEPARTAMENTO,JUNÍN
16.2,PORCENTAJE DE CONFIANZA EN LA PNP,18,AÑO,2024,23,DEPARTAMENTO,TACNA
15.7,PORCENTAJE DE CONFIANZA EN LA PNP,19,AÑO,2024,1599,DEPARTAMENTO,REGIÓN LIMA
13.9,PORCENTAJE DE CONFIANZA EN LA PNP,20,AÑO,2024,8,DEPARTAMENTO,CUSCO
13.8,PORCENTAJE DE CONFIANZA EN LA PNP,21,AÑO,2024,10,DEPARTAMENTO,HUÁNUCO
11.7,PORCENTAJE DE CONFIANZA EN LA PNP,22,AÑO,2024,3,DEPARTAMENTO,APURÍMAC
9.4,PORCENTAJE DE CONFIANZA EN LA PNP,23,AÑO,2024,9,DEPARTAMENTO,HUANCAVELICA
8.9,PORCENTAJE DE CONFIANZA EN LA PNP,24,AÑO,2024,5,DEPARTAMENTO,AYACUCHO
7.6,PORCENTAJE DE CONFIANZA EN LA PNP,25,AÑO,2024,21,DEPARTAMENTO,PUNO
7.2,PORCENTAJE DE CONFIANZA EN LA PNP,26,AÑO,2024,17,DEPARTAMENTO,MADRE DE DIOS
58.1,PORCENTAJE DE PERCEPCIÓN DE INSEGURIDAD AL CAMINAR SOLO(A) DE NOCHE EN SU ZONA O BARRIO,0,AÑO,2013,0,NACIONAL,NACIONAL
68,PORCENTAJE DE PERCEPCIÓN DE INSEGURIDAD AL CAMINAR SOLO(A) DE NOCHE EN SU ZONA O BARRIO,1,AÑO,2013,3,DEPARTAMENTO,APURÍMAC
65.2,PORCENTAJE DE PERCEPCIÓN DE INSEGURIDAD AL CAMINAR SOLO(A) DE NOCHE EN SU ZONA O BARRIO,2,AÑO,2013,21,DEPARTAMENTO,PUNO
64.4,PORCENTAJE DE PERCEPCIÓN DE INSEGURIDAD AL CAMINAR SOLO(A) DE NOCHE EN SU ZONA O BARRIO,3,AÑO,2013,8,DEPARTAMENTO,CUSCO
63.4,PORCENTAJE DE PERCEPCIÓN DE INSEGURIDAD AL CAMINAR SOLO(A) DE NOCHE EN SU ZONA O BARRIO,4,AÑO,2013,20,DEPARTAMENTO,PIURA
62.4,PORCENTAJE DE PERCEPCIÓN DE INSEGURIDAD AL CAMINAR SOLO(A) DE NOCHE EN SU ZONA O BARRIO,5,AÑO,2013,23,DEPARTAMENTO,TACNA
61.7,PORCENTAJE DE PERCEPCIÓN DE INSEGURIDAD AL CAMINAR SOLO(A) DE NOCHE EN SU ZONA O BARRIO,6,AÑO,2013,17,DEPARTAMENTO,MADRE DE DIOS
61.3,PORCENTAJE DE PERCEPCIÓN DE INSEGURIDAD AL CAMINAR SOLO(A) DE NOCHE EN SU ZONA O BARRIO,7,AÑO,2013,11,DEPARTAMENTO,ICA
59.8,PORCENTAJE DE PERCEPCIÓN DE INSEGURIDAD AL CAMINAR SOLO(A) DE NOCHE EN SU ZONA O BARRIO,8,AÑO,2013,7,DEPARTAMENTO,PROV. CONST. DEL CALLAO
59.6,PORCENTAJE DE PERCEPCIÓN DE INSEGURIDAD AL CAMINAR SOLO(A) DE NOCHE EN SU ZONA O BARRIO,9,AÑO,2013,12,DEPARTAMENTO,JUNÍN
59.4,PORCENTAJE DE PERCEPCIÓN DE INSEGURIDAD AL CAMINAR SOLO(A) DE NOCHE EN SU ZONA O BARRIO,10,AÑO,2013,6,DEPARTAMENTO,CAJAMARCA
59.4,PORCENTAJE DE PERCEPCIÓN DE INSEGURIDAD AL CAMINAR SOLO(A) DE NOCHE EN SU ZONA O BARRIO,11,AÑO,2013,10,DEPARTAMENTO,HUÁNUCO
59.2,PORCENTAJE DE PERCEPCIÓN DE INSEGURIDAD AL CAMINAR SOLO(A) DE NOCHE EN SU ZONA O BARRIO,12,AÑO,2013,1501,DEPARTAMENTO,LIMA METROPOLITANA
58.9,PORCENTAJE DE PERCEPCIÓN DE INSEGURIDAD AL CAMINAR SOLO(A) DE NOCHE EN SU ZONA O BARRIO,13,AÑO,2013,14,DEPARTAMENTO,LAMBAYEQUE
58.5,PORCENTAJE DE PERCEPCIÓN DE INSEGURIDAD AL CAMINAR SOLO(A) DE NOCHE EN SU ZONA O BARRIO,14,AÑO,2013,24,DEPARTAMENTO,TUMBES
58,PORCENTAJE DE PERCEPCIÓN DE INSEGURIDAD AL CAMINAR SOLO(A) DE NOCHE EN SU ZONA O BARRIO,15,AÑO,2013,4,DEPARTAMENTO,AREQUIPA
57.4,PORCENTAJE DE PERCEPCIÓN DE INSEGURIDAD AL CAMINAR SOLO(A) DE NOCHE EN SU ZONA O BARRIO,16,AÑO,2013,5,DEPARTAMENTO,AYACUCHO
56,PORCENTAJE DE PERCEPCIÓN DE INSEGURIDAD AL CAMINAR SOLO(A) DE NOCHE EN SU ZONA O BARRIO,17,AÑO,2013,25,DEPARTAMENTO,UCAYALI
55.9,PORCENTAJE DE PERCEPCIÓN DE INSEGURIDAD AL CAMINAR SOLO(A) DE NOCHE EN SU ZONA O BARRIO,18,AÑO,2013,13,DEPARTAMENTO,LA LIBERTAD
54.3,PORCENTAJE DE PERCEPCIÓN DE INSEGURIDAD AL CAMINAR SOLO(A) DE NOCHE EN SU ZONA O BARRIO,19,AÑO,2013,18,DEPARTAMENTO,MOQUEGUA
52.8,PORCENTAJE DE PERCEPCIÓN DE INSEGURIDAD AL CAMINAR SOLO(A) DE NOCHE EN SU ZONA O BARRIO,20,AÑO,2013,1599,DEPARTAMENTO,REGIÓN LIMA
51.9,PORCENTAJE DE PERCEPCIÓN DE INSEGURIDAD AL CAMINAR SOLO(A) DE NOCHE EN SU ZONA O BARRIO,21,AÑO,2013,9,DEPARTAMENTO,HUANCAVELICA
51.2,PORCENTAJE DE PERCEPCIÓN DE INSEGURIDAD AL CAMINAR SOLO(A) DE NOCHE EN SU ZONA O BARRIO,22,AÑO,2013,19,DEPARTAMENTO,PASCO
48.2,PORCENTAJE DE PERCEPCIÓN DE INSEGURIDAD AL CAMINAR SOLO(A) DE NOCHE EN SU ZONA O BARRIO,23,AÑO,2013,16,DEPARTAMENTO,LORETO
48.2,PORCENTAJE DE PERCEPCIÓN DE INSEGURIDAD AL CAMINAR SOLO(A) DE NOCHE EN SU ZONA O BARRIO,24,AÑO,2013,2,DEPARTAMENTO,ÁNCASH
46.3,PORCENTAJE DE PERCEPCIÓN DE INSEGURIDAD AL CAMINAR SOLO(A) DE NOCHE EN SU ZONA O BARRIO,25,AÑO,2013,1,DEPARTAMENTO,AMAZONAS
34.9,PORCENTAJE DE PERCEPCIÓN DE INSEGURIDAD AL CAMINAR SOLO(A) DE NOCHE EN SU ZONA O BARRIO,26,AÑO,2013,22,DEPARTAMENTO,SAN MARTÍN
58.4,PORCENTAJE DE PERCEPCIÓN DE INSEGURIDAD AL CAMINAR SOLO(A) DE NOCHE EN SU ZONA O BARRIO,0,AÑO,2014,0,NACIONAL,NACIONAL
70.1,PORCENTAJE DE PERCEPCIÓN DE INSEGURIDAD AL CAMINAR SOLO(A) DE NOCHE EN SU ZONA O BARRIO,1,AÑO,2014,21,DEPARTAMENTO,PUNO
67.6,PORCENTAJE DE PERCEPCIÓN DE INSEGURIDAD AL CAMINAR SOLO(A) DE NOCHE EN SU ZONA O BARRIO,2,AÑO,2014,23,DEPARTAMENTO,TACNA
66.6,PORCENTAJE DE PERCEPCIÓN DE INSEGURIDAD AL CAMINAR SOLO(A) DE NOCHE EN SU ZONA O BARRIO,3,AÑO,2014,3,DEPARTAMENTO,APURÍMAC
63.5,PORCENTAJE DE PERCEPCIÓN DE INSEGURIDAD AL CAMINAR SOLO(A) DE NOCHE EN SU ZONA O BARRIO,4,AÑO,2014,14,DEPARTAMENTO,LAMBAYEQUE
63.1,PORCENTAJE DE PERCEPCIÓN DE INSEGURIDAD AL CAMINAR SOLO(A) DE NOCHE EN SU ZONA O BARRIO,5,AÑO,2014,11,DEPARTAMENTO,ICA
62.9,PORCENTAJE DE PERCEPCIÓN DE INSEGURIDAD AL CAMINAR SOLO(A) DE NOCHE EN SU ZONA O BARRIO,6,AÑO,2014,7,DEPARTAMENTO,PROV. CONST. DEL CALLAO
62,PORCENTAJE DE PERCEPCIÓN DE INSEGURIDAD AL CAMINAR SOLO(A) DE NOCHE EN SU ZONA O BARRIO,7,AÑO,2014,17,DEPARTAMENTO,MADRE DE DIOS
61.6,PORCENTAJE DE PERCEPCIÓN DE INSEGURIDAD AL CAMINAR SOLO(A) DE NOCHE EN SU ZONA O BARRIO,8,AÑO,2014,8,DEPARTAMENTO,CUSCO
60.2,PORCENTAJE DE PERCEPCIÓN DE INSEGURIDAD AL CAMINAR SOLO(A) DE NOCHE EN SU ZONA O BARRIO,9,AÑO,2014,1501,DEPARTAMENTO,LIMA METROPOLITANA
59.8,PORCENTAJE DE PERCEPCIÓN DE INSEGURIDAD AL CAMINAR SOLO(A) DE NOCHE EN SU ZONA O BARRIO,10,AÑO,2014,20,DEPARTAMENTO,PIURA
59.1,PORCENTAJE DE PERCEPCIÓN DE INSEGURIDAD AL CAMINAR SOLO(A) DE NOCHE EN SU ZONA O BARRIO,11,AÑO,2014,5,DEPARTAMENTO,AYACUCHO
58.6,PORCENTAJE DE PERCEPCIÓN DE INSEGURIDAD AL CAMINAR SOLO(A) DE NOCHE EN SU ZONA O BARRIO,12,AÑO,2014,25,DEPARTAMENTO,UCAYALI
58.3,PORCENTAJE DE PERCEPCIÓN DE INSEGURIDAD AL CAMINAR SOLO(A) DE NOCHE EN SU ZONA O BARRIO,13,AÑO,2014,24,DEPARTAMENTO,TUMBES
57.8,PORCENTAJE DE PERCEPCIÓN DE INSEGURIDAD AL CAMINAR SOLO(A) DE NOCHE EN SU ZONA O BARRIO,14,AÑO,2014,1599,DEPARTAMENTO,REGIÓN LIMA
57.8,PORCENTAJE DE PERCEPCIÓN DE INSEGURIDAD AL CAMINAR SOLO(A) DE NOCHE EN SU ZONA O BARRIO,15,AÑO,2014,4,DEPARTAMENTO,AREQUIPA
57.1,PORCENTAJE DE PERCEPCIÓN DE INSEGURIDAD AL CAMINAR SOLO(A) DE NOCHE EN SU ZONA O BARRIO,16,AÑO,2014,12,DEPARTAMENTO,JUNÍN
57,PORCENTAJE DE PERCEPCIÓN DE INSEGURIDAD AL CAMINAR SOLO(A) DE NOCHE EN SU ZONA O BARRIO,17,AÑO,2014,6,DEPARTAMENTO,CAJAMARCA
56.2,PORCENTAJE DE PERCEPCIÓN DE INSEGURIDAD AL CAMINAR SOLO(A) DE NOCHE EN SU ZONA O BARRIO,18,AÑO,2014,10,DEPARTAMENTO,HUÁNUCO
52.5,PORCENTAJE DE PERCEPCIÓN DE INSEGURIDAD AL CAMINAR SOLO(A) DE NOCHE EN SU ZONA O BARRIO,19,AÑO,2014,13,DEPARTAMENTO,LA LIBERTAD
50.1,PORCENTAJE DE PERCEPCIÓN DE INSEGURIDAD AL CAMINAR SOLO(A) DE NOCHE EN SU ZONA O BARRIO,20,AÑO,2014,18,DEPARTAMENTO,MOQUEGUA
49.3,PORCENTAJE DE PERCEPCIÓN DE INSEGURIDAD AL CAMINAR SOLO(A) DE NOCHE EN SU ZONA O BARRIO,21,AÑO,2014,19,DEPARTAMENTO,PASCO
48.8,PORCENTAJE DE PERCEPCIÓN DE INSEGURIDAD AL CAMINAR SOLO(A) DE NOCHE EN SU ZONA O BARRIO,22,AÑO,2014,2,DEPARTAMENTO,ÁNCASH
45.8,PORCENTAJE DE PERCEPCIÓN DE INSEGURIDAD AL CAMINAR SOLO(A) DE NOCHE EN SU ZONA O BARRIO,23,AÑO,2014,9,DEPARTAMENTO,HUANCAVELICA
45.8,PORCENTAJE DE PERCEPCIÓN DE INSEGURIDAD AL CAMINAR SOLO(A) DE NOCHE EN SU ZONA O BARRIO,24,AÑO,2014,16,DEPARTAMENTO,LORETO
38.6,PORCENTAJE DE PERCEPCIÓN DE INSEGURIDAD AL CAMINAR SOLO(A) DE NOCHE EN SU ZONA O BARRIO,25,AÑO,2014,1,DEPARTAMENTO,AMAZONAS
34.7,PORCENTAJE DE PERCEPCIÓN DE INSEGURIDAD AL CAMINAR SOLO(A) DE NOCHE EN SU ZONA O BARRIO,26,AÑO,2014,22,DEPARTAMENTO,SAN MARTÍN
58.3,PORCENTAJE DE PERCEPCIÓN DE INSEGURIDAD AL CAMINAR SOLO(A) DE NOCHE EN SU ZONA O BARRIO,0,AÑO,2015,0,NACIONAL,NACIONAL
69.4,PORCENTAJE DE PERCEPCIÓN DE INSEGURIDAD AL CAMINAR SOLO(A) DE NOCHE EN SU ZONA O BARRIO,1,AÑO,2015,17,DEPARTAMENTO,MADRE DE DIOS
68,PORCENTAJE DE PERCEPCIÓN DE INSEGURIDAD AL CAMINAR SOLO(A) DE NOCHE EN SU ZONA O BARRIO,2,AÑO,2015,21,DEPARTAMENTO,PUNO
67.3,PORCENTAJE DE PERCEPCIÓN DE INSEGURIDAD AL CAMINAR SOLO(A) DE NOCHE EN SU ZONA O BARRIO,3,AÑO,2015,7,DEPARTAMENTO,PROV. CONST. DEL CALLAO
64.3,PORCENTAJE DE PERCEPCIÓN DE INSEGURIDAD AL CAMINAR SOLO(A) DE NOCHE EN SU ZONA O BARRIO,4,AÑO,2015,14,DEPARTAMENTO,LAMBAYEQUE
64.2,PORCENTAJE DE PERCEPCIÓN DE INSEGURIDAD AL CAMINAR SOLO(A) DE NOCHE EN SU ZONA O BARRIO,5,AÑO,2015,3,DEPARTAMENTO,APURÍMAC
63.9,PORCENTAJE DE PERCEPCIÓN DE INSEGURIDAD AL CAMINAR SOLO(A) DE NOCHE EN SU ZONA O BARRIO,6,AÑO,2015,23,DEPARTAMENTO,TACNA
63.8,PORCENTAJE DE PERCEPCIÓN DE INSEGURIDAD AL CAMINAR SOLO(A) DE NOCHE EN SU ZONA O BARRIO,7,AÑO,2015,11,DEPARTAMENTO,ICA
61.9,PORCENTAJE DE PERCEPCIÓN DE INSEGURIDAD AL CAMINAR SOLO(A) DE NOCHE EN SU ZONA O BARRIO,8,AÑO,2015,8,DEPARTAMENTO,CUSCO
61.8,PORCENTAJE DE PERCEPCIÓN DE INSEGURIDAD AL CAMINAR SOLO(A) DE NOCHE EN SU ZONA O BARRIO,9,AÑO,2015,1501,DEPARTAMENTO,LIMA METROPOLITANA
59.1,PORCENTAJE DE PERCEPCIÓN DE INSEGURIDAD AL CAMINAR SOLO(A) DE NOCHE EN SU ZONA O BARRIO,10,AÑO,2015,20,DEPARTAMENTO,PIURA
59,PORCENTAJE DE PERCEPCIÓN DE INSEGURIDAD AL CAMINAR SOLO(A) DE NOCHE EN SU ZONA O BARRIO,11,AÑO,2015,25,DEPARTAMENTO,UCAYALI
57.9,PORCENTAJE DE PERCEPCIÓN DE INSEGURIDAD AL CAMINAR SOLO(A) DE NOCHE EN SU ZONA O BARRIO,12,AÑO,2015,4,DEPARTAMENTO,AREQUIPA
57.1,PORCENTAJE DE PERCEPCIÓN DE INSEGURIDAD AL CAMINAR SOLO(A) DE NOCHE EN SU ZONA O BARRIO,13,AÑO,2015,5,DEPARTAMENTO,AYACUCHO
55.8,PORCENTAJE DE PERCEPCIÓN DE INSEGURIDAD AL CAMINAR SOLO(A) DE NOCHE EN SU ZONA O BARRIO,14,AÑO,2015,10,DEPARTAMENTO,HUÁNUCO
55.7,PORCENTAJE DE PERCEPCIÓN DE INSEGURIDAD AL CAMINAR SOLO(A) DE NOCHE EN SU ZONA O BARRIO,15,AÑO,2015,12,DEPARTAMENTO,JUNÍN
54.6,PORCENTAJE DE PERCEPCIÓN DE INSEGURIDAD AL CAMINAR SOLO(A) DE NOCHE EN SU ZONA O BARRIO,16,AÑO,2015,24,DEPARTAMENTO,TUMBES
54.5,PORCENTAJE DE PERCEPCIÓN DE INSEGURIDAD AL CAMINAR SOLO(A) DE NOCHE EN SU ZONA O BARRIO,17,AÑO,2015,1599,DEPARTAMENTO,REGIÓN LIMA
50.4,PORCENTAJE DE PERCEPCIÓN DE INSEGURIDAD AL CAMINAR SOLO(A) DE NOCHE EN SU ZONA O BARRIO,18,AÑO,2015,6,DEPARTAMENTO,CAJAMARCA
49.6,PORCENTAJE DE PERCEPCIÓN DE INSEGURIDAD AL CAMINAR SOLO(A) DE NOCHE EN SU ZONA O BARRIO,19,AÑO,2015,13,DEPARTAMENTO,LA LIBERTAD
48.9,PORCENTAJE DE PERCEPCIÓN DE INSEGURIDAD AL CAMINAR SOLO(A) DE NOCHE EN SU ZONA O BARRIO,20,AÑO,2015,18,DEPARTAMENTO,MOQUEGUA
48.7,PORCENTAJE DE PERCEPCIÓN DE INSEGURIDAD AL CAMINAR SOLO(A) DE NOCHE EN SU ZONA O BARRIO,21,AÑO,2015,16,DEPARTAMENTO,LORETO
48.5,PORCENTAJE DE PERCEPCIÓN DE INSEGURIDAD AL CAMINAR SOLO(A) DE NOCHE EN SU ZONA O BARRIO,22,AÑO,2015,19,DEPARTAMENTO,PASCO
47.6,PORCENTAJE DE PERCEPCIÓN DE INSEGURIDAD AL CAMINAR SOLO(A) DE NOCHE EN SU ZONA O BARRIO,23,AÑO,2015,9,DEPARTAMENTO,HUANCAVELICA
41.3,PORCENTAJE DE PERCEPCIÓN DE INSEGURIDAD AL CAMINAR SOLO(A) DE NOCHE EN SU ZONA O BARRIO,24,AÑO,2015,2,DEPARTAMENTO,ÁNCASH
35.8,PORCENTAJE DE PERCEPCIÓN DE INSEGURIDAD AL CAMINAR SOLO(A) DE NOCHE EN SU ZONA O BARRIO,25,AÑO,2015,1,DEPARTAMENTO,AMAZONAS
30.9,PORCENTAJE DE PERCEPCIÓN DE INSEGURIDAD AL CAMINAR SOLO(A) DE NOCHE EN SU ZONA O BARRIO,26,AÑO,2015,22,DEPARTAMENTO,SAN MARTÍN
58,PORCENTAJE DE PERCEPCIÓN DE INSEGURIDAD AL CAMINAR SOLO(A) DE NOCHE EN SU ZONA O BARRIO,0,AÑO,2016,0,NACIONAL,NACIONAL
68.5,PORCENTAJE DE PERCEPCIÓN DE INSEGURIDAD AL CAMINAR SOLO(A) DE NOCHE EN SU ZONA O BARRIO,1,AÑO,2016,21,DEPARTAMENTO,PUNO
64.6,PORCENTAJE DE PERCEPCIÓN DE INSEGURIDAD AL CAMINAR SOLO(A) DE NOCHE EN SU ZONA O BARRIO,2,AÑO,2016,17,DEPARTAMENTO,MADRE DE DIOS
64,PORCENTAJE DE PERCEPCIÓN DE INSEGURIDAD AL CAMINAR SOLO(A) DE NOCHE EN SU ZONA O BARRIO,3,AÑO,2016,7,DEPARTAMENTO,PROV. CONST. DEL CALLAO
63.9,PORCENTAJE DE PERCEPCIÓN DE INSEGURIDAD AL CAMINAR SOLO(A) DE NOCHE EN SU ZONA O BARRIO,4,AÑO,2016,23,DEPARTAMENTO,TACNA
63.8,PORCENTAJE DE PERCEPCIÓN DE INSEGURIDAD AL CAMINAR SOLO(A) DE NOCHE EN SU ZONA O BARRIO,5,AÑO,2016,11,DEPARTAMENTO,ICA
63.3,PORCENTAJE DE PERCEPCIÓN DE INSEGURIDAD AL CAMINAR SOLO(A) DE NOCHE EN SU ZONA O BARRIO,6,AÑO,2016,1501,DEPARTAMENTO,LIMA METROPOLITANA
62.6,PORCENTAJE DE PERCEPCIÓN DE INSEGURIDAD AL CAMINAR SOLO(A) DE NOCHE EN SU ZONA O BARRIO,7,AÑO,2016,20,DEPARTAMENTO,PIURA
61.6,PORCENTAJE DE PERCEPCIÓN DE INSEGURIDAD AL CAMINAR SOLO(A) DE NOCHE EN SU ZONA O BARRIO,8,AÑO,2016,3,DEPARTAMENTO,APURÍMAC
61,PORCENTAJE DE PERCEPCIÓN DE INSEGURIDAD AL CAMINAR SOLO(A) DE NOCHE EN SU ZONA O BARRIO,9,AÑO,2016,14,DEPARTAMENTO,LAMBAYEQUE
60.5,PORCENTAJE DE PERCEPCIÓN DE INSEGURIDAD AL CAMINAR SOLO(A) DE NOCHE EN SU ZONA O BARRIO,10,AÑO,2016,4,DEPARTAMENTO,AREQUIPA
58.8,PORCENTAJE DE PERCEPCIÓN DE INSEGURIDAD AL CAMINAR SOLO(A) DE NOCHE EN SU ZONA O BARRIO,11,AÑO,2016,8,DEPARTAMENTO,CUSCO
56.6,PORCENTAJE DE PERCEPCIÓN DE INSEGURIDAD AL CAMINAR SOLO(A) DE NOCHE EN SU ZONA O BARRIO,12,AÑO,2016,1599,DEPARTAMENTO,REGIÓN LIMA
56.3,PORCENTAJE DE PERCEPCIÓN DE INSEGURIDAD AL CAMINAR SOLO(A) DE NOCHE EN SU ZONA O BARRIO,13,AÑO,2016,25,DEPARTAMENTO,UCAYALI
55.6,PORCENTAJE DE PERCEPCIÓN DE INSEGURIDAD AL CAMINAR SOLO(A) DE NOCHE EN SU ZONA O BARRIO,14,AÑO,2016,5,DEPARTAMENTO,AYACUCHO
55.3,PORCENTAJE DE PERCEPCIÓN DE INSEGURIDAD AL CAMINAR SOLO(A) DE NOCHE EN SU ZONA O BARRIO,15,AÑO,2016,24,DEPARTAMENTO,TUMBES
53.2,PORCENTAJE DE PERCEPCIÓN DE INSEGURIDAD AL CAMINAR SOLO(A) DE NOCHE EN SU ZONA O BARRIO,16,AÑO,2016,12,DEPARTAMENTO,JUNÍN
49.1,PORCENTAJE DE PERCEPCIÓN DE INSEGURIDAD AL CAMINAR SOLO(A) DE NOCHE EN SU ZONA O BARRIO,17,AÑO,2016,18,DEPARTAMENTO,MOQUEGUA
47.4,PORCENTAJE DE PERCEPCIÓN DE INSEGURIDAD AL CAMINAR SOLO(A) DE NOCHE EN SU ZONA O BARRIO,18,AÑO,2016,6,DEPARTAMENTO,CAJAMARCA
46.9,PORCENTAJE DE PERCEPCIÓN DE INSEGURIDAD AL CAMINAR SOLO(A) DE NOCHE EN SU ZONA O BARRIO,19,AÑO,2016,16,DEPARTAMENTO,LORETO
46.2,PORCENTAJE DE PERCEPCIÓN DE INSEGURIDAD AL CAMINAR SOLO(A) DE NOCHE EN SU ZONA O BARRIO,20,AÑO,2016,10,DEPARTAMENTO,HUÁNUCO
46.2,PORCENTAJE DE PERCEPCIÓN DE INSEGURIDAD AL CAMINAR SOLO(A) DE NOCHE EN SU ZONA O BARRIO,21,AÑO,2016,13,DEPARTAMENTO,LA LIBERTAD
45.3,PORCENTAJE DE PERCEPCIÓN DE INSEGURIDAD AL CAMINAR SOLO(A) DE NOCHE EN SU ZONA O BARRIO,22,AÑO,2016,19,DEPARTAMENTO,PASCO
43.6,PORCENTAJE DE PERCEPCIÓN DE INSEGURIDAD AL CAMINAR SOLO(A) DE NOCHE EN SU ZONA O BARRIO,23,AÑO,2016,9,DEPARTAMENTO,HUANCAVELICA
36.6,PORCENTAJE DE PERCEPCIÓN DE INSEGURIDAD AL CAMINAR SOLO(A) DE NOCHE EN SU ZONA O BARRIO,24,AÑO,2016,1,DEPARTAMENTO,AMAZONAS
34.1,PORCENTAJE DE PERCEPCIÓN DE INSEGURIDAD AL CAMINAR SOLO(A) DE NOCHE EN SU ZONA O BARRIO,25,AÑO,2016,2,DEPARTAMENTO,ÁNCASH
31.8,PORCENTAJE DE PERCEPCIÓN DE INSEGURIDAD AL CAMINAR SOLO(A) DE NOCHE EN SU ZONA O BARRIO,26,AÑO,2016,22,DEPARTAMENTO,SAN MARTÍN
54.2,PORCENTAJE DE PERCEPCIÓN DE INSEGURIDAD AL CAMINAR SOLO(A) DE NOCHE EN SU ZONA O BARRIO,0,AÑO,2017,0,NACIONAL,NACIONAL
69,PORCENTAJE DE PERCEPCIÓN DE INSEGURIDAD AL CAMINAR SOLO(A) DE NOCHE EN SU ZONA O BARRIO,1,AÑO,2017,21,DEPARTAMENTO,PUNO
62.1,PORCENTAJE DE PERCEPCIÓN DE INSEGURIDAD AL CAMINAR SOLO(A) DE NOCHE EN SU ZONA O BARRIO,2,AÑO,2017,11,DEPARTAMENTO,ICA
60.2,PORCENTAJE DE PERCEPCIÓN DE INSEGURIDAD AL CAMINAR SOLO(A) DE NOCHE EN SU ZONA O BARRIO,3,AÑO,2017,17,DEPARTAMENTO,MADRE DE DIOS
59.6,PORCENTAJE DE PERCEPCIÓN DE INSEGURIDAD AL CAMINAR SOLO(A) DE NOCHE EN SU ZONA O BARRIO,4,AÑO,2017,20,DEPARTAMENTO,PIURA
59.3,PORCENTAJE DE PERCEPCIÓN DE INSEGURIDAD AL CAMINAR SOLO(A) DE NOCHE EN SU ZONA O BARRIO,5,AÑO,2017,1501,DEPARTAMENTO,LIMA METROPOLITANA
59.3,PORCENTAJE DE PERCEPCIÓN DE INSEGURIDAD AL CAMINAR SOLO(A) DE NOCHE EN SU ZONA O BARRIO,6,AÑO,2017,23,DEPARTAMENTO,TACNA
57.3,PORCENTAJE DE PERCEPCIÓN DE INSEGURIDAD AL CAMINAR SOLO(A) DE NOCHE EN SU ZONA O BARRIO,7,AÑO,2017,4,DEPARTAMENTO,AREQUIPA
56.8,PORCENTAJE DE PERCEPCIÓN DE INSEGURIDAD AL CAMINAR SOLO(A) DE NOCHE EN SU ZONA O BARRIO,8,AÑO,2017,14,DEPARTAMENTO,LAMBAYEQUE
55.8,PORCENTAJE DE PERCEPCIÓN DE INSEGURIDAD AL CAMINAR SOLO(A) DE NOCHE EN SU ZONA O BARRIO,9,AÑO,2017,7,DEPARTAMENTO,PROV. CONST. DEL CALLAO
54.8,PORCENTAJE DE PERCEPCIÓN DE INSEGURIDAD AL CAMINAR SOLO(A) DE NOCHE EN SU ZONA O BARRIO,10,AÑO,2017,3,DEPARTAMENTO,APURÍMAC
54.4,PORCENTAJE DE PERCEPCIÓN DE INSEGURIDAD AL CAMINAR SOLO(A) DE NOCHE EN SU ZONA O BARRIO,11,AÑO,2017,12,DEPARTAMENTO,JUNÍN
53.8,PORCENTAJE DE PERCEPCIÓN DE INSEGURIDAD AL CAMINAR SOLO(A) DE NOCHE EN SU ZONA O BARRIO,12,AÑO,2017,8,DEPARTAMENTO,CUSCO
52.2,PORCENTAJE DE PERCEPCIÓN DE INSEGURIDAD AL CAMINAR SOLO(A) DE NOCHE EN SU ZONA O BARRIO,13,AÑO,2017,1599,DEPARTAMENTO,REGIÓN LIMA
51.8,PORCENTAJE DE PERCEPCIÓN DE INSEGURIDAD AL CAMINAR SOLO(A) DE NOCHE EN SU ZONA O BARRIO,14,AÑO,2017,25,DEPARTAMENTO,UCAYALI
51,PORCENTAJE DE PERCEPCIÓN DE INSEGURIDAD AL CAMINAR SOLO(A) DE NOCHE EN SU ZONA O BARRIO,15,AÑO,2017,24,DEPARTAMENTO,TUMBES
48.4,PORCENTAJE DE PERCEPCIÓN DE INSEGURIDAD AL CAMINAR SOLO(A) DE NOCHE EN SU ZONA O BARRIO,16,AÑO,2017,5,DEPARTAMENTO,AYACUCHO
43.9,PORCENTAJE DE PERCEPCIÓN DE INSEGURIDAD AL CAMINAR SOLO(A) DE NOCHE EN SU ZONA O BARRIO,17,AÑO,2017,10,DEPARTAMENTO,HUÁNUCO
43.5,PORCENTAJE DE PERCEPCIÓN DE INSEGURIDAD AL CAMINAR SOLO(A) DE NOCHE EN SU ZONA O BARRIO,18,AÑO,2017,13,DEPARTAMENTO,LA LIBERTAD
43,PORCENTAJE DE PERCEPCIÓN DE INSEGURIDAD AL CAMINAR SOLO(A) DE NOCHE EN SU ZONA O BARRIO,19,AÑO,2017,19,DEPARTAMENTO,PASCO
41.8,PORCENTAJE DE PERCEPCIÓN DE INSEGURIDAD AL CAMINAR SOLO(A) DE NOCHE EN SU ZONA O BARRIO,20,AÑO,2017,9,DEPARTAMENTO,HUANCAVELICA
40.8,PORCENTAJE DE PERCEPCIÓN DE INSEGURIDAD AL CAMINAR SOLO(A) DE NOCHE EN SU ZONA O BARRIO,21,AÑO,2017,16,DEPARTAMENTO,LORETO
40.7,PORCENTAJE DE PERCEPCIÓN DE INSEGURIDAD AL CAMINAR SOLO(A) DE NOCHE EN SU ZONA O BARRIO,22,AÑO,2017,18,DEPARTAMENTO,MOQUEGUA
39.2,PORCENTAJE DE PERCEPCIÓN DE INSEGURIDAD AL CAMINAR SOLO(A) DE NOCHE EN SU ZONA O BARRIO,23,AÑO,2017,6,DEPARTAMENTO,CAJAMARCA
36.7,PORCENTAJE DE PERCEPCIÓN DE INSEGURIDAD AL CAMINAR SOLO(A) DE NOCHE EN SU ZONA O BARRIO,24,AÑO,2017,1,DEPARTAMENTO,AMAZONAS
30.1,PORCENTAJE DE PERCEPCIÓN DE INSEGURIDAD AL CAMINAR SOLO(A) DE NOCHE EN SU ZONA O BARRIO,25,AÑO,2017,2,DEPARTAMENTO,ÁNCASH
26.4,PORCENTAJE DE PERCEPCIÓN DE INSEGURIDAD AL CAMINAR SOLO(A) DE NOCHE EN SU ZONA O BARRIO,26,AÑO,2017,22,DEPARTAMENTO,SAN MARTÍN
55.3,PORCENTAJE DE PERCEPCIÓN DE INSEGURIDAD AL CAMINAR SOLO(A) DE NOCHE EN SU ZONA O BARRIO,0,AÑO,2018,0,NACIONAL,NACIONAL
71.7,PORCENTAJE DE PERCEPCIÓN DE INSEGURIDAD AL CAMINAR SOLO(A) DE NOCHE EN SU ZONA O BARRIO,1,AÑO,2018,21,DEPARTAMENTO,PUNO
70.6,PORCENTAJE DE PERCEPCIÓN DE INSEGURIDAD AL CAMINAR SOLO(A) DE NOCHE EN SU ZONA O BARRIO,2,AÑO,2018,17,DEPARTAMENTO,MADRE DE DIOS
65.7,PORCENTAJE DE PERCEPCIÓN DE INSEGURIDAD AL CAMINAR SOLO(A) DE NOCHE EN SU ZONA O BARRIO,3,AÑO,2018,14,DEPARTAMENTO,LAMBAYEQUE
61.2,PORCENTAJE DE PERCEPCIÓN DE INSEGURIDAD AL CAMINAR SOLO(A) DE NOCHE EN SU ZONA O BARRIO,4,AÑO,2018,11,DEPARTAMENTO,ICA
60,PORCENTAJE DE PERCEPCIÓN DE INSEGURIDAD AL CAMINAR SOLO(A) DE NOCHE EN SU ZONA O BARRIO,5,AÑO,2018,1501,DEPARTAMENTO,LIMA METROPOLITANA
59.7,PORCENTAJE DE PERCEPCIÓN DE INSEGURIDAD AL CAMINAR SOLO(A) DE NOCHE EN SU ZONA O BARRIO,6,AÑO,2018,23,DEPARTAMENTO,TACNA
57.5,PORCENTAJE DE PERCEPCIÓN DE INSEGURIDAD AL CAMINAR SOLO(A) DE NOCHE EN SU ZONA O BARRIO,7,AÑO,2018,12,DEPARTAMENTO,JUNÍN
57.4,PORCENTAJE DE PERCEPCIÓN DE INSEGURIDAD AL CAMINAR SOLO(A) DE NOCHE EN SU ZONA O BARRIO,8,AÑO,2018,7,DEPARTAMENTO,PROV. CONST. DEL CALLAO
56.8,PORCENTAJE DE PERCEPCIÓN DE INSEGURIDAD AL CAMINAR SOLO(A) DE NOCHE EN SU ZONA O BARRIO,9,AÑO,2018,4,DEPARTAMENTO,AREQUIPA
56.5,PORCENTAJE DE PERCEPCIÓN DE INSEGURIDAD AL CAMINAR SOLO(A) DE NOCHE EN SU ZONA O BARRIO,10,AÑO,2018,8,DEPARTAMENTO,CUSCO
55.6,PORCENTAJE DE PERCEPCIÓN DE INSEGURIDAD AL CAMINAR SOLO(A) DE NOCHE EN SU ZONA O BARRIO,11,AÑO,2018,20,DEPARTAMENTO,PIURA
52,PORCENTAJE DE PERCEPCIÓN DE INSEGURIDAD AL CAMINAR SOLO(A) DE NOCHE EN SU ZONA O BARRIO,12,AÑO,2018,25,DEPARTAMENTO,UCAYALI
50.4,PORCENTAJE DE PERCEPCIÓN DE INSEGURIDAD AL CAMINAR SOLO(A) DE NOCHE EN SU ZONA O BARRIO,13,AÑO,2018,24,DEPARTAMENTO,TUMBES
49.4,PORCENTAJE DE PERCEPCIÓN DE INSEGURIDAD AL CAMINAR SOLO(A) DE NOCHE EN SU ZONA O BARRIO,14,AÑO,2018,13,DEPARTAMENTO,LA LIBERTAD
49.1,PORCENTAJE DE PERCEPCIÓN DE INSEGURIDAD AL CAMINAR SOLO(A) DE NOCHE EN SU ZONA O BARRIO,15,AÑO,2018,3,DEPARTAMENTO,APURÍMAC
49,PORCENTAJE DE PERCEPCIÓN DE INSEGURIDAD AL CAMINAR SOLO(A) DE NOCHE EN SU ZONA O BARRIO,16,AÑO,2018,1599,DEPARTAMENTO,REGIÓN LIMA
48.2,PORCENTAJE DE PERCEPCIÓN DE INSEGURIDAD AL CAMINAR SOLO(A) DE NOCHE EN SU ZONA O BARRIO,17,AÑO,2018,5,DEPARTAMENTO,AYACUCHO
45.5,PORCENTAJE DE PERCEPCIÓN DE INSEGURIDAD AL CAMINAR SOLO(A) DE NOCHE EN SU ZONA O BARRIO,18,AÑO,2018,10,DEPARTAMENTO,HUÁNUCO
44.2,PORCENTAJE DE PERCEPCIÓN DE INSEGURIDAD AL CAMINAR SOLO(A) DE NOCHE EN SU ZONA O BARRIO,19,AÑO,2018,16,DEPARTAMENTO,LORETO
43.3,PORCENTAJE DE PERCEPCIÓN DE INSEGURIDAD AL CAMINAR SOLO(A) DE NOCHE EN SU ZONA O BARRIO,20,AÑO,2018,18,DEPARTAMENTO,MOQUEGUA
43.2,PORCENTAJE DE PERCEPCIÓN DE INSEGURIDAD AL CAMINAR SOLO(A) DE NOCHE EN SU ZONA O BARRIO,21,AÑO,2018,9,DEPARTAMENTO,HUANCAVELICA
40.3,PORCENTAJE DE PERCEPCIÓN DE INSEGURIDAD AL CAMINAR SOLO(A) DE NOCHE EN SU ZONA O BARRIO,22,AÑO,2018,6,DEPARTAMENTO,CAJAMARCA
39.4,PORCENTAJE DE PERCEPCIÓN DE INSEGURIDAD AL CAMINAR SOLO(A) DE NOCHE EN SU ZONA O BARRIO,23,AÑO,2018,19,DEPARTAMENTO,PASCO
33.6,PORCENTAJE DE PERCEPCIÓN DE INSEGURIDAD AL CAMINAR SOLO(A) DE NOCHE EN SU ZONA O BARRIO,24,AÑO,2018,1,DEPARTAMENTO,AMAZONAS
29.7,PORCENTAJE DE PERCEPCIÓN DE INSEGURIDAD AL CAMINAR SOLO(A) DE NOCHE EN SU ZONA O BARRIO,25,AÑO,2018,2,DEPARTAMENTO,ÁNCASH
27.1,PORCENTAJE DE PERCEPCIÓN DE INSEGURIDAD AL CAMINAR SOLO(A) DE NOCHE EN SU ZONA O BARRIO,26,AÑO,2018,22,DEPARTAMENTO,SAN MARTÍN
55.8,PORCENTAJE DE PERCEPCIÓN DE INSEGURIDAD AL CAMINAR SOLO(A) DE NOCHE EN SU ZONA O BARRIO,0,AÑO,2019,0,NACIONAL,NACIONAL
75.9,PORCENTAJE DE PERCEPCIÓN DE INSEGURIDAD AL CAMINAR SOLO(A) DE NOCHE EN SU ZONA O BARRIO,1,AÑO,2019,17,DEPARTAMENTO,MADRE DE DIOS
68.8,PORCENTAJE DE PERCEPCIÓN DE INSEGURIDAD AL CAMINAR SOLO(A) DE NOCHE EN SU ZONA O BARRIO,2,AÑO,2019,21,DEPARTAMENTO,PUNO
64,PORCENTAJE DE PERCEPCIÓN DE INSEGURIDAD AL CAMINAR SOLO(A) DE NOCHE EN SU ZONA O BARRIO,3,AÑO,2019,23,DEPARTAMENTO,TACNA
62.7,PORCENTAJE DE PERCEPCIÓN DE INSEGURIDAD AL CAMINAR SOLO(A) DE NOCHE EN SU ZONA O BARRIO,4,AÑO,2019,1501,DEPARTAMENTO,LIMA METROPOLITANA
61.4,PORCENTAJE DE PERCEPCIÓN DE INSEGURIDAD AL CAMINAR SOLO(A) DE NOCHE EN SU ZONA O BARRIO,5,AÑO,2019,7,DEPARTAMENTO,PROV. CONST. DEL CALLAO
60,PORCENTAJE DE PERCEPCIÓN DE INSEGURIDAD AL CAMINAR SOLO(A) DE NOCHE EN SU ZONA O BARRIO,6,AÑO,2019,4,DEPARTAMENTO,AREQUIPA
59.7,PORCENTAJE DE PERCEPCIÓN DE INSEGURIDAD AL CAMINAR SOLO(A) DE NOCHE EN SU ZONA O BARRIO,7,AÑO,2019,12,DEPARTAMENTO,JUNÍN
56.8,PORCENTAJE DE PERCEPCIÓN DE INSEGURIDAD AL CAMINAR SOLO(A) DE NOCHE EN SU ZONA O BARRIO,8,AÑO,2019,8,DEPARTAMENTO,CUSCO
55.3,PORCENTAJE DE PERCEPCIÓN DE INSEGURIDAD AL CAMINAR SOLO(A) DE NOCHE EN SU ZONA O BARRIO,9,AÑO,2019,11,DEPARTAMENTO,ICA
54.7,PORCENTAJE DE PERCEPCIÓN DE INSEGURIDAD AL CAMINAR SOLO(A) DE NOCHE EN SU ZONA O BARRIO,10,AÑO,2019,14,DEPARTAMENTO,LAMBAYEQUE
54.6,PORCENTAJE DE PERCEPCIÓN DE INSEGURIDAD AL CAMINAR SOLO(A) DE NOCHE EN SU ZONA O BARRIO,11,AÑO,2019,3,DEPARTAMENTO,APURÍMAC
52,PORCENTAJE DE PERCEPCIÓN DE INSEGURIDAD AL CAMINAR SOLO(A) DE NOCHE EN SU ZONA O BARRIO,12,AÑO,2019,25,DEPARTAMENTO,UCAYALI
50.9,PORCENTAJE DE PERCEPCIÓN DE INSEGURIDAD AL CAMINAR SOLO(A) DE NOCHE EN SU ZONA O BARRIO,13,AÑO,2019,13,DEPARTAMENTO,LA LIBERTAD
50.8,PORCENTAJE DE PERCEPCIÓN DE INSEGURIDAD AL CAMINAR SOLO(A) DE NOCHE EN SU ZONA O BARRIO,14,AÑO,2019,1599,DEPARTAMENTO,REGIÓN LIMA
50.3,PORCENTAJE DE PERCEPCIÓN DE INSEGURIDAD AL CAMINAR SOLO(A) DE NOCHE EN SU ZONA O BARRIO,15,AÑO,2019,20,DEPARTAMENTO,PIURA
46.4,PORCENTAJE DE PERCEPCIÓN DE INSEGURIDAD AL CAMINAR SOLO(A) DE NOCHE EN SU ZONA O BARRIO,16,AÑO,2019,24,DEPARTAMENTO,TUMBES
45.6,PORCENTAJE DE PERCEPCIÓN DE INSEGURIDAD AL CAMINAR SOLO(A) DE NOCHE EN SU ZONA O BARRIO,17,AÑO,2019,18,DEPARTAMENTO,MOQUEGUA
45,PORCENTAJE DE PERCEPCIÓN DE INSEGURIDAD AL CAMINAR SOLO(A) DE NOCHE EN SU ZONA O BARRIO,18,AÑO,2019,5,DEPARTAMENTO,AYACUCHO
42.5,PORCENTAJE DE PERCEPCIÓN DE INSEGURIDAD AL CAMINAR SOLO(A) DE NOCHE EN SU ZONA O BARRIO,19,AÑO,2019,16,DEPARTAMENTO,LORETO
42.3,PORCENTAJE DE PERCEPCIÓN DE INSEGURIDAD AL CAMINAR SOLO(A) DE NOCHE EN SU ZONA O BARRIO,20,AÑO,2019,9,DEPARTAMENTO,HUANCAVELICA
39.3,PORCENTAJE DE PERCEPCIÓN DE INSEGURIDAD AL CAMINAR SOLO(A) DE NOCHE EN SU ZONA O BARRIO,21,AÑO,2019,19,DEPARTAMENTO,PASCO
39.1,PORCENTAJE DE PERCEPCIÓN DE INSEGURIDAD AL CAMINAR SOLO(A) DE NOCHE EN SU ZONA O BARRIO,22,AÑO,2019,6,DEPARTAMENTO,CAJAMARCA
38.1,PORCENTAJE DE PERCEPCIÓN DE INSEGURIDAD AL CAMINAR SOLO(A) DE NOCHE EN SU ZONA O BARRIO,23,AÑO,2019,10,DEPARTAMENTO,HUÁNUCO
34.4,PORCENTAJE DE PERCEPCIÓN DE INSEGURIDAD AL CAMINAR SOLO(A) DE NOCHE EN SU ZONA O BARRIO,24,AÑO,2019,2,DEPARTAMENTO,ÁNCASH
28.9,PORCENTAJE DE PERCEPCIÓN DE INSEGURIDAD AL CAMINAR SOLO(A) DE NOCHE EN SU ZONA O BARRIO,25,AÑO,2019,1,DEPARTAMENTO,AMAZONAS
26.9,PORCENTAJE DE PERCEPCIÓN DE INSEGURIDAD AL CAMINAR SOLO(A) DE NOCHE EN SU ZONA O BARRIO,26,AÑO,2019,22,DEPARTAMENTO,SAN MARTÍN
30.6,PORCENTAJE DE PERCEPCIÓN DE INSEGURIDAD AL CAMINAR SOLO(A) DE NOCHE EN SU ZONA O BARRIO,0,AÑO,2020,0,NACIONAL,NACIONAL
37.7,PORCENTAJE DE PERCEPCIÓN DE INSEGURIDAD AL CAMINAR SOLO(A) DE NOCHE EN SU ZONA O BARRIO,1,AÑO,2020,1501,DEPARTAMENTO,LIMA METROPOLITANA
35.6,PORCENTAJE DE PERCEPCIÓN DE INSEGURIDAD AL CAMINAR SOLO(A) DE NOCHE EN SU ZONA O BARRIO,2,AÑO,2020,7,DEPARTAMENTO,PROV. CONST. DEL CALLAO
34.3,PORCENTAJE DE PERCEPCIÓN DE INSEGURIDAD AL CAMINAR SOLO(A) DE NOCHE EN SU ZONA O BARRIO,3,AÑO,2020,14,DEPARTAMENTO,LAMBAYEQUE
33.1,PORCENTAJE DE PERCEPCIÓN DE INSEGURIDAD AL CAMINAR SOLO(A) DE NOCHE EN SU ZONA O BARRIO,4,AÑO,2020,17,DEPARTAMENTO,MADRE DE DIOS
32.9,PORCENTAJE DE PERCEPCIÓN DE INSEGURIDAD AL CAMINAR SOLO(A) DE NOCHE EN SU ZONA O BARRIO,5,AÑO,2020,21,DEPARTAMENTO,PUNO
30,PORCENTAJE DE PERCEPCIÓN DE INSEGURIDAD AL CAMINAR SOLO(A) DE NOCHE EN SU ZONA O BARRIO,6,AÑO,2020,20,DEPARTAMENTO,PIURA
28.3,PORCENTAJE DE PERCEPCIÓN DE INSEGURIDAD AL CAMINAR SOLO(A) DE NOCHE EN SU ZONA O BARRIO,7,AÑO,2020,12,DEPARTAMENTO,JUNÍN
28,PORCENTAJE DE PERCEPCIÓN DE INSEGURIDAD AL CAMINAR SOLO(A) DE NOCHE EN SU ZONA O BARRIO,8,AÑO,2020,4,DEPARTAMENTO,AREQUIPA
27.5,PORCENTAJE DE PERCEPCIÓN DE INSEGURIDAD AL CAMINAR SOLO(A) DE NOCHE EN SU ZONA O BARRIO,9,AÑO,2020,8,DEPARTAMENTO,CUSCO
26,PORCENTAJE DE PERCEPCIÓN DE INSEGURIDAD AL CAMINAR SOLO(A) DE NOCHE EN SU ZONA O BARRIO,10,AÑO,2020,11,DEPARTAMENTO,ICA
25.5,PORCENTAJE DE PERCEPCIÓN DE INSEGURIDAD AL CAMINAR SOLO(A) DE NOCHE EN SU ZONA O BARRIO,11,AÑO,2020,23,DEPARTAMENTO,TACNA
25.3,PORCENTAJE DE PERCEPCIÓN DE INSEGURIDAD AL CAMINAR SOLO(A) DE NOCHE EN SU ZONA O BARRIO,12,AÑO,2020,1599,DEPARTAMENTO,REGIÓN LIMA
25,PORCENTAJE DE PERCEPCIÓN DE INSEGURIDAD AL CAMINAR SOLO(A) DE NOCHE EN SU ZONA O BARRIO,13,AÑO,2020,25,DEPARTAMENTO,UCAYALI
24.9,PORCENTAJE DE PERCEPCIÓN DE INSEGURIDAD AL CAMINAR SOLO(A) DE NOCHE EN SU ZONA O BARRIO,14,AÑO,2020,24,DEPARTAMENTO,TUMBES
24.7,PORCENTAJE DE PERCEPCIÓN DE INSEGURIDAD AL CAMINAR SOLO(A) DE NOCHE EN SU ZONA O BARRIO,15,AÑO,2020,3,DEPARTAMENTO,APURÍMAC
24.4,PORCENTAJE DE PERCEPCIÓN DE INSEGURIDAD AL CAMINAR SOLO(A) DE NOCHE EN SU ZONA O BARRIO,16,AÑO,2020,13,DEPARTAMENTO,LA LIBERTAD
23.8,PORCENTAJE DE PERCEPCIÓN DE INSEGURIDAD AL CAMINAR SOLO(A) DE NOCHE EN SU ZONA O BARRIO,17,AÑO,2020,5,DEPARTAMENTO,AYACUCHO
22.8,PORCENTAJE DE PERCEPCIÓN DE INSEGURIDAD AL CAMINAR SOLO(A) DE NOCHE EN SU ZONA O BARRIO,18,AÑO,2020,6,DEPARTAMENTO,CAJAMARCA
20.6,PORCENTAJE DE PERCEPCIÓN DE INSEGURIDAD AL CAMINAR SOLO(A) DE NOCHE EN SU ZONA O BARRIO,19,AÑO,2020,18,DEPARTAMENTO,MOQUEGUA
20.3,PORCENTAJE DE PERCEPCIÓN DE INSEGURIDAD AL CAMINAR SOLO(A) DE NOCHE EN SU ZONA O BARRIO,20,AÑO,2020,16,DEPARTAMENTO,LORETO
19.8,PORCENTAJE DE PERCEPCIÓN DE INSEGURIDAD AL CAMINAR SOLO(A) DE NOCHE EN SU ZONA O BARRIO,21,AÑO,2020,2,DEPARTAMENTO,ÁNCASH
19,PORCENTAJE DE PERCEPCIÓN DE INSEGURIDAD AL CAMINAR SOLO(A) DE NOCHE EN SU ZONA O BARRIO,22,AÑO,2020,9,DEPARTAMENTO,HUANCAVELICA
18,PORCENTAJE DE PERCEPCIÓN DE INSEGURIDAD AL CAMINAR SOLO(A) DE NOCHE EN SU ZONA O BARRIO,23,AÑO,2020,10,DEPARTAMENTO,HUÁNUCO
17.9,PORCENTAJE DE PERCEPCIÓN DE INSEGURIDAD AL CAMINAR SOLO(A) DE NOCHE EN SU ZONA O BARRIO,24,AÑO,2020,19,DEPARTAMENTO,PASCO
13.3,PORCENTAJE DE PERCEPCIÓN DE INSEGURIDAD AL CAMINAR SOLO(A) DE NOCHE EN SU ZONA O BARRIO,25,AÑO,2020,1,DEPARTAMENTO,AMAZONAS
12.5,PORCENTAJE DE PERCEPCIÓN DE INSEGURIDAD AL CAMINAR SOLO(A) DE NOCHE EN SU ZONA O BARRIO,26,AÑO,2020,22,DEPARTAMENTO,SAN MARTÍN
53.9,PORCENTAJE DE PERCEPCIÓN DE INSEGURIDAD AL CAMINAR SOLO(A) DE NOCHE EN SU ZONA O BARRIO,0,AÑO,2021,0,NACIONAL,NACIONAL
67.7,PORCENTAJE DE PERCEPCIÓN DE INSEGURIDAD AL CAMINAR SOLO(A) DE NOCHE EN SU ZONA O BARRIO,1,AÑO,2021,17,DEPARTAMENTO,MADRE DE DIOS
64.9,PORCENTAJE DE PERCEPCIÓN DE INSEGURIDAD AL CAMINAR SOLO(A) DE NOCHE EN SU ZONA O BARRIO,2,AÑO,2021,21,DEPARTAMENTO,PUNO
61.7,PORCENTAJE DE PERCEPCIÓN DE INSEGURIDAD AL CAMINAR SOLO(A) DE NOCHE EN SU ZONA O BARRIO,3,AÑO,2021,1501,DEPARTAMENTO,LIMA METROPOLITANA
57.8,PORCENTAJE DE PERCEPCIÓN DE INSEGURIDAD AL CAMINAR SOLO(A) DE NOCHE EN SU ZONA O BARRIO,4,AÑO,2021,23,DEPARTAMENTO,TACNA
57,PORCENTAJE DE PERCEPCIÓN DE INSEGURIDAD AL CAMINAR SOLO(A) DE NOCHE EN SU ZONA O BARRIO,5,AÑO,2021,14,DEPARTAMENTO,LAMBAYEQUE
56.9,PORCENTAJE DE PERCEPCIÓN DE INSEGURIDAD AL CAMINAR SOLO(A) DE NOCHE EN SU ZONA O BARRIO,6,AÑO,2021,4,DEPARTAMENTO,AREQUIPA
56.5,PORCENTAJE DE PERCEPCIÓN DE INSEGURIDAD AL CAMINAR SOLO(A) DE NOCHE EN SU ZONA O BARRIO,7,AÑO,2021,7,DEPARTAMENTO,PROV. CONST. DEL CALLAO
54,PORCENTAJE DE PERCEPCIÓN DE INSEGURIDAD AL CAMINAR SOLO(A) DE NOCHE EN SU ZONA O BARRIO,8,AÑO,2021,20,DEPARTAMENTO,PIURA
53.3,PORCENTAJE DE PERCEPCIÓN DE INSEGURIDAD AL CAMINAR SOLO(A) DE NOCHE EN SU ZONA O BARRIO,9,AÑO,2021,8,DEPARTAMENTO,CUSCO
53.2,PORCENTAJE DE PERCEPCIÓN DE INSEGURIDAD AL CAMINAR SOLO(A) DE NOCHE EN SU ZONA O BARRIO,10,AÑO,2021,11,DEPARTAMENTO,ICA
50.9,PORCENTAJE DE PERCEPCIÓN DE INSEGURIDAD AL CAMINAR SOLO(A) DE NOCHE EN SU ZONA O BARRIO,11,AÑO,2021,13,DEPARTAMENTO,LA LIBERTAD
50.5,PORCENTAJE DE PERCEPCIÓN DE INSEGURIDAD AL CAMINAR SOLO(A) DE NOCHE EN SU ZONA O BARRIO,12,AÑO,2021,25,DEPARTAMENTO,UCAYALI
48.6,PORCENTAJE DE PERCEPCIÓN DE INSEGURIDAD AL CAMINAR SOLO(A) DE NOCHE EN SU ZONA O BARRIO,13,AÑO,2021,12,DEPARTAMENTO,JUNÍN
47.8,PORCENTAJE DE PERCEPCIÓN DE INSEGURIDAD AL CAMINAR SOLO(A) DE NOCHE EN SU ZONA O BARRIO,14,AÑO,2021,1599,DEPARTAMENTO,REGIÓN LIMA
46.8,PORCENTAJE DE PERCEPCIÓN DE INSEGURIDAD AL CAMINAR SOLO(A) DE NOCHE EN SU ZONA O BARRIO,15,AÑO,2021,18,DEPARTAMENTO,MOQUEGUA
45.5,PORCENTAJE DE PERCEPCIÓN DE INSEGURIDAD AL CAMINAR SOLO(A) DE NOCHE EN SU ZONA O BARRIO,16,AÑO,2021,5,DEPARTAMENTO,AYACUCHO
43.6,PORCENTAJE DE PERCEPCIÓN DE INSEGURIDAD AL CAMINAR SOLO(A) DE NOCHE EN SU ZONA O BARRIO,17,AÑO,2021,6,DEPARTAMENTO,CAJAMARCA
43.2,PORCENTAJE DE PERCEPCIÓN DE INSEGURIDAD AL CAMINAR SOLO(A) DE NOCHE EN SU ZONA O BARRIO,18,AÑO,2021,3,DEPARTAMENTO,APURÍMAC
41.8,PORCENTAJE DE PERCEPCIÓN DE INSEGURIDAD AL CAMINAR SOLO(A) DE NOCHE EN SU ZONA O BARRIO,19,AÑO,2021,24,DEPARTAMENTO,TUMBES
39.9,PORCENTAJE DE PERCEPCIÓN DE INSEGURIDAD AL CAMINAR SOLO(A) DE NOCHE EN SU ZONA O BARRIO,20,AÑO,2021,16,DEPARTAMENTO,LORETO
35.5,PORCENTAJE DE PERCEPCIÓN DE INSEGURIDAD AL CAMINAR SOLO(A) DE NOCHE EN SU ZONA O BARRIO,21,AÑO,2021,10,DEPARTAMENTO,HUÁNUCO
34.7,PORCENTAJE DE PERCEPCIÓN DE INSEGURIDAD AL CAMINAR SOLO(A) DE NOCHE EN SU ZONA O BARRIO,22,AÑO,2021,9,DEPARTAMENTO,HUANCAVELICA
34.7,PORCENTAJE DE PERCEPCIÓN DE INSEGURIDAD AL CAMINAR SOLO(A) DE NOCHE EN SU ZONA O BARRIO,23,AÑO,2021,19,DEPARTAMENTO,PASCO
28.5,PORCENTAJE DE PERCEPCIÓN DE INSEGURIDAD AL CAMINAR SOLO(A) DE NOCHE EN SU ZONA O BARRIO,24,AÑO,2021,1,DEPARTAMENTO,AMAZONAS
27.9,PORCENTAJE DE PERCEPCIÓN DE INSEGURIDAD AL CAMINAR SOLO(A) DE NOCHE EN SU ZONA O BARRIO,25,AÑO,2021,2,DEPARTAMENTO,ÁNCASH
23.2,PORCENTAJE DE PERCEPCIÓN DE INSEGURIDAD AL CAMINAR SOLO(A) DE NOCHE EN SU ZONA O BARRIO,26,AÑO,2021,22,DEPARTAMENTO,SAN MARTÍN
61.2,PORCENTAJE DE PERCEPCIÓN DE INSEGURIDAD AL CAMINAR SOLO(A) DE NOCHE EN SU ZONA O BARRIO,0,AÑO,2022,0,NACIONAL,NACIONAL
75.4,PORCENTAJE DE PERCEPCIÓN DE INSEGURIDAD AL CAMINAR SOLO(A) DE NOCHE EN SU ZONA O BARRIO,1,AÑO,2022,17,DEPARTAMENTO,MADRE DE DIOS
71.5,PORCENTAJE DE PERCEPCIÓN DE INSEGURIDAD AL CAMINAR SOLO(A) DE NOCHE EN SU ZONA O BARRIO,2,AÑO,2022,21,DEPARTAMENTO,PUNO
68.3,PORCENTAJE DE PERCEPCIÓN DE INSEGURIDAD AL CAMINAR SOLO(A) DE NOCHE EN SU ZONA O BARRIO,3,AÑO,2022,1501,DEPARTAMENTO,LIMA METROPOLITANA
66.1,PORCENTAJE DE PERCEPCIÓN DE INSEGURIDAD AL CAMINAR SOLO(A) DE NOCHE EN SU ZONA O BARRIO,4,AÑO,2022,7,DEPARTAMENTO,PROV. CONST. DEL CALLAO
65.1,PORCENTAJE DE PERCEPCIÓN DE INSEGURIDAD AL CAMINAR SOLO(A) DE NOCHE EN SU ZONA O BARRIO,5,AÑO,2022,14,DEPARTAMENTO,LAMBAYEQUE
63.6,PORCENTAJE DE PERCEPCIÓN DE INSEGURIDAD AL CAMINAR SOLO(A) DE NOCHE EN SU ZONA O BARRIO,6,AÑO,2022,20,DEPARTAMENTO,PIURA
63.3,PORCENTAJE DE PERCEPCIÓN DE INSEGURIDAD AL CAMINAR SOLO(A) DE NOCHE EN SU ZONA O BARRIO,7,AÑO,2022,23,DEPARTAMENTO,TACNA
61.6,PORCENTAJE DE PERCEPCIÓN DE INSEGURIDAD AL CAMINAR SOLO(A) DE NOCHE EN SU ZONA O BARRIO,8,AÑO,2022,4,DEPARTAMENTO,AREQUIPA
60.2,PORCENTAJE DE PERCEPCIÓN DE INSEGURIDAD AL CAMINAR SOLO(A) DE NOCHE EN SU ZONA O BARRIO,9,AÑO,2022,8,DEPARTAMENTO,CUSCO
60,PORCENTAJE DE PERCEPCIÓN DE INSEGURIDAD AL CAMINAR SOLO(A) DE NOCHE EN SU ZONA O BARRIO,10,AÑO,2022,11,DEPARTAMENTO,ICA
59.3,PORCENTAJE DE PERCEPCIÓN DE INSEGURIDAD AL CAMINAR SOLO(A) DE NOCHE EN SU ZONA O BARRIO,11,AÑO,2022,25,DEPARTAMENTO,UCAYALI
59.3,PORCENTAJE DE PERCEPCIÓN DE INSEGURIDAD AL CAMINAR SOLO(A) DE NOCHE EN SU ZONA O BARRIO,12,AÑO,2022,1599,DEPARTAMENTO,REGIÓN LIMA
59.2,PORCENTAJE DE PERCEPCIÓN DE INSEGURIDAD AL CAMINAR SOLO(A) DE NOCHE EN SU ZONA O BARRIO,13,AÑO,2022,12,DEPARTAMENTO,JUNÍN
58.1,PORCENTAJE DE PERCEPCIÓN DE INSEGURIDAD AL CAMINAR SOLO(A) DE NOCHE EN SU ZONA O BARRIO,14,AÑO,2022,13,DEPARTAMENTO,LA LIBERTAD
56.1,PORCENTAJE DE PERCEPCIÓN DE INSEGURIDAD AL CAMINAR SOLO(A) DE NOCHE EN SU ZONA O BARRIO,15,AÑO,2022,5,DEPARTAMENTO,AYACUCHO
50.9,PORCENTAJE DE PERCEPCIÓN DE INSEGURIDAD AL CAMINAR SOLO(A) DE NOCHE EN SU ZONA O BARRIO,16,AÑO,2022,24,DEPARTAMENTO,TUMBES
49.7,PORCENTAJE DE PERCEPCIÓN DE INSEGURIDAD AL CAMINAR SOLO(A) DE NOCHE EN SU ZONA O BARRIO,17,AÑO,2022,16,DEPARTAMENTO,LORETO
49,PORCENTAJE DE PERCEPCIÓN DE INSEGURIDAD AL CAMINAR SOLO(A) DE NOCHE EN SU ZONA O BARRIO,18,AÑO,2022,3,DEPARTAMENTO,APURÍMAC
48.8,PORCENTAJE DE PERCEPCIÓN DE INSEGURIDAD AL CAMINAR SOLO(A) DE NOCHE EN SU ZONA O BARRIO,19,AÑO,2022,18,DEPARTAMENTO,MOQUEGUA
46.2,PORCENTAJE DE PERCEPCIÓN DE INSEGURIDAD AL CAMINAR SOLO(A) DE NOCHE EN SU ZONA O BARRIO,20,AÑO,2022,6,DEPARTAMENTO,CAJAMARCA
42.1,PORCENTAJE DE PERCEPCIÓN DE INSEGURIDAD AL CAMINAR SOLO(A) DE NOCHE EN SU ZONA O BARRIO,21,AÑO,2022,9,DEPARTAMENTO,HUANCAVELICA
40.4,PORCENTAJE DE PERCEPCIÓN DE INSEGURIDAD AL CAMINAR SOLO(A) DE NOCHE EN SU ZONA O BARRIO,22,AÑO,2022,10,DEPARTAMENTO,HUÁNUCO
39.4,PORCENTAJE DE PERCEPCIÓN DE INSEGURIDAD AL CAMINAR SOLO(A) DE NOCHE EN SU ZONA O BARRIO,23,AÑO,2022,19,DEPARTAMENTO,PASCO
37.6,PORCENTAJE DE PERCEPCIÓN DE INSEGURIDAD AL CAMINAR SOLO(A) DE NOCHE EN SU ZONA O BARRIO,24,AÑO,2022,1,DEPARTAMENTO,AMAZONAS
37.5,PORCENTAJE DE PERCEPCIÓN DE INSEGURIDAD AL CAMINAR SOLO(A) DE NOCHE EN SU ZONA O BARRIO,25,AÑO,2022,2,DEPARTAMENTO,ÁNCASH
29.2,PORCENTAJE DE PERCEPCIÓN DE INSEGURIDAD AL CAMINAR SOLO(A) DE NOCHE EN SU ZONA O BARRIO,26,AÑO,2022,22,DEPARTAMENTO,SAN MARTÍN
57.6,PORCENTAJE DE PERCEPCIÓN DE INSEGURIDAD AL CAMINAR SOLO(A) DE NOCHE EN SU ZONA O BARRIO,0,AÑO,2023,0,NACIONAL,NACIONAL
75,PORCENTAJE DE PERCEPCIÓN DE INSEGURIDAD AL CAMINAR SOLO(A) DE NOCHE EN SU ZONA O BARRIO,1,AÑO,2023,17,DEPARTAMENTO,MADRE DE DIOS
70.5,PORCENTAJE DE PERCEPCIÓN DE INSEGURIDAD AL CAMINAR SOLO(A) DE NOCHE EN SU ZONA O BARRIO,2,AÑO,2023,21,DEPARTAMENTO,PUNO
65.2,PORCENTAJE DE PERCEPCIÓN DE INSEGURIDAD AL CAMINAR SOLO(A) DE NOCHE EN SU ZONA O BARRIO,3,AÑO,2023,4,DEPARTAMENTO,AREQUIPA
64.4,PORCENTAJE DE PERCEPCIÓN DE INSEGURIDAD AL CAMINAR SOLO(A) DE NOCHE EN SU ZONA O BARRIO,4,AÑO,2023,14,DEPARTAMENTO,LAMBAYEQUE
63,PORCENTAJE DE PERCEPCIÓN DE INSEGURIDAD AL CAMINAR SOLO(A) DE NOCHE EN SU ZONA O BARRIO,5,AÑO,2023,20,DEPARTAMENTO,PIURA
62.3,PORCENTAJE DE PERCEPCIÓN DE INSEGURIDAD AL CAMINAR SOLO(A) DE NOCHE EN SU ZONA O BARRIO,6,AÑO,2023,23,DEPARTAMENTO,TACNA
62.3,PORCENTAJE DE PERCEPCIÓN DE INSEGURIDAD AL CAMINAR SOLO(A) DE NOCHE EN SU ZONA O BARRIO,7,AÑO,2023,1501,DEPARTAMENTO,LIMA METROPOLITANA
62.1,PORCENTAJE DE PERCEPCIÓN DE INSEGURIDAD AL CAMINAR SOLO(A) DE NOCHE EN SU ZONA O BARRIO,8,AÑO,2023,11,DEPARTAMENTO,ICA
61.8,PORCENTAJE DE PERCEPCIÓN DE INSEGURIDAD AL CAMINAR SOLO(A) DE NOCHE EN SU ZONA O BARRIO,9,AÑO,2023,25,DEPARTAMENTO,UCAYALI
59.1,PORCENTAJE DE PERCEPCIÓN DE INSEGURIDAD AL CAMINAR SOLO(A) DE NOCHE EN SU ZONA O BARRIO,10,AÑO,2023,12,DEPARTAMENTO,JUNÍN
57.8,PORCENTAJE DE PERCEPCIÓN DE INSEGURIDAD AL CAMINAR SOLO(A) DE NOCHE EN SU ZONA O BARRIO,11,AÑO,2023,7,DEPARTAMENTO,PROV. CONST. DEL CALLAO
57.7,PORCENTAJE DE PERCEPCIÓN DE INSEGURIDAD AL CAMINAR SOLO(A) DE NOCHE EN SU ZONA O BARRIO,12,AÑO,2023,13,DEPARTAMENTO,LA LIBERTAD
55.6,PORCENTAJE DE PERCEPCIÓN DE INSEGURIDAD AL CAMINAR SOLO(A) DE NOCHE EN SU ZONA O BARRIO,13,AÑO,2023,8,DEPARTAMENTO,CUSCO
51.4,PORCENTAJE DE PERCEPCIÓN DE INSEGURIDAD AL CAMINAR SOLO(A) DE NOCHE EN SU ZONA O BARRIO,14,AÑO,2023,6,DEPARTAMENTO,CAJAMARCA
49.8,PORCENTAJE DE PERCEPCIÓN DE INSEGURIDAD AL CAMINAR SOLO(A) DE NOCHE EN SU ZONA O BARRIO,15,AÑO,2023,5,DEPARTAMENTO,AYACUCHO
49.6,PORCENTAJE DE PERCEPCIÓN DE INSEGURIDAD AL CAMINAR SOLO(A) DE NOCHE EN SU ZONA O BARRIO,16,AÑO,2023,1599,DEPARTAMENTO,REGIÓN LIMA
48.3,PORCENTAJE DE PERCEPCIÓN DE INSEGURIDAD AL CAMINAR SOLO(A) DE NOCHE EN SU ZONA O BARRIO,17,AÑO,2023,24,DEPARTAMENTO,TUMBES
45.8,PORCENTAJE DE PERCEPCIÓN DE INSEGURIDAD AL CAMINAR SOLO(A) DE NOCHE EN SU ZONA O BARRIO,18,AÑO,2023,16,DEPARTAMENTO,LORETO
43.2,PORCENTAJE DE PERCEPCIÓN DE INSEGURIDAD AL CAMINAR SOLO(A) DE NOCHE EN SU ZONA O BARRIO,19,AÑO,2023,18,DEPARTAMENTO,MOQUEGUA
43.2,PORCENTAJE DE PERCEPCIÓN DE INSEGURIDAD AL CAMINAR SOLO(A) DE NOCHE EN SU ZONA O BARRIO,20,AÑO,2023,3,DEPARTAMENTO,APURÍMAC
38.8,PORCENTAJE DE PERCEPCIÓN DE INSEGURIDAD AL CAMINAR SOLO(A) DE NOCHE EN SU ZONA O BARRIO,21,AÑO,2023,10,DEPARTAMENTO,HUÁNUCO
37,PORCENTAJE DE PERCEPCIÓN DE INSEGURIDAD AL CAMINAR SOLO(A) DE NOCHE EN SU ZONA O BARRIO,22,AÑO,2023,19,DEPARTAMENTO,PASCO
35.7,PORCENTAJE DE PERCEPCIÓN DE INSEGURIDAD AL CAMINAR SOLO(A) DE NOCHE EN SU ZONA O BARRIO,23,AÑO,2023,9,DEPARTAMENTO,HUANCAVELICA
28.8,PORCENTAJE DE PERCEPCIÓN DE INSEGURIDAD AL CAMINAR SOLO(A) DE NOCHE EN SU ZONA O BARRIO,24,AÑO,2023,2,DEPARTAMENTO,ÁNCASH
26.8,PORCENTAJE DE PERCEPCIÓN DE INSEGURIDAD AL CAMINAR SOLO(A) DE NOCHE EN SU ZONA O BARRIO,25,AÑO,2023,1,DEPARTAMENTO,AMAZONAS
26.1,PORCENTAJE DE PERCEPCIÓN DE INSEGURIDAD AL CAMINAR SOLO(A) DE NOCHE EN SU ZONA O BARRIO,26,AÑO,2023,22,DEPARTAMENTO,SAN MARTÍN
56.6,PORCENTAJE DE PERCEPCIÓN DE INSEGURIDAD AL CAMINAR SOLO(A) DE NOCHE EN SU ZONA O BARRIO,0,AÑO,2024,0,NACIONAL,NACIONAL
76.7,PORCENTAJE DE PERCEPCIÓN DE INSEGURIDAD AL CAMINAR SOLO(A) DE NOCHE EN SU ZONA O BARRIO,1,AÑO,2024,21,DEPARTAMENTO,PUNO
74.4,PORCENTAJE DE PERCEPCIÓN DE INSEGURIDAD AL CAMINAR SOLO(A) DE NOCHE EN SU ZONA O BARRIO,2,AÑO,2024,17,DEPARTAMENTO,MADRE DE DIOS
65.3,PORCENTAJE DE PERCEPCIÓN DE INSEGURIDAD AL CAMINAR SOLO(A) DE NOCHE EN SU ZONA O BARRIO,3,AÑO,2024,4,DEPARTAMENTO,AREQUIPA
64.6,PORCENTAJE DE PERCEPCIÓN DE INSEGURIDAD AL CAMINAR SOLO(A) DE NOCHE EN SU ZONA O BARRIO,4,AÑO,2024,11,DEPARTAMENTO,ICA
61.4,PORCENTAJE DE PERCEPCIÓN DE INSEGURIDAD AL CAMINAR SOLO(A) DE NOCHE EN SU ZONA O BARRIO,5,AÑO,2024,20,DEPARTAMENTO,PIURA
61.2,PORCENTAJE DE PERCEPCIÓN DE INSEGURIDAD AL CAMINAR SOLO(A) DE NOCHE EN SU ZONA O BARRIO,6,AÑO,2024,1501,DEPARTAMENTO,LIMA METROPOLITANA
60.8,PORCENTAJE DE PERCEPCIÓN DE INSEGURIDAD AL CAMINAR SOLO(A) DE NOCHE EN SU ZONA O BARRIO,7,AÑO,2024,7,DEPARTAMENTO,PROV. CONST. DEL CALLAO
60.7,PORCENTAJE DE PERCEPCIÓN DE INSEGURIDAD AL CAMINAR SOLO(A) DE NOCHE EN SU ZONA O BARRIO,8,AÑO,2024,23,DEPARTAMENTO,TACNA
59.2,PORCENTAJE DE PERCEPCIÓN DE INSEGURIDAD AL CAMINAR SOLO(A) DE NOCHE EN SU ZONA O BARRIO,9,AÑO,2024,13,DEPARTAMENTO,LA LIBERTAD
58.2,PORCENTAJE DE PERCEPCIÓN DE INSEGURIDAD AL CAMINAR SOLO(A) DE NOCHE EN SU ZONA O BARRIO,10,AÑO,2024,25,DEPARTAMENTO,UCAYALI
57.5,PORCENTAJE DE PERCEPCIÓN DE INSEGURIDAD AL CAMINAR SOLO(A) DE NOCHE EN SU ZONA O BARRIO,11,AÑO,2024,12,DEPARTAMENTO,JUNÍN
56,PORCENTAJE DE PERCEPCIÓN DE INSEGURIDAD AL CAMINAR SOLO(A) DE NOCHE EN SU ZONA O BARRIO,12,AÑO,2024,14,DEPARTAMENTO,LAMBAYEQUE
50.9,PORCENTAJE DE PERCEPCIÓN DE INSEGURIDAD AL CAMINAR SOLO(A) DE NOCHE EN SU ZONA O BARRIO,13,AÑO,2024,5,DEPARTAMENTO,AYACUCHO
50.1,PORCENTAJE DE PERCEPCIÓN DE INSEGURIDAD AL CAMINAR SOLO(A) DE NOCHE EN SU ZONA O BARRIO,14,AÑO,2024,1599,DEPARTAMENTO,REGIÓN LIMA
49.8,PORCENTAJE DE PERCEPCIÓN DE INSEGURIDAD AL CAMINAR SOLO(A) DE NOCHE EN SU ZONA O BARRIO,15,AÑO,2024,8,DEPARTAMENTO,CUSCO
46.5,PORCENTAJE DE PERCEPCIÓN DE INSEGURIDAD AL CAMINAR SOLO(A) DE NOCHE EN SU ZONA O BARRIO,16,AÑO,2024,18,DEPARTAMENTO,MOQUEGUA
46.3,PORCENTAJE DE PERCEPCIÓN DE INSEGURIDAD AL CAMINAR SOLO(A) DE NOCHE EN SU ZONA O BARRIO,17,AÑO,2024,6,DEPARTAMENTO,CAJAMARCA
45.7,PORCENTAJE DE PERCEPCIÓN DE INSEGURIDAD AL CAMINAR SOLO(A) DE NOCHE EN SU ZONA O BARRIO,18,AÑO,2024,3,DEPARTAMENTO,APURÍMAC
44.2,PORCENTAJE DE PERCEPCIÓN DE INSEGURIDAD AL CAMINAR SOLO(A) DE NOCHE EN SU ZONA O BARRIO,19,AÑO,2024,16,DEPARTAMENTO,LORETO
42.8,PORCENTAJE DE PERCEPCIÓN DE INSEGURIDAD AL CAMINAR SOLO(A) DE NOCHE EN SU ZONA O BARRIO,20,AÑO,2024,24,DEPARTAMENTO,TUMBES
41.9,PORCENTAJE DE PERCEPCIÓN DE INSEGURIDAD AL CAMINAR SOLO(A) DE NOCHE EN SU ZONA O BARRIO,21,AÑO,2024,10,DEPARTAMENTO,HUÁNUCO
39.9,PORCENTAJE DE PERCEPCIÓN DE INSEGURIDAD AL CAMINAR SOLO(A) DE NOCHE EN SU ZONA O BARRIO,22,AÑO,2024,19,DEPARTAMENTO,PASCO
33.1,PORCENTAJE DE PERCEPCIÓN DE INSEGURIDAD AL CAMINAR SOLO(A) DE NOCHE EN SU ZONA O BARRIO,23,AÑO,2024,9,DEPARTAMENTO,HUANCAVELICA
31.4,PORCENTAJE DE PERCEPCIÓN DE INSEGURIDAD AL CAMINAR SOLO(A) DE NOCHE EN SU ZONA O BARRIO,24,AÑO,2024,2,DEPARTAMENTO,ÁNCASH
25.6,PORCENTAJE DE PERCEPCIÓN DE INSEGURIDAD AL CAMINAR SOLO(A) DE NOCHE EN SU ZONA O BARRIO,25,AÑO,2024,1,DEPARTAMENTO,AMAZONAS
23.1,PORCENTAJE DE PERCEPCIÓN DE INSEGURIDAD AL CAMINAR SOLO(A) DE NOCHE EN SU ZONA O BARRIO,26,AÑO,2024,22,DEPARTAMENTO,SAN MARTÍN
46.3,PORCENTAJE DE VICTIMIZACIÓN,1,AÑO,2013,23,DEPARTAMENTO,TACNA
42.7,PORCENTAJE DE VICTIMIZACIÓN,2,AÑO,2013,8,DEPARTAMENTO,CUSCO
41.2,PORCENTAJE DE VICTIMIZACIÓN,3,AÑO,2013,12,DEPARTAMENTO,JUNÍN
40.4,PORCENTAJE DE VICTIMIZACIÓN,4,AÑO,2013,1501,DEPARTAMENTO,LIMA METROPOLITANA
38.9,PORCENTAJE DE VICTIMIZACIÓN,5,AÑO,2013,7,DEPARTAMENTO,PROV. CONST. DEL CALLAO
37.8,PORCENTAJE DE VICTIMIZACIÓN,6,AÑO,2013,9,DEPARTAMENTO,HUANCAVELICA
37.6,PORCENTAJE DE VICTIMIZACIÓN,7,AÑO,2013,2,DEPARTAMENTO,ÁNCASH
37.4,PORCENTAJE DE VICTIMIZACIÓN,8,AÑO,2013,21,DEPARTAMENTO,PUNO
36.3,PORCENTAJE DE VICTIMIZACIÓN,9,AÑO,2013,3,DEPARTAMENTO,APURÍMAC
35,PORCENTAJE DE VICTIMIZACIÓN,10,AÑO,2013,4,DEPARTAMENTO,AREQUIPA
34.2,PORCENTAJE DE VICTIMIZACIÓN,11,AÑO,2013,19,DEPARTAMENTO,PASCO
34,PORCENTAJE DE VICTIMIZACIÓN,12,AÑO,2013,1599,DEPARTAMENTO,REGIÓN LIMA
33.9,PORCENTAJE DE VICTIMIZACIÓN,13,AÑO,2013,13,DEPARTAMENTO,LA LIBERTAD
32.7,PORCENTAJE DE VICTIMIZACIÓN,14,AÑO,2013,24,DEPARTAMENTO,TUMBES
31.6,PORCENTAJE DE VICTIMIZACIÓN,15,AÑO,2013,25,DEPARTAMENTO,UCAYALI
31.3,PORCENTAJE DE VICTIMIZACIÓN,16,AÑO,2013,18,DEPARTAMENTO,MOQUEGUA
31.1,PORCENTAJE DE VICTIMIZACIÓN,17,AÑO,2013,20,DEPARTAMENTO,PIURA
30.8,PORCENTAJE DE VICTIMIZACIÓN,18,AÑO,2013,10,DEPARTAMENTO,HUÁNUCO
30.2,PORCENTAJE DE VICTIMIZACIÓN,19,AÑO,2013,16,DEPARTAMENTO,LORETO
29.1,PORCENTAJE DE VICTIMIZACIÓN,20,AÑO,2013,17,DEPARTAMENTO,MADRE DE DIOS
27.9,PORCENTAJE DE VICTIMIZACIÓN,21,AÑO,2013,11,DEPARTAMENTO,ICA
26.9,PORCENTAJE DE VICTIMIZACIÓN,22,AÑO,2013,5,DEPARTAMENTO,AYACUCHO
26.8,PORCENTAJE DE VICTIMIZACIÓN,23,AÑO,2013,6,DEPARTAMENTO,CAJAMARCA
22.2,PORCENTAJE DE VICTIMIZACIÓN,24,AÑO,2013,14,DEPARTAMENTO,LAMBAYEQUE
21,PORCENTAJE DE VICTIMIZACIÓN,25,AÑO,2013,22,DEPARTAMENTO,SAN MARTÍN
19.6,PORCENTAJE DE VICTIMIZACIÓN,26,AÑO,2013,1,DEPARTAMENTO,AMAZONAS
30.5,PORCENTAJE DE VICTIMIZACIÓN,0,AÑO,2014,0,NACIONAL,NACIONAL
39.2,PORCENTAJE DE VICTIMIZACIÓN,1,AÑO,2014,12,DEPARTAMENTO,JUNÍN
39.2,PORCENTAJE DE VICTIMIZACIÓN,1,AÑO,2014,23,DEPARTAMENTO,TACNA
37.3,PORCENTAJE DE VICTIMIZACIÓN,3,AÑO,2014,21,DEPARTAMENTO,PUNO
34.7,PORCENTAJE DE VICTIMIZACIÓN,4,AÑO,2014,8,DEPARTAMENTO,CUSCO
34.2,PORCENTAJE DE VICTIMIZACIÓN,5,AÑO,2014,1501,DEPARTAMENTO,LIMA METROPOLITANA
31.2,PORCENTAJE DE VICTIMIZACIÓN,6,AÑO,2014,4,DEPARTAMENTO,AREQUIPA
30.6,PORCENTAJE DE VICTIMIZACIÓN,7,AÑO,2014,7,DEPARTAMENTO,PROV. CONST. DEL CALLAO
30.2,PORCENTAJE DE VICTIMIZACIÓN,8,AÑO,2014,9,DEPARTAMENTO,HUANCAVELICA
30.2,PORCENTAJE DE VICTIMIZACIÓN,8,AÑO,2014,1599,DEPARTAMENTO,REGIÓN LIMA
29.9,PORCENTAJE DE VICTIMIZACIÓN,10,AÑO,2014,13,DEPARTAMENTO,LA LIBERTAD
29.3,PORCENTAJE DE VICTIMIZACIÓN,11,AÑO,2014,2,DEPARTAMENTO,ÁNCASH
28.3,PORCENTAJE DE VICTIMIZACIÓN,12,AÑO,2014,3,DEPARTAMENTO,APURÍMAC
27.2,PORCENTAJE DE VICTIMIZACIÓN,13,AÑO,2014,19,DEPARTAMENTO,PASCO
26.4,PORCENTAJE DE VICTIMIZACIÓN,14,AÑO,2014,16,DEPARTAMENTO,LORETO
25.6,PORCENTAJE DE VICTIMIZACIÓN,15,AÑO,2014,10,DEPARTAMENTO,HUÁNUCO
25.5,PORCENTAJE DE VICTIMIZACIÓN,16,AÑO,2014,18,DEPARTAMENTO,MOQUEGUA
25.1,PORCENTAJE DE VICTIMIZACIÓN,17,AÑO,2014,25,DEPARTAMENTO,UCAYALI
25,PORCENTAJE DE VICTIMIZACIÓN,18,AÑO,2014,17,DEPARTAMENTO,MADRE DE DIOS
24.7,PORCENTAJE DE VICTIMIZACIÓN,19,AÑO,2014,6,DEPARTAMENTO,CAJAMARCA
23.2,PORCENTAJE DE VICTIMIZACIÓN,20,AÑO,2014,20,DEPARTAMENTO,PIURA
23.1,PORCENTAJE DE VICTIMIZACIÓN,21,AÑO,2014,24,DEPARTAMENTO,TUMBES
21.8,PORCENTAJE DE VICTIMIZACIÓN,22,AÑO,2014,5,DEPARTAMENTO,AYACUCHO
21.4,PORCENTAJE DE VICTIMIZACIÓN,23,AÑO,2014,11,DEPARTAMENTO,ICA
19.9,PORCENTAJE DE VICTIMIZACIÓN,24,AÑO,2014,14,DEPARTAMENTO,LAMBAYEQUE
19.3,PORCENTAJE DE VICTIMIZACIÓN,25,AÑO,2014,22,DEPARTAMENTO,SAN MARTÍN
18.8,PORCENTAJE DE VICTIMIZACIÓN,26,AÑO,2014,1,DEPARTAMENTO,AMAZONAS
30.8,PORCENTAJE DE VICTIMIZACIÓN,0,AÑO,2015,0,NACIONAL,NACIONAL
39.7,PORCENTAJE DE VICTIMIZACIÓN,1,AÑO,2015,21,DEPARTAMENTO,PUNO
38.8,PORCENTAJE DE VICTIMIZACIÓN,2,AÑO,2015,8,DEPARTAMENTO,CUSCO
35.5,PORCENTAJE DE VICTIMIZACIÓN,3,AÑO,2015,12,DEPARTAMENTO,JUNÍN
35.2,PORCENTAJE DE VICTIMIZACIÓN,4,AÑO,2015,23,DEPARTAMENTO,TACNA
34.6,PORCENTAJE DE VICTIMIZACIÓN,5,AÑO,2015,1501,DEPARTAMENTO,LIMA METROPOLITANA
33.4,PORCENTAJE DE VICTIMIZACIÓN,6,AÑO,2015,2,DEPARTAMENTO,ÁNCASH
33,PORCENTAJE DE VICTIMIZACIÓN,7,AÑO,2015,9,DEPARTAMENTO,HUANCAVELICA
32.4,PORCENTAJE DE VICTIMIZACIÓN,8,AÑO,2015,7,DEPARTAMENTO,PROV. CONST. DEL CALLAO
32.1,PORCENTAJE DE VICTIMIZACIÓN,9,AÑO,2015,4,DEPARTAMENTO,AREQUIPA
30.4,PORCENTAJE DE VICTIMIZACIÓN,10,AÑO,2015,13,DEPARTAMENTO,LA LIBERTAD
29.4,PORCENTAJE DE VICTIMIZACIÓN,11,AÑO,2015,1599,DEPARTAMENTO,REGIÓN LIMA
28.3,PORCENTAJE DE VICTIMIZACIÓN,12,AÑO,2015,3,DEPARTAMENTO,APURÍMAC
28.2,PORCENTAJE DE VICTIMIZACIÓN,13,AÑO,2015,17,DEPARTAMENTO,MADRE DE DIOS
28,PORCENTAJE DE VICTIMIZACIÓN,14,AÑO,2015,20,DEPARTAMENTO,PIURA
26.5,PORCENTAJE DE VICTIMIZACIÓN,15,AÑO,2015,18,DEPARTAMENTO,MOQUEGUA
25.5,PORCENTAJE DE VICTIMIZACIÓN,16,AÑO,2015,25,DEPARTAMENTO,UCAYALI
24.8,PORCENTAJE DE VICTIMIZACIÓN,17,AÑO,2015,19,DEPARTAMENTO,PASCO
22.7,PORCENTAJE DE VICTIMIZACIÓN,18,AÑO,2015,11,DEPARTAMENTO,ICA
22.6,PORCENTAJE DE VICTIMIZACIÓN,19,AÑO,2015,10,DEPARTAMENTO,HUÁNUCO
21.4,PORCENTAJE DE VICTIMIZACIÓN,20,AÑO,2015,16,DEPARTAMENTO,LORETO
21.1,PORCENTAJE DE VICTIMIZACIÓN,21,AÑO,2015,5,DEPARTAMENTO,AYACUCHO
20.1,PORCENTAJE DE VICTIMIZACIÓN,22,AÑO,2015,14,DEPARTAMENTO,LAMBAYEQUE
19.7,PORCENTAJE DE VICTIMIZACIÓN,23,AÑO,2015,6,DEPARTAMENTO,CAJAMARCA
18.3,PORCENTAJE DE VICTIMIZACIÓN,24,AÑO,2015,24,DEPARTAMENTO,TUMBES
16.8,PORCENTAJE DE VICTIMIZACIÓN,25,AÑO,2015,1,DEPARTAMENTO,AMAZONAS
13.5,PORCENTAJE DE VICTIMIZACIÓN,26,AÑO,2015,22,DEPARTAMENTO,SAN MARTÍN
28.8,PORCENTAJE DE VICTIMIZACIÓN,0,AÑO,2016,0,NACIONAL,NACIONAL
44,PORCENTAJE DE VICTIMIZACIÓN,1,AÑO,2016,8,DEPARTAMENTO,CUSCO
37.9,PORCENTAJE DE VICTIMIZACIÓN,2,AÑO,2016,23,DEPARTAMENTO,TACNA
35.4,PORCENTAJE DE VICTIMIZACIÓN,3,AÑO,2016,9,DEPARTAMENTO,HUANCAVELICA
35.4,PORCENTAJE DE VICTIMIZACIÓN,3,AÑO,2016,17,DEPARTAMENTO,MADRE DE DIOS
35,PORCENTAJE DE VICTIMIZACIÓN,5,AÑO,2016,12,DEPARTAMENTO,JUNÍN
34.2,PORCENTAJE DE VICTIMIZACIÓN,6,AÑO,2016,21,DEPARTAMENTO,PUNO
31.4,PORCENTAJE DE VICTIMIZACIÓN,7,AÑO,2016,2,DEPARTAMENTO,ÁNCASH
31.1,PORCENTAJE DE VICTIMIZACIÓN,8,AÑO,2016,7,DEPARTAMENTO,PROV. CONST. DEL CALLAO
30.8,PORCENTAJE DE VICTIMIZACIÓN,9,AÑO,2016,1501,DEPARTAMENTO,LIMA METROPOLITANA
29.8,PORCENTAJE DE VICTIMIZACIÓN,10,AÑO,2016,13,DEPARTAMENTO,LA LIBERTAD
28,PORCENTAJE DE VICTIMIZACIÓN,11,AÑO,2016,4,DEPARTAMENTO,AREQUIPA
27.8,PORCENTAJE DE VICTIMIZACIÓN,12,AÑO,2016,5,DEPARTAMENTO,AYACUCHO
27,PORCENTAJE DE VICTIMIZACIÓN,13,AÑO,2016,19,DEPARTAMENTO,PASCO
25.3,PORCENTAJE DE VICTIMIZACIÓN,14,AÑO,2016,16,DEPARTAMENTO,LORETO
25.1,PORCENTAJE DE VICTIMIZACIÓN,15,AÑO,2016,20,DEPARTAMENTO,PIURA
24.7,PORCENTAJE DE VICTIMIZACIÓN,16,AÑO,2016,1599,DEPARTAMENTO,REGIÓN LIMA
23.8,PORCENTAJE DE VICTIMIZACIÓN,17,AÑO,2016,3,DEPARTAMENTO,APURÍMAC
23.5,PORCENTAJE DE VICTIMIZACIÓN,18,AÑO,2016,11,DEPARTAMENTO,ICA
22.7,PORCENTAJE DE VICTIMIZACIÓN,19,AÑO,2016,25,DEPARTAMENTO,UCAYALI
22,PORCENTAJE DE VICTIMIZACIÓN,20,AÑO,2016,6,DEPARTAMENTO,CAJAMARCA
20.3,PORCENTAJE DE VICTIMIZACIÓN,21,AÑO,2016,10,DEPARTAMENTO,HUÁNUCO
19.4,PORCENTAJE DE VICTIMIZACIÓN,22,AÑO,2016,22,DEPARTAMENTO,SAN MARTÍN
19.3,PORCENTAJE DE VICTIMIZACIÓN,23,AÑO,2016,18,DEPARTAMENTO,MOQUEGUA
17.6,PORCENTAJE DE VICTIMIZACIÓN,24,AÑO,2016,24,DEPARTAMENTO,TUMBES
17.4,PORCENTAJE DE VICTIMIZACIÓN,25,AÑO,2016,14,DEPARTAMENTO,LAMBAYEQUE
15.5,PORCENTAJE DE VICTIMIZACIÓN,26,AÑO,2016,1,DEPARTAMENTO,AMAZONAS
26.4,PORCENTAJE DE VICTIMIZACIÓN,0,AÑO,2017,0,NACIONAL,NACIONAL
44.6,PORCENTAJE DE VICTIMIZACIÓN,1,AÑO,2017,23,DEPARTAMENTO,TACNA
38.4,PORCENTAJE DE VICTIMIZACIÓN,2,AÑO,2017,8,DEPARTAMENTO,CUSCO
35.2,PORCENTAJE DE VICTIMIZACIÓN,3,AÑO,2017,21,DEPARTAMENTO,PUNO
33.6,PORCENTAJE DE VICTIMIZACIÓN,4,AÑO,2017,12,DEPARTAMENTO,JUNÍN
29.1,PORCENTAJE DE VICTIMIZACIÓN,5,AÑO,2017,1501,DEPARTAMENTO,LIMA METROPOLITANA
28.8,PORCENTAJE DE VICTIMIZACIÓN,6,AÑO,2017,7,DEPARTAMENTO,PROV. CONST. DEL CALLAO
28.3,PORCENTAJE DE VICTIMIZACIÓN,7,AÑO,2017,17,DEPARTAMENTO,MADRE DE DIOS
27.8,PORCENTAJE DE VICTIMIZACIÓN,8,AÑO,2017,5,DEPARTAMENTO,AYACUCHO
27.1,PORCENTAJE DE VICTIMIZACIÓN,9,AÑO,2017,9,DEPARTAMENTO,HUANCAVELICA
27,PORCENTAJE DE VICTIMIZACIÓN,10,AÑO,2017,4,DEPARTAMENTO,AREQUIPA
25.2,PORCENTAJE DE VICTIMIZACIÓN,11,AÑO,2017,13,DEPARTAMENTO,LA LIBERTAD
23,PORCENTAJE DE VICTIMIZACIÓN,12,AÑO,2017,2,DEPARTAMENTO,ÁNCASH
22.4,PORCENTAJE DE VICTIMIZACIÓN,13,AÑO,2017,3,DEPARTAMENTO,APURÍMAC
22.4,PORCENTAJE DE VICTIMIZACIÓN,13,AÑO,2017,1599,DEPARTAMENTO,REGIÓN LIMA
21.6,PORCENTAJE DE VICTIMIZACIÓN,15,AÑO,2017,16,DEPARTAMENTO,LORETO
21.5,PORCENTAJE DE VICTIMIZACIÓN,16,AÑO,2017,19,DEPARTAMENTO,PASCO
19,PORCENTAJE DE VICTIMIZACIÓN,17,AÑO,2017,20,DEPARTAMENTO,PIURA
18.6,PORCENTAJE DE VICTIMIZACIÓN,18,AÑO,2017,14,DEPARTAMENTO,LAMBAYEQUE
18.6,PORCENTAJE DE VICTIMIZACIÓN,18,AÑO,2017,24,DEPARTAMENTO,TUMBES
18.4,PORCENTAJE DE VICTIMIZACIÓN,20,AÑO,2017,11,DEPARTAMENTO,ICA
18.2,PORCENTAJE DE VICTIMIZACIÓN,21,AÑO,2017,18,DEPARTAMENTO,MOQUEGUA
17.8,PORCENTAJE DE VICTIMIZACIÓN,22,AÑO,2017,6,DEPARTAMENTO,CAJAMARCA
17.3,PORCENTAJE DE VICTIMIZACIÓN,23,AÑO,2017,25,DEPARTAMENTO,UCAYALI
16.4,PORCENTAJE DE VICTIMIZACIÓN,24,AÑO,2017,10,DEPARTAMENTO,HUÁNUCO
15.8,PORCENTAJE DE VICTIMIZACIÓN,25,AÑO,2017,1,DEPARTAMENTO,AMAZONAS
15,PORCENTAJE DE VICTIMIZACIÓN,26,AÑO,2017,22,DEPARTAMENTO,SAN MARTÍN
25.7,PORCENTAJE DE VICTIMIZACIÓN,0,AÑO,2018,0,NACIONAL,NACIONAL
39.6,PORCENTAJE DE VICTIMIZACIÓN,1,AÑO,2018,21,DEPARTAMENTO,PUNO
38.2,PORCENTAJE DE VICTIMIZACIÓN,2,AÑO,2018,12,DEPARTAMENTO,JUNÍN
38,PORCENTAJE DE VICTIMIZACIÓN,3,AÑO,2018,23,DEPARTAMENTO,TACNA
35.5,PORCENTAJE DE VICTIMIZACIÓN,4,AÑO,2018,8,DEPARTAMENTO,CUSCO
32.9,PORCENTAJE DE VICTIMIZACIÓN,5,AÑO,2018,17,DEPARTAMENTO,MADRE DE DIOS
28.4,PORCENTAJE DE VICTIMIZACIÓN,6,AÑO,2018,1501,DEPARTAMENTO,LIMA METROPOLITANA
27.9,PORCENTAJE DE VICTIMIZACIÓN,7,AÑO,2018,5,DEPARTAMENTO,AYACUCHO
27.4,PORCENTAJE DE VICTIMIZACIÓN,8,AÑO,2018,9,DEPARTAMENTO,HUANCAVELICA
27.3,PORCENTAJE DE VICTIMIZACIÓN,9,AÑO,2018,7,DEPARTAMENTO,PROV. CONST. DEL CALLAO
25.3,PORCENTAJE DE VICTIMIZACIÓN,10,AÑO,2018,4,DEPARTAMENTO,AREQUIPA
23.9,PORCENTAJE DE VICTIMIZACIÓN,11,AÑO,2018,13,DEPARTAMENTO,LA LIBERTAD
23.4,PORCENTAJE DE VICTIMIZACIÓN,12,AÑO,2018,16,DEPARTAMENTO,LORETO
22.8,PORCENTAJE DE VICTIMIZACIÓN,13,AÑO,2018,1599,DEPARTAMENTO,REGIÓN LIMA
21.6,PORCENTAJE DE VICTIMIZACIÓN,14,AÑO,2018,2,DEPARTAMENTO,ÁNCASH
21.5,PORCENTAJE DE VICTIMIZACIÓN,15,AÑO,2018,3,DEPARTAMENTO,APURÍMAC
20.2,PORCENTAJE DE VICTIMIZACIÓN,16,AÑO,2018,19,DEPARTAMENTO,PASCO
18.3,PORCENTAJE DE VICTIMIZACIÓN,17,AÑO,2018,20,DEPARTAMENTO,PIURA
18.1,PORCENTAJE DE VICTIMIZACIÓN,18,AÑO,2018,11,DEPARTAMENTO,ICA
18,PORCENTAJE DE VICTIMIZACIÓN,19,AÑO,2018,24,DEPARTAMENTO,TUMBES
17.4,PORCENTAJE DE VICTIMIZACIÓN,20,AÑO,2018,10,DEPARTAMENTO,HUÁNUCO
17.3,PORCENTAJE DE VICTIMIZACIÓN,21,AÑO,2018,1,DEPARTAMENTO,AMAZONAS
16.3,PORCENTAJE DE VICTIMIZACIÓN,22,AÑO,2018,6,DEPARTAMENTO,CAJAMARCA
15.9,PORCENTAJE DE VICTIMIZACIÓN,23,AÑO,2018,25,DEPARTAMENTO,UCAYALI
14.7,PORCENTAJE DE VICTIMIZACIÓN,24,AÑO,2018,18,DEPARTAMENTO,MOQUEGUA
13.7,PORCENTAJE DE VICTIMIZACIÓN,25,AÑO,2018,14,DEPARTAMENTO,LAMBAYEQUE
12.9,PORCENTAJE DE VICTIMIZACIÓN,26,AÑO,2018,22,DEPARTAMENTO,SAN MARTÍN
26.6,PORCENTAJE DE VICTIMIZACIÓN,0,AÑO,2019,0,NACIONAL,NACIONAL
40.6,PORCENTAJE DE VICTIMIZACIÓN,1,AÑO,2019,21,DEPARTAMENTO,PUNO
35.4,PORCENTAJE DE VICTIMIZACIÓN,2,AÑO,2019,17,DEPARTAMENTO,MADRE DE DIOS
34.9,PORCENTAJE DE VICTIMIZACIÓN,3,AÑO,2019,12,DEPARTAMENTO,JUNÍN
34.8,PORCENTAJE DE VICTIMIZACIÓN,4,AÑO,2019,23,DEPARTAMENTO,TACNA
33.9,PORCENTAJE DE VICTIMIZACIÓN,5,AÑO,2019,8,DEPARTAMENTO,CUSCO
30.9,PORCENTAJE DE VICTIMIZACIÓN,6,AÑO,2019,1501,DEPARTAMENTO,LIMA METROPOLITANA
28.9,PORCENTAJE DE VICTIMIZACIÓN,7,AÑO,2019,7,DEPARTAMENTO,PROV. CONST. DEL CALLAO
26.8,PORCENTAJE DE VICTIMIZACIÓN,8,AÑO,2019,4,DEPARTAMENTO,AREQUIPA
26.7,PORCENTAJE DE VICTIMIZACIÓN,9,AÑO,2019,3,DEPARTAMENTO,APURÍMAC
26.6,PORCENTAJE DE VICTIMIZACIÓN,10,AÑO,2019,9,DEPARTAMENTO,HUANCAVELICA
24.6,PORCENTAJE DE VICTIMIZACIÓN,11,AÑO,2019,5,DEPARTAMENTO,AYACUCHO
24.1,PORCENTAJE DE VICTIMIZACIÓN,12,AÑO,2019,13,DEPARTAMENTO,LA LIBERTAD
23.4,PORCENTAJE DE VICTIMIZACIÓN,13,AÑO,2019,1599,DEPARTAMENTO,REGIÓN LIMA
22.7,PORCENTAJE DE VICTIMIZACIÓN,14,AÑO,2019,16,DEPARTAMENTO,LORETO
22.1,PORCENTAJE DE VICTIMIZACIÓN,15,AÑO,2019,19,DEPARTAMENTO,PASCO
21.8,PORCENTAJE DE VICTIMIZACIÓN,16,AÑO,2019,2,DEPARTAMENTO,ÁNCASH
19.6,PORCENTAJE DE VICTIMIZACIÓN,17,AÑO,2019,24,DEPARTAMENTO,TUMBES
17.5,PORCENTAJE DE VICTIMIZACIÓN,18,AÑO,2019,1,DEPARTAMENTO,AMAZONAS
17.4,PORCENTAJE DE VICTIMIZACIÓN,19,AÑO,2019,11,DEPARTAMENTO,ICA
16.7,PORCENTAJE DE VICTIMIZACIÓN,20,AÑO,2019,10,DEPARTAMENTO,HUÁNUCO
16.6,PORCENTAJE DE VICTIMIZACIÓN,21,AÑO,2019,25,DEPARTAMENTO,UCAYALI
16.4,PORCENTAJE DE VICTIMIZACIÓN,22,AÑO,2019,20,DEPARTAMENTO,PIURA
15.9,PORCENTAJE DE VICTIMIZACIÓN,23,AÑO,2019,14,DEPARTAMENTO,LAMBAYEQUE
15.8,PORCENTAJE DE VICTIMIZACIÓN,24,AÑO,2019,18,DEPARTAMENTO,MOQUEGUA
14.4,PORCENTAJE DE VICTIMIZACIÓN,25,AÑO,2019,6,DEPARTAMENTO,CAJAMARCA
12.6,PORCENTAJE DE VICTIMIZACIÓN,26,AÑO,2019,22,DEPARTAMENTO,SAN MARTÍN
23.4,PORCENTAJE DE VICTIMIZACIÓN,0,AÑO,2020,0,NACIONAL,NACIONAL
34,PORCENTAJE DE VICTIMIZACIÓN,1,AÑO,2020,12,DEPARTAMENTO,JUNÍN
32.6,PORCENTAJE DE VICTIMIZACIÓN,2,AÑO,2020,21,DEPARTAMENTO,PUNO
32.4,PORCENTAJE DE VICTIMIZACIÓN,3,AÑO,2020,8,DEPARTAMENTO,CUSCO
29.1,PORCENTAJE DE VICTIMIZACIÓN,4,AÑO,2020,23,DEPARTAMENTO,TACNA
27.9,PORCENTAJE DE VICTIMIZACIÓN,5,AÑO,2020,1501,DEPARTAMENTO,LIMA METROPOLITANA
26.6,PORCENTAJE DE VICTIMIZACIÓN,6,AÑO,2020,7,DEPARTAMENTO,PROV. CONST. DEL CALLAO
24.7,PORCENTAJE DE VICTIMIZACIÓN,7,AÑO,2020,3,DEPARTAMENTO,APURÍMAC
23.3,PORCENTAJE DE VICTIMIZACIÓN,8,AÑO,2020,5,DEPARTAMENTO,AYACUCHO
23,PORCENTAJE DE VICTIMIZACIÓN,9,AÑO,2020,17,DEPARTAMENTO,MADRE DE DIOS
22.8,PORCENTAJE DE VICTIMIZACIÓN,10,AÑO,2020,13,DEPARTAMENTO,LA LIBERTAD
22.6,PORCENTAJE DE VICTIMIZACIÓN,11,AÑO,2020,9,DEPARTAMENTO,HUANCAVELICA
19.5,PORCENTAJE DE VICTIMIZACIÓN,12,AÑO,2020,1599,DEPARTAMENTO,REGIÓN LIMA
18.5,PORCENTAJE DE VICTIMIZACIÓN,13,AÑO,2020,4,DEPARTAMENTO,AREQUIPA
18.1,PORCENTAJE DE VICTIMIZACIÓN,14,AÑO,2020,16,DEPARTAMENTO,LORETO
16.7,PORCENTAJE DE VICTIMIZACIÓN,15,AÑO,2020,14,DEPARTAMENTO,LAMBAYEQUE
16.6,PORCENTAJE DE VICTIMIZACIÓN,16,AÑO,2020,19,DEPARTAMENTO,PASCO
16.4,PORCENTAJE DE VICTIMIZACIÓN,17,AÑO,2020,18,DEPARTAMENTO,MOQUEGUA
16,PORCENTAJE DE VICTIMIZACIÓN,18,AÑO,2020,25,DEPARTAMENTO,UCAYALI
15.9,PORCENTAJE DE VICTIMIZACIÓN,19,AÑO,2020,2,DEPARTAMENTO,ÁNCASH
15,PORCENTAJE DE VICTIMIZACIÓN,20,AÑO,2020,11,DEPARTAMENTO,ICA
14.6,PORCENTAJE DE VICTIMIZACIÓN,21,AÑO,2020,20,DEPARTAMENTO,PIURA
14.5,PORCENTAJE DE VICTIMIZACIÓN,22,AÑO,2020,1,DEPARTAMENTO,AMAZONAS
13.6,PORCENTAJE DE VICTIMIZACIÓN,23,AÑO,2020,10,DEPARTAMENTO,HUÁNUCO
13,PORCENTAJE DE VICTIMIZACIÓN,24,AÑO,2020,6,DEPARTAMENTO,CAJAMARCA
12.4,PORCENTAJE DE VICTIMIZACIÓN,25,AÑO,2020,24,DEPARTAMENTO,TUMBES
9.9,PORCENTAJE DE VICTIMIZACIÓN,26,AÑO,2020,22,DEPARTAMENTO,SAN MARTÍN
18.2,PORCENTAJE DE VICTIMIZACIÓN,0,AÑO,2021,0,NACIONAL,NACIONAL
24.5,PORCENTAJE DE VICTIMIZACIÓN,1,AÑO,2021,8,DEPARTAMENTO,CUSCO
24.4,PORCENTAJE DE VICTIMIZACIÓN,2,AÑO,2021,17,DEPARTAMENTO,MADRE DE DIOS
23.3,PORCENTAJE DE VICTIMIZACIÓN,3,AÑO,2021,21,DEPARTAMENTO,PUNO
22.5,PORCENTAJE DE VICTIMIZACIÓN,4,AÑO,2021,12,DEPARTAMENTO,JUNÍN
22.2,PORCENTAJE DE VICTIMIZACIÓN,5,AÑO,2021,1501,DEPARTAMENTO,LIMA METROPOLITANA
20,PORCENTAJE DE VICTIMIZACIÓN,6,AÑO,2021,13,DEPARTAMENTO,LA LIBERTAD
19.9,PORCENTAJE DE VICTIMIZACIÓN,7,AÑO,2021,7,DEPARTAMENTO,PROV. CONST. DEL CALLAO
17.7,PORCENTAJE DE VICTIMIZACIÓN,8,AÑO,2021,23,DEPARTAMENTO,TACNA
17.1,PORCENTAJE DE VICTIMIZACIÓN,9,AÑO,2021,5,DEPARTAMENTO,AYACUCHO
16.9,PORCENTAJE DE VICTIMIZACIÓN,10,AÑO,2021,16,DEPARTAMENTO,LORETO
16.6,PORCENTAJE DE VICTIMIZACIÓN,11,AÑO,2021,9,DEPARTAMENTO,HUANCAVELICA
15.6,PORCENTAJE DE VICTIMIZACIÓN,12,AÑO,2021,3,DEPARTAMENTO,APURÍMAC
15,PORCENTAJE DE VICTIMIZACIÓN,13,AÑO,2021,4,DEPARTAMENTO,AREQUIPA
14.2,PORCENTAJE DE VICTIMIZACIÓN,14,AÑO,2021,11,DEPARTAMENTO,ICA
13.9,PORCENTAJE DE VICTIMIZACIÓN,15,AÑO,2021,1599,DEPARTAMENTO,REGIÓN LIMA
13.1,PORCENTAJE DE VICTIMIZACIÓN,16,AÑO,2021,25,DEPARTAMENTO,UCAYALI
13,PORCENTAJE DE VICTIMIZACIÓN,17,AÑO,2021,10,DEPARTAMENTO,HUÁNUCO
12.7,PORCENTAJE DE VICTIMIZACIÓN,18,AÑO,2021,19,DEPARTAMENTO,PASCO
12,PORCENTAJE DE VICTIMIZACIÓN,19,AÑO,2021,18,DEPARTAMENTO,MOQUEGUA
11.7,PORCENTAJE DE VICTIMIZACIÓN,20,AÑO,2021,14,DEPARTAMENTO,LAMBAYEQUE
10.8,PORCENTAJE DE VICTIMIZACIÓN,21,AÑO,2021,2,DEPARTAMENTO,ÁNCASH
10.6,PORCENTAJE DE VICTIMIZACIÓN,22,AÑO,2021,1,DEPARTAMENTO,AMAZONAS
10.3,PORCENTAJE DE VICTIMIZACIÓN,23,AÑO,2021,20,DEPARTAMENTO,PIURA
10.2,PORCENTAJE DE VICTIMIZACIÓN,24,AÑO,2021,24,DEPARTAMENTO,TUMBES
8.6,PORCENTAJE DE VICTIMIZACIÓN,25,AÑO,2021,6,DEPARTAMENTO,CAJAMARCA
8.4,PORCENTAJE DE VICTIMIZACIÓN,26,AÑO,2021,22,DEPARTAMENTO,SAN MARTÍN
22.9,PORCENTAJE DE VICTIMIZACIÓN,0,AÑO,2022,0,NACIONAL,NACIONAL
29.7,PORCENTAJE DE VICTIMIZACIÓN,1,AÑO,2022,21,DEPARTAMENTO,PUNO
28.6,PORCENTAJE DE VICTIMIZACIÓN,2,AÑO,2022,8,DEPARTAMENTO,CUSCO
27.4,PORCENTAJE DE VICTIMIZACIÓN,3,AÑO,2022,23,DEPARTAMENTO,TACNA
26.7,PORCENTAJE DE VICTIMIZACIÓN,4,AÑO,2022,1501,DEPARTAMENTO,LIMA METROPOLITANA
26.6,PORCENTAJE DE VICTIMIZACIÓN,5,AÑO,2022,12,DEPARTAMENTO,JUNÍN
25.7,PORCENTAJE DE VICTIMIZACIÓN,6,AÑO,2022,17,DEPARTAMENTO,MADRE DE DIOS
25.1,PORCENTAJE DE VICTIMIZACIÓN,7,AÑO,2022,4,DEPARTAMENTO,AREQUIPA
23.8,PORCENTAJE DE VICTIMIZACIÓN,8,AÑO,2022,3,DEPARTAMENTO,APURÍMAC
23.8,PORCENTAJE DE VICTIMIZACIÓN,9,AÑO,2022,16,DEPARTAMENTO,LORETO
22.2,PORCENTAJE DE VICTIMIZACIÓN,10,AÑO,2022,7,DEPARTAMENTO,PROV. CONST. DEL CALLAO
21.6,PORCENTAJE DE VICTIMIZACIÓN,11,AÑO,2022,13,DEPARTAMENTO,LA LIBERTAD
20.8,PORCENTAJE DE VICTIMIZACIÓN,12,AÑO,2022,1599,DEPARTAMENTO,REGIÓN LIMA
20.3,PORCENTAJE DE VICTIMIZACIÓN,13,AÑO,2022,9,DEPARTAMENTO,HUANCAVELICA
20.2,PORCENTAJE DE VICTIMIZACIÓN,14,AÑO,2022,5,DEPARTAMENTO,AYACUCHO
20.1,PORCENTAJE DE VICTIMIZACIÓN,15,AÑO,2022,25,DEPARTAMENTO,UCAYALI
18.4,PORCENTAJE DE VICTIMIZACIÓN,16,AÑO,2022,19,DEPARTAMENTO,PASCO
18.1,PORCENTAJE DE VICTIMIZACIÓN,17,AÑO,2022,20,DEPARTAMENTO,PIURA
17.4,PORCENTAJE DE VICTIMIZACIÓN,18,AÑO,2022,2,DEPARTAMENTO,ÁNCASH
15.7,PORCENTAJE DE VICTIMIZACIÓN,19,AÑO,2022,11,DEPARTAMENTO,ICA
15.5,PORCENTAJE DE VICTIMIZACIÓN,20,AÑO,2022,18,DEPARTAMENTO,MOQUEGUA
14.5,PORCENTAJE DE VICTIMIZACIÓN,21,AÑO,2022,22,DEPARTAMENTO,SAN MARTÍN
13.6,PORCENTAJE DE VICTIMIZACIÓN,22,AÑO,2022,1,DEPARTAMENTO,AMAZONAS
13.6,PORCENTAJE DE VICTIMIZACIÓN,23,AÑO,2022,14,DEPARTAMENTO,LAMBAYEQUE
12.6,PORCENTAJE DE VICTIMIZACIÓN,24,AÑO,2022,24,DEPARTAMENTO,TUMBES
12.2,PORCENTAJE DE VICTIMIZACIÓN,25,AÑO,2022,10,DEPARTAMENTO,HUÁNUCO
11.5,PORCENTAJE DE VICTIMIZACIÓN,26,AÑO,2022,6,DEPARTAMENTO,CAJAMARCA
27.1,PORCENTAJE DE VICTIMIZACIÓN,0,AÑO,2023,0,NACIONAL,NACIONAL
33.1,PORCENTAJE DE VICTIMIZACIÓN,1,AÑO,2023,21,DEPARTAMENTO,PUNO
32.6,PORCENTAJE DE VICTIMIZACIÓN,2,AÑO,2023,1501,DEPARTAMENTO,LIMA METROPOLITANA
32,PORCENTAJE DE VICTIMIZACIÓN,3,AÑO,2023,17,DEPARTAMENTO,MADRE DE DIOS
31.5,PORCENTAJE DE VICTIMIZACIÓN,4,AÑO,2023,23,DEPARTAMENTO,TACNA
30.4,PORCENTAJE DE VICTIMIZACIÓN,5,AÑO,2023,4,DEPARTAMENTO,AREQUIPA
29.4,PORCENTAJE DE VICTIMIZACIÓN,6,AÑO,2023,8,DEPARTAMENTO,CUSCO
29.2,PORCENTAJE DE VICTIMIZACIÓN,7,AÑO,2023,7,DEPARTAMENTO,PROV. CONST. DEL CALLAO
28.7,PORCENTAJE DE VICTIMIZACIÓN,8,AÑO,2023,12,DEPARTAMENTO,JUNÍN
27,PORCENTAJE DE VICTIMIZACIÓN,9,AÑO,2023,20,DEPARTAMENTO,PIURA
25.1,PORCENTAJE DE VICTIMIZACIÓN,10,AÑO,2023,5,DEPARTAMENTO,AYACUCHO
24.2,PORCENTAJE DE VICTIMIZACIÓN,11,AÑO,2023,1599,DEPARTAMENTO,REGIÓN LIMA
23.6,PORCENTAJE DE VICTIMIZACIÓN,12,AÑO,2023,9,DEPARTAMENTO,HUANCAVELICA
22.5,PORCENTAJE DE VICTIMIZACIÓN,13,AÑO,2023,13,DEPARTAMENTO,LA LIBERTAD
21.9,PORCENTAJE DE VICTIMIZACIÓN,14,AÑO,2023,25,DEPARTAMENTO,UCAYALI
20.3,PORCENTAJE DE VICTIMIZACIÓN,15,AÑO,2023,3,DEPARTAMENTO,APURÍMAC
20.1,PORCENTAJE DE VICTIMIZACIÓN,16,AÑO,2023,16,DEPARTAMENTO,LORETO
19.5,PORCENTAJE DE VICTIMIZACIÓN,17,AÑO,2023,11,DEPARTAMENTO,ICA
19,PORCENTAJE DE VICTIMIZACIÓN,18,AÑO,2023,19,DEPARTAMENTO,PASCO
17.4,PORCENTAJE DE VICTIMIZACIÓN,19,AÑO,2023,24,DEPARTAMENTO,TUMBES
17.2,PORCENTAJE DE VICTIMIZACIÓN,20,AÑO,2023,2,DEPARTAMENTO,ÁNCASH
17.1,PORCENTAJE DE VICTIMIZACIÓN,21,AÑO,2023,18,DEPARTAMENTO,MOQUEGUA
16.7,PORCENTAJE DE VICTIMIZACIÓN,22,AÑO,2023,14,DEPARTAMENTO,LAMBAYEQUE
16.3,PORCENTAJE DE VICTIMIZACIÓN,23,AÑO,2023,22,DEPARTAMENTO,SAN MARTÍN
15.2,PORCENTAJE DE VICTIMIZACIÓN,24,AÑO,2023,1,DEPARTAMENTO,AMAZONAS
15.1,PORCENTAJE DE VICTIMIZACIÓN,25,AÑO,2023,10,DEPARTAMENTO,HUÁNUCO
14.1,PORCENTAJE DE VICTIMIZACIÓN,26,AÑO,2023,6,DEPARTAMENTO,CAJAMARCA
27.1,PORCENTAJE DE VICTIMIZACIÓN,0,AÑO,2024,0,NACIONAL,NACIONAL
35.1,PORCENTAJE DE VICTIMIZACIÓN,1,AÑO,2024,21,DEPARTAMENTO,PUNO
34.8,PORCENTAJE DE VICTIMIZACIÓN,2,AÑO,2024,8,DEPARTAMENTO,CUSCO
34.6,PORCENTAJE DE VICTIMIZACIÓN,3,AÑO,2024,12,DEPARTAMENTO,JUNÍN
34.3,PORCENTAJE DE VICTIMIZACIÓN,4,AÑO,2024,4,DEPARTAMENTO,AREQUIPA
31.3,PORCENTAJE DE VICTIMIZACIÓN,5,AÑO,2024,23,DEPARTAMENTO,TACNA
30.1,PORCENTAJE DE VICTIMIZACIÓN,6,AÑO,2024,1501,DEPARTAMENTO,LIMA METROPOLITANA
28.6,PORCENTAJE DE VICTIMIZACIÓN,7,AÑO,2024,17,DEPARTAMENTO,MADRE DE DIOS
27.7,PORCENTAJE DE VICTIMIZACIÓN,8,AÑO,2024,5,DEPARTAMENTO,AYACUCHO
26.8,PORCENTAJE DE VICTIMIZACIÓN,9,AÑO,2024,9,DEPARTAMENTO,HUANCAVELICA
26.5,PORCENTAJE DE VICTIMIZACIÓN,10,AÑO,2024,20,DEPARTAMENTO,PIURA
26.2,PORCENTAJE DE VICTIMIZACIÓN,11,AÑO,2024,3,DEPARTAMENTO,APURÍMAC
25.7,PORCENTAJE DE VICTIMIZACIÓN,12,AÑO,2024,7,DEPARTAMENTO,PROV. CONST. DEL CALLAO
25.5,PORCENTAJE DE VICTIMIZACIÓN,13,AÑO,2024,11,DEPARTAMENTO,ICA
25,PORCENTAJE DE VICTIMIZACIÓN,14,AÑO,2024,13,DEPARTAMENTO,LA LIBERTAD
24.3,PORCENTAJE DE VICTIMIZACIÓN,15,AÑO,2024,18,DEPARTAMENTO,MOQUEGUA
21.7,PORCENTAJE DE VICTIMIZACIÓN,16,AÑO,2024,16,DEPARTAMENTO,LORETO
20.9,PORCENTAJE DE VICTIMIZACIÓN,17,AÑO,2024,22,DEPARTAMENTO,SAN MARTÍN
20.5,PORCENTAJE DE VICTIMIZACIÓN,18,AÑO,2024,25,DEPARTAMENTO,UCAYALI
19.7,PORCENTAJE DE VICTIMIZACIÓN,19,AÑO,2024,1599,DEPARTAMENTO,REGIÓN LIMA
19,PORCENTAJE DE VICTIMIZACIÓN,20,AÑO,2024,19,DEPARTAMENTO,PASCO
18.1,PORCENTAJE DE VICTIMIZACIÓN,21,AÑO,2024,1,DEPARTAMENTO,AMAZONAS
17.6,PORCENTAJE DE VICTIMIZACIÓN,22,AÑO,2024,2,DEPARTAMENTO,ÁNCASH
16.9,PORCENTAJE DE VICTIMIZACIÓN,23,AÑO,2024,14,DEPARTAMENTO,LAMBAYEQUE
16.3,PORCENTAJE DE VICTIMIZACIÓN,24,AÑO,2024,24,DEPARTAMENTO,TUMBES
14.6,PORCENTAJE DE VICTIMIZACIÓN,25,AÑO,2024,10,DEPARTAMENTO,HUÁNUCO
14.1,PORCENTAJE DE VICTIMIZACIÓN,26,AÑO,2024,6,DEPARTAMENTO,CAJAMARCA
22,"PORCENTAJE DE VICTIMIZACIÓN POR EL DELITO DE ROBO E INTENTO DE ROBO DE DINERO, CARTERA Y CELULAR",0,AÑO,2013,0,NACIONAL,NACIONAL
28.2,"PORCENTAJE DE VICTIMIZACIÓN POR EL DELITO DE ROBO E INTENTO DE ROBO DE DINERO, CARTERA Y CELULAR",1,AÑO,2013,23,DEPARTAMENTO,TACNA
27.3,"PORCENTAJE DE VICTIMIZACIÓN POR EL DELITO DE ROBO E INTENTO DE ROBO DE DINERO, CARTERA Y CELULAR",2,AÑO,2013,8,DEPARTAMENTO,CUSCO
26.6,"PORCENTAJE DE VICTIMIZACIÓN POR EL DELITO DE ROBO E INTENTO DE ROBO DE DINERO, CARTERA Y CELULAR",3,AÑO,2013,21,DEPARTAMENTO,PUNO
26.1,"PORCENTAJE DE VICTIMIZACIÓN POR EL DELITO DE ROBO E INTENTO DE ROBO DE DINERO, CARTERA Y CELULAR",4,AÑO,2013,12,DEPARTAMENTO,JUNÍN
25.4,"PORCENTAJE DE VICTIMIZACIÓN POR EL DELITO DE ROBO E INTENTO DE ROBO DE DINERO, CARTERA Y CELULAR",5,AÑO,2013,1501,DEPARTAMENTO,LIMA METROPOLITANA
24.6,"PORCENTAJE DE VICTIMIZACIÓN POR EL DELITO DE ROBO E INTENTO DE ROBO DE DINERO, CARTERA Y CELULAR",6,AÑO,2013,4,DEPARTAMENTO,AREQUIPA
23.6,"PORCENTAJE DE VICTIMIZACIÓN POR EL DELITO DE ROBO E INTENTO DE ROBO DE DINERO, CARTERA Y CELULAR",7,AÑO,2013,7,DEPARTAMENTO,PROV. CONST. DEL CALLAO
22.1,"PORCENTAJE DE VICTIMIZACIÓN POR EL DELITO DE ROBO E INTENTO DE ROBO DE DINERO, CARTERA Y CELULAR",8,AÑO,2013,9,DEPARTAMENTO,HUANCAVELICA
20.6,"PORCENTAJE DE VICTIMIZACIÓN POR EL DELITO DE ROBO E INTENTO DE ROBO DE DINERO, CARTERA Y CELULAR",9,AÑO,2013,3,DEPARTAMENTO,APURÍMAC
20.4,"PORCENTAJE DE VICTIMIZACIÓN POR EL DELITO DE ROBO E INTENTO DE ROBO DE DINERO, CARTERA Y CELULAR",10,AÑO,2013,24,DEPARTAMENTO,TUMBES
19.9,"PORCENTAJE DE VICTIMIZACIÓN POR EL DELITO DE ROBO E INTENTO DE ROBO DE DINERO, CARTERA Y CELULAR",11,AÑO,2013,5,DEPARTAMENTO,AYACUCHO
19.2,"PORCENTAJE DE VICTIMIZACIÓN POR EL DELITO DE ROBO E INTENTO DE ROBO DE DINERO, CARTERA Y CELULAR",12,AÑO,2013,18,DEPARTAMENTO,MOQUEGUA
18.5,"PORCENTAJE DE VICTIMIZACIÓN POR EL DELITO DE ROBO E INTENTO DE ROBO DE DINERO, CARTERA Y CELULAR",13,AÑO,2013,2,DEPARTAMENTO,ÁNCASH
18.5,"PORCENTAJE DE VICTIMIZACIÓN POR EL DELITO DE ROBO E INTENTO DE ROBO DE DINERO, CARTERA Y CELULAR",14,AÑO,2013,19,DEPARTAMENTO,PASCO
18.3,"PORCENTAJE DE VICTIMIZACIÓN POR EL DELITO DE ROBO E INTENTO DE ROBO DE DINERO, CARTERA Y CELULAR",15,AÑO,2013,13,DEPARTAMENTO,LA LIBERTAD
18.1,"PORCENTAJE DE VICTIMIZACIÓN POR EL DELITO DE ROBO E INTENTO DE ROBO DE DINERO, CARTERA Y CELULAR",16,AÑO,2013,10,DEPARTAMENTO,HUÁNUCO
18.1,"PORCENTAJE DE VICTIMIZACIÓN POR EL DELITO DE ROBO E INTENTO DE ROBO DE DINERO, CARTERA Y CELULAR",17,AÑO,2013,20,DEPARTAMENTO,PIURA
17.8,"PORCENTAJE DE VICTIMIZACIÓN POR EL DELITO DE ROBO E INTENTO DE ROBO DE DINERO, CARTERA Y CELULAR",18,AÑO,2013,14,DEPARTAMENTO,LAMBAYEQUE
16.7,"PORCENTAJE DE VICTIMIZACIÓN POR EL DELITO DE ROBO E INTENTO DE ROBO DE DINERO, CARTERA Y CELULAR",19,AÑO,2013,11,DEPARTAMENTO,ICA
16.4,"PORCENTAJE DE VICTIMIZACIÓN POR EL DELITO DE ROBO E INTENTO DE ROBO DE DINERO, CARTERA Y CELULAR",20,AÑO,2013,1599,DEPARTAMENTO,REGIÓN LIMA
15.5,"PORCENTAJE DE VICTIMIZACIÓN POR EL DELITO DE ROBO E INTENTO DE ROBO DE DINERO, CARTERA Y CELULAR",21,AÑO,2013,16,DEPARTAMENTO,LORETO
15.4,"PORCENTAJE DE VICTIMIZACIÓN POR EL DELITO DE ROBO E INTENTO DE ROBO DE DINERO, CARTERA Y CELULAR",22,AÑO,2013,6,DEPARTAMENTO,CAJAMARCA
14.5,"PORCENTAJE DE VICTIMIZACIÓN POR EL DELITO DE ROBO E INTENTO DE ROBO DE DINERO, CARTERA Y CELULAR",23,AÑO,2013,17,DEPARTAMENTO,MADRE DE DIOS
14.4,"PORCENTAJE DE VICTIMIZACIÓN POR EL DELITO DE ROBO E INTENTO DE ROBO DE DINERO, CARTERA Y CELULAR",24,AÑO,2013,25,DEPARTAMENTO,UCAYALI
8.6,"PORCENTAJE DE VICTIMIZACIÓN POR EL DELITO DE ROBO E INTENTO DE ROBO DE DINERO, CARTERA Y CELULAR",25,AÑO,2013,1,DEPARTAMENTO,AMAZONAS
7.9,"PORCENTAJE DE VICTIMIZACIÓN POR EL DELITO DE ROBO E INTENTO DE ROBO DE DINERO, CARTERA Y CELULAR",26,AÑO,2013,22,DEPARTAMENTO,SAN MARTÍN
20.4,"PORCENTAJE DE VICTIMIZACIÓN POR EL DELITO DE ROBO E INTENTO DE ROBO DE DINERO, CARTERA Y CELULAR",0,AÑO,2014,0,NACIONAL,NACIONAL
27.2,"PORCENTAJE DE VICTIMIZACIÓN POR EL DELITO DE ROBO E INTENTO DE ROBO DE DINERO, CARTERA Y CELULAR",1,AÑO,2014,21,DEPARTAMENTO,PUNO
26.8,"PORCENTAJE DE VICTIMIZACIÓN POR EL DELITO DE ROBO E INTENTO DE ROBO DE DINERO, CARTERA Y CELULAR",2,AÑO,2014,12,DEPARTAMENTO,JUNÍN
26.6,"PORCENTAJE DE VICTIMIZACIÓN POR EL DELITO DE ROBO E INTENTO DE ROBO DE DINERO, CARTERA Y CELULAR",3,AÑO,2014,23,DEPARTAMENTO,TACNA
23.6,"PORCENTAJE DE VICTIMIZACIÓN POR EL DELITO DE ROBO E INTENTO DE ROBO DE DINERO, CARTERA Y CELULAR",4,AÑO,2014,1501,DEPARTAMENTO,LIMA METROPOLITANA
23.5,"PORCENTAJE DE VICTIMIZACIÓN POR EL DELITO DE ROBO E INTENTO DE ROBO DE DINERO, CARTERA Y CELULAR",5,AÑO,2014,4,DEPARTAMENTO,AREQUIPA
23.4,"PORCENTAJE DE VICTIMIZACIÓN POR EL DELITO DE ROBO E INTENTO DE ROBO DE DINERO, CARTERA Y CELULAR",6,AÑO,2014,8,DEPARTAMENTO,CUSCO
20.5,"PORCENTAJE DE VICTIMIZACIÓN POR EL DELITO DE ROBO E INTENTO DE ROBO DE DINERO, CARTERA Y CELULAR",7,AÑO,2014,7,DEPARTAMENTO,PROV. CONST. DEL CALLAO
18.9,"PORCENTAJE DE VICTIMIZACIÓN POR EL DELITO DE ROBO E INTENTO DE ROBO DE DINERO, CARTERA Y CELULAR",8,AÑO,2014,9,DEPARTAMENTO,HUANCAVELICA
18.6,"PORCENTAJE DE VICTIMIZACIÓN POR EL DELITO DE ROBO E INTENTO DE ROBO DE DINERO, CARTERA Y CELULAR",9,AÑO,2014,13,DEPARTAMENTO,LA LIBERTAD
17.7,"PORCENTAJE DE VICTIMIZACIÓN POR EL DELITO DE ROBO E INTENTO DE ROBO DE DINERO, CARTERA Y CELULAR",10,AÑO,2014,1599,DEPARTAMENTO,REGIÓN LIMA
17.3,"PORCENTAJE DE VICTIMIZACIÓN POR EL DELITO DE ROBO E INTENTO DE ROBO DE DINERO, CARTERA Y CELULAR",11,AÑO,2014,10,DEPARTAMENTO,HUÁNUCO
17.2,"PORCENTAJE DE VICTIMIZACIÓN POR EL DELITO DE ROBO E INTENTO DE ROBO DE DINERO, CARTERA Y CELULAR",12,AÑO,2014,19,DEPARTAMENTO,PASCO
17,"PORCENTAJE DE VICTIMIZACIÓN POR EL DELITO DE ROBO E INTENTO DE ROBO DE DINERO, CARTERA Y CELULAR",13,AÑO,2014,3,DEPARTAMENTO,APURÍMAC
16.7,"PORCENTAJE DE VICTIMIZACIÓN POR EL DELITO DE ROBO E INTENTO DE ROBO DE DINERO, CARTERA Y CELULAR",14,AÑO,2014,14,DEPARTAMENTO,LAMBAYEQUE
16.6,"PORCENTAJE DE VICTIMIZACIÓN POR EL DELITO DE ROBO E INTENTO DE ROBO DE DINERO, CARTERA Y CELULAR",15,AÑO,2014,2,DEPARTAMENTO,ÁNCASH
16.2,"PORCENTAJE DE VICTIMIZACIÓN POR EL DELITO DE ROBO E INTENTO DE ROBO DE DINERO, CARTERA Y CELULAR",16,AÑO,2014,17,DEPARTAMENTO,MADRE DE DIOS
16.1,"PORCENTAJE DE VICTIMIZACIÓN POR EL DELITO DE ROBO E INTENTO DE ROBO DE DINERO, CARTERA Y CELULAR",17,AÑO,2014,5,DEPARTAMENTO,AYACUCHO
15.6,"PORCENTAJE DE VICTIMIZACIÓN POR EL DELITO DE ROBO E INTENTO DE ROBO DE DINERO, CARTERA Y CELULAR",18,AÑO,2014,24,DEPARTAMENTO,TUMBES
15.1,"PORCENTAJE DE VICTIMIZACIÓN POR EL DELITO DE ROBO E INTENTO DE ROBO DE DINERO, CARTERA Y CELULAR",19,AÑO,2014,6,DEPARTAMENTO,CAJAMARCA
14.9,"PORCENTAJE DE VICTIMIZACIÓN POR EL DELITO DE ROBO E INTENTO DE ROBO DE DINERO, CARTERA Y CELULAR",20,AÑO,2014,20,DEPARTAMENTO,PIURA
14.4,"PORCENTAJE DE VICTIMIZACIÓN POR EL DELITO DE ROBO E INTENTO DE ROBO DE DINERO, CARTERA Y CELULAR",21,AÑO,2014,11,DEPARTAMENTO,ICA
14.3,"PORCENTAJE DE VICTIMIZACIÓN POR EL DELITO DE ROBO E INTENTO DE ROBO DE DINERO, CARTERA Y CELULAR",22,AÑO,2014,18,DEPARTAMENTO,MOQUEGUA
14.3,"PORCENTAJE DE VICTIMIZACIÓN POR EL DELITO DE ROBO E INTENTO DE ROBO DE DINERO, CARTERA Y CELULAR",23,AÑO,2014,16,DEPARTAMENTO,LORETO
12.1,"PORCENTAJE DE VICTIMIZACIÓN POR EL DELITO DE ROBO E INTENTO DE ROBO DE DINERO, CARTERA Y CELULAR",24,AÑO,2014,25,DEPARTAMENTO,UCAYALI
7.1,"PORCENTAJE DE VICTIMIZACIÓN POR EL DELITO DE ROBO E INTENTO DE ROBO DE DINERO, CARTERA Y CELULAR",25,AÑO,2014,1,DEPARTAMENTO,AMAZONAS
6.9,"PORCENTAJE DE VICTIMIZACIÓN POR EL DELITO DE ROBO E INTENTO DE ROBO DE DINERO, CARTERA Y CELULAR",26,AÑO,2014,22,DEPARTAMENTO,SAN MARTÍN
19.7,"PORCENTAJE DE VICTIMIZACIÓN POR EL DELITO DE ROBO E INTENTO DE ROBO DE DINERO, CARTERA Y CELULAR",0,AÑO,2015,0,NACIONAL,NACIONAL
29.6,"PORCENTAJE DE VICTIMIZACIÓN POR EL DELITO DE ROBO E INTENTO DE ROBO DE DINERO, CARTERA Y CELULAR",1,AÑO,2015,21,DEPARTAMENTO,PUNO
24.7,"PORCENTAJE DE VICTIMIZACIÓN POR EL DELITO DE ROBO E INTENTO DE ROBO DE DINERO, CARTERA Y CELULAR",2,AÑO,2015,8,DEPARTAMENTO,CUSCO
23.8,"PORCENTAJE DE VICTIMIZACIÓN POR EL DELITO DE ROBO E INTENTO DE ROBO DE DINERO, CARTERA Y CELULAR",3,AÑO,2015,12,DEPARTAMENTO,JUNÍN
23.1,"PORCENTAJE DE VICTIMIZACIÓN POR EL DELITO DE ROBO E INTENTO DE ROBO DE DINERO, CARTERA Y CELULAR",4,AÑO,2015,23,DEPARTAMENTO,TACNA
23,"PORCENTAJE DE VICTIMIZACIÓN POR EL DELITO DE ROBO E INTENTO DE ROBO DE DINERO, CARTERA Y CELULAR",5,AÑO,2015,4,DEPARTAMENTO,AREQUIPA
22.1,"PORCENTAJE DE VICTIMIZACIÓN POR EL DELITO DE ROBO E INTENTO DE ROBO DE DINERO, CARTERA Y CELULAR",6,AÑO,2015,1501,DEPARTAMENTO,LIMA METROPOLITANA
21.2,"PORCENTAJE DE VICTIMIZACIÓN POR EL DELITO DE ROBO E INTENTO DE ROBO DE DINERO, CARTERA Y CELULAR",7,AÑO,2015,7,DEPARTAMENTO,PROV. CONST. DEL CALLAO
19,"PORCENTAJE DE VICTIMIZACIÓN POR EL DELITO DE ROBO E INTENTO DE ROBO DE DINERO, CARTERA Y CELULAR",8,AÑO,2015,9,DEPARTAMENTO,HUANCAVELICA
18.4,"PORCENTAJE DE VICTIMIZACIÓN POR EL DELITO DE ROBO E INTENTO DE ROBO DE DINERO, CARTERA Y CELULAR",9,AÑO,2015,13,DEPARTAMENTO,LA LIBERTAD
17.7,"PORCENTAJE DE VICTIMIZACIÓN POR EL DELITO DE ROBO E INTENTO DE ROBO DE DINERO, CARTERA Y CELULAR",10,AÑO,2015,14,DEPARTAMENTO,LAMBAYEQUE
17.6,"PORCENTAJE DE VICTIMIZACIÓN POR EL DELITO DE ROBO E INTENTO DE ROBO DE DINERO, CARTERA Y CELULAR",11,AÑO,2015,5,DEPARTAMENTO,AYACUCHO
17.1,"PORCENTAJE DE VICTIMIZACIÓN POR EL DELITO DE ROBO E INTENTO DE ROBO DE DINERO, CARTERA Y CELULAR",12,AÑO,2015,3,DEPARTAMENTO,APURÍMAC
16.6,"PORCENTAJE DE VICTIMIZACIÓN POR EL DELITO DE ROBO E INTENTO DE ROBO DE DINERO, CARTERA Y CELULAR",13,AÑO,2015,2,DEPARTAMENTO,ÁNCASH
16.6,"PORCENTAJE DE VICTIMIZACIÓN POR EL DELITO DE ROBO E INTENTO DE ROBO DE DINERO, CARTERA Y CELULAR",14,AÑO,2015,20,DEPARTAMENTO,PIURA
15.9,"PORCENTAJE DE VICTIMIZACIÓN POR EL DELITO DE ROBO E INTENTO DE ROBO DE DINERO, CARTERA Y CELULAR",15,AÑO,2015,10,DEPARTAMENTO,HUÁNUCO
15.8,"PORCENTAJE DE VICTIMIZACIÓN POR EL DELITO DE ROBO E INTENTO DE ROBO DE DINERO, CARTERA Y CELULAR",16,AÑO,2015,1599,DEPARTAMENTO,REGIÓN LIMA
15.5,"PORCENTAJE DE VICTIMIZACIÓN POR EL DELITO DE ROBO E INTENTO DE ROBO DE DINERO, CARTERA Y CELULAR",17,AÑO,2015,19,DEPARTAMENTO,PASCO
15.4,"PORCENTAJE DE VICTIMIZACIÓN POR EL DELITO DE ROBO E INTENTO DE ROBO DE DINERO, CARTERA Y CELULAR",18,AÑO,2015,18,DEPARTAMENTO,MOQUEGUA
15.3,"PORCENTAJE DE VICTIMIZACIÓN POR EL DELITO DE ROBO E INTENTO DE ROBO DE DINERO, CARTERA Y CELULAR",19,AÑO,2015,17,DEPARTAMENTO,MADRE DE DIOS
14.7,"PORCENTAJE DE VICTIMIZACIÓN POR EL DELITO DE ROBO E INTENTO DE ROBO DE DINERO, CARTERA Y CELULAR",20,AÑO,2015,11,DEPARTAMENTO,ICA
13.4,"PORCENTAJE DE VICTIMIZACIÓN POR EL DELITO DE ROBO E INTENTO DE ROBO DE DINERO, CARTERA Y CELULAR",21,AÑO,2015,24,DEPARTAMENTO,TUMBES
12.2,"PORCENTAJE DE VICTIMIZACIÓN POR EL DELITO DE ROBO E INTENTO DE ROBO DE DINERO, CARTERA Y CELULAR",22,AÑO,2015,16,DEPARTAMENTO,LORETO
12,"PORCENTAJE DE VICTIMIZACIÓN POR EL DELITO DE ROBO E INTENTO DE ROBO DE DINERO, CARTERA Y CELULAR",23,AÑO,2015,6,DEPARTAMENTO,CAJAMARCA
10.5,"PORCENTAJE DE VICTIMIZACIÓN POR EL DELITO DE ROBO E INTENTO DE ROBO DE DINERO, CARTERA Y CELULAR",24,AÑO,2015,25,DEPARTAMENTO,UCAYALI
6.8,"PORCENTAJE DE VICTIMIZACIÓN POR EL DELITO DE ROBO E INTENTO DE ROBO DE DINERO, CARTERA Y CELULAR",25,AÑO,2015,1,DEPARTAMENTO,AMAZONAS
5.3,"PORCENTAJE DE VICTIMIZACIÓN POR EL DELITO DE ROBO E INTENTO DE ROBO DE DINERO, CARTERA Y CELULAR",26,AÑO,2015,22,DEPARTAMENTO,SAN MARTÍN
18,"PORCENTAJE DE VICTIMIZACIÓN POR EL DELITO DE ROBO E INTENTO DE ROBO DE DINERO, CARTERA Y CELULAR",0,AÑO,2016,0,NACIONAL,NACIONAL
29.1,"PORCENTAJE DE VICTIMIZACIÓN POR EL DELITO DE ROBO E INTENTO DE ROBO DE DINERO, CARTERA Y CELULAR",1,AÑO,2016,8,DEPARTAMENTO,CUSCO
24.3,"PORCENTAJE DE VICTIMIZACIÓN POR EL DELITO DE ROBO E INTENTO DE ROBO DE DINERO, CARTERA Y CELULAR",2,AÑO,2016,12,DEPARTAMENTO,JUNÍN
24.1,"PORCENTAJE DE VICTIMIZACIÓN POR EL DELITO DE ROBO E INTENTO DE ROBO DE DINERO, CARTERA Y CELULAR",3,AÑO,2016,21,DEPARTAMENTO,PUNO
21.1,"PORCENTAJE DE VICTIMIZACIÓN POR EL DELITO DE ROBO E INTENTO DE ROBO DE DINERO, CARTERA Y CELULAR",4,AÑO,2016,5,DEPARTAMENTO,AYACUCHO
21.1,"PORCENTAJE DE VICTIMIZACIÓN POR EL DELITO DE ROBO E INTENTO DE ROBO DE DINERO, CARTERA Y CELULAR",5,AÑO,2016,7,DEPARTAMENTO,PROV. CONST. DEL CALLAO
21.1,"PORCENTAJE DE VICTIMIZACIÓN POR EL DELITO DE ROBO E INTENTO DE ROBO DE DINERO, CARTERA Y CELULAR",6,AÑO,2016,23,DEPARTAMENTO,TACNA
20.5,"PORCENTAJE DE VICTIMIZACIÓN POR EL DELITO DE ROBO E INTENTO DE ROBO DE DINERO, CARTERA Y CELULAR",7,AÑO,2016,1501,DEPARTAMENTO,LIMA METROPOLITANA
20,"PORCENTAJE DE VICTIMIZACIÓN POR EL DELITO DE ROBO E INTENTO DE ROBO DE DINERO, CARTERA Y CELULAR",8,AÑO,2016,9,DEPARTAMENTO,HUANCAVELICA
19.7,"PORCENTAJE DE VICTIMIZACIÓN POR EL DELITO DE ROBO E INTENTO DE ROBO DE DINERO, CARTERA Y CELULAR",9,AÑO,2016,4,DEPARTAMENTO,AREQUIPA
16.3,"PORCENTAJE DE VICTIMIZACIÓN POR EL DELITO DE ROBO E INTENTO DE ROBO DE DINERO, CARTERA Y CELULAR",10,AÑO,2016,17,DEPARTAMENTO,MADRE DE DIOS
15.8,"PORCENTAJE DE VICTIMIZACIÓN POR EL DELITO DE ROBO E INTENTO DE ROBO DE DINERO, CARTERA Y CELULAR",11,AÑO,2016,13,DEPARTAMENTO,LA LIBERTAD
15.4,"PORCENTAJE DE VICTIMIZACIÓN POR EL DELITO DE ROBO E INTENTO DE ROBO DE DINERO, CARTERA Y CELULAR",12,AÑO,2016,1599,DEPARTAMENTO,REGIÓN LIMA
14.7,"PORCENTAJE DE VICTIMIZACIÓN POR EL DELITO DE ROBO E INTENTO DE ROBO DE DINERO, CARTERA Y CELULAR",13,AÑO,2016,19,DEPARTAMENTO,PASCO
14.4,"PORCENTAJE DE VICTIMIZACIÓN POR EL DELITO DE ROBO E INTENTO DE ROBO DE DINERO, CARTERA Y CELULAR",14,AÑO,2016,3,DEPARTAMENTO,APURÍMAC
14.2,"PORCENTAJE DE VICTIMIZACIÓN POR EL DELITO DE ROBO E INTENTO DE ROBO DE DINERO, CARTERA Y CELULAR",15,AÑO,2016,14,DEPARTAMENTO,LAMBAYEQUE
13.8,"PORCENTAJE DE VICTIMIZACIÓN POR EL DELITO DE ROBO E INTENTO DE ROBO DE DINERO, CARTERA Y CELULAR",16,AÑO,2016,10,DEPARTAMENTO,HUÁNUCO
13.1,"PORCENTAJE DE VICTIMIZACIÓN POR EL DELITO DE ROBO E INTENTO DE ROBO DE DINERO, CARTERA Y CELULAR",17,AÑO,2016,6,DEPARTAMENTO,CAJAMARCA
13,"PORCENTAJE DE VICTIMIZACIÓN POR EL DELITO DE ROBO E INTENTO DE ROBO DE DINERO, CARTERA Y CELULAR",18,AÑO,2016,11,DEPARTAMENTO,ICA
12.9,"PORCENTAJE DE VICTIMIZACIÓN POR EL DELITO DE ROBO E INTENTO DE ROBO DE DINERO, CARTERA Y CELULAR",19,AÑO,2016,20,DEPARTAMENTO,PIURA
12.7,"PORCENTAJE DE VICTIMIZACIÓN POR EL DELITO DE ROBO E INTENTO DE ROBO DE DINERO, CARTERA Y CELULAR",20,AÑO,2016,2,DEPARTAMENTO,ÁNCASH
12,"PORCENTAJE DE VICTIMIZACIÓN POR EL DELITO DE ROBO E INTENTO DE ROBO DE DINERO, CARTERA Y CELULAR",21,AÑO,2016,16,DEPARTAMENTO,LORETO
11.7,"PORCENTAJE DE VICTIMIZACIÓN POR EL DELITO DE ROBO E INTENTO DE ROBO DE DINERO, CARTERA Y CELULAR",22,AÑO,2016,24,DEPARTAMENTO,TUMBES
10.9,"PORCENTAJE DE VICTIMIZACIÓN POR EL DELITO DE ROBO E INTENTO DE ROBO DE DINERO, CARTERA Y CELULAR",23,AÑO,2016,18,DEPARTAMENTO,MOQUEGUA
10.1,"PORCENTAJE DE VICTIMIZACIÓN POR EL DELITO DE ROBO E INTENTO DE ROBO DE DINERO, CARTERA Y CELULAR",24,AÑO,2016,25,DEPARTAMENTO,UCAYALI
7.4,"PORCENTAJE DE VICTIMIZACIÓN POR EL DELITO DE ROBO E INTENTO DE ROBO DE DINERO, CARTERA Y CELULAR",25,AÑO,2016,1,DEPARTAMENTO,AMAZONAS
5.3,"PORCENTAJE DE VICTIMIZACIÓN POR EL DELITO DE ROBO E INTENTO DE ROBO DE DINERO, CARTERA Y CELULAR",26,AÑO,2016,22,DEPARTAMENTO,SAN MARTÍN
17.2,"PORCENTAJE DE VICTIMIZACIÓN POR EL DELITO DE ROBO E INTENTO DE ROBO DE DINERO, CARTERA Y CELULAR",0,AÑO,2017,0,NACIONAL,NACIONAL
26.5,"PORCENTAJE DE VICTIMIZACIÓN POR EL DELITO DE ROBO E INTENTO DE ROBO DE DINERO, CARTERA Y CELULAR",1,AÑO,2017,23,DEPARTAMENTO,TACNA
23.5,"PORCENTAJE DE VICTIMIZACIÓN POR EL DELITO DE ROBO E INTENTO DE ROBO DE DINERO, CARTERA Y CELULAR",2,AÑO,2017,8,DEPARTAMENTO,CUSCO
22.2,"PORCENTAJE DE VICTIMIZACIÓN POR EL DELITO DE ROBO E INTENTO DE ROBO DE DINERO, CARTERA Y CELULAR",3,AÑO,2017,21,DEPARTAMENTO,PUNO
21.1,"PORCENTAJE DE VICTIMIZACIÓN POR EL DELITO DE ROBO E INTENTO DE ROBO DE DINERO, CARTERA Y CELULAR",4,AÑO,2017,12,DEPARTAMENTO,JUNÍN
20.5,"PORCENTAJE DE VICTIMIZACIÓN POR EL DELITO DE ROBO E INTENTO DE ROBO DE DINERO, CARTERA Y CELULAR",5,AÑO,2017,1501,DEPARTAMENTO,LIMA METROPOLITANA
20.2,"PORCENTAJE DE VICTIMIZACIÓN POR EL DELITO DE ROBO E INTENTO DE ROBO DE DINERO, CARTERA Y CELULAR",6,AÑO,2017,7,DEPARTAMENTO,PROV. CONST. DEL CALLAO
18.9,"PORCENTAJE DE VICTIMIZACIÓN POR EL DELITO DE ROBO E INTENTO DE ROBO DE DINERO, CARTERA Y CELULAR",7,AÑO,2017,4,DEPARTAMENTO,AREQUIPA
18.3,"PORCENTAJE DE VICTIMIZACIÓN POR EL DELITO DE ROBO E INTENTO DE ROBO DE DINERO, CARTERA Y CELULAR",8,AÑO,2017,5,DEPARTAMENTO,AYACUCHO
16,"PORCENTAJE DE VICTIMIZACIÓN POR EL DELITO DE ROBO E INTENTO DE ROBO DE DINERO, CARTERA Y CELULAR",9,AÑO,2017,17,DEPARTAMENTO,MADRE DE DIOS
15.3,"PORCENTAJE DE VICTIMIZACIÓN POR EL DELITO DE ROBO E INTENTO DE ROBO DE DINERO, CARTERA Y CELULAR",10,AÑO,2017,13,DEPARTAMENTO,LA LIBERTAD
14.8,"PORCENTAJE DE VICTIMIZACIÓN POR EL DELITO DE ROBO E INTENTO DE ROBO DE DINERO, CARTERA Y CELULAR",11,AÑO,2017,9,DEPARTAMENTO,HUANCAVELICA
14,"PORCENTAJE DE VICTIMIZACIÓN POR EL DELITO DE ROBO E INTENTO DE ROBO DE DINERO, CARTERA Y CELULAR",12,AÑO,2017,14,DEPARTAMENTO,LAMBAYEQUE
13.6,"PORCENTAJE DE VICTIMIZACIÓN POR EL DELITO DE ROBO E INTENTO DE ROBO DE DINERO, CARTERA Y CELULAR",13,AÑO,2017,1599,DEPARTAMENTO,REGIÓN LIMA
13.3,"PORCENTAJE DE VICTIMIZACIÓN POR EL DELITO DE ROBO E INTENTO DE ROBO DE DINERO, CARTERA Y CELULAR",14,AÑO,2017,3,DEPARTAMENTO,APURÍMAC
12,"PORCENTAJE DE VICTIMIZACIÓN POR EL DELITO DE ROBO E INTENTO DE ROBO DE DINERO, CARTERA Y CELULAR",15,AÑO,2017,19,DEPARTAMENTO,PASCO
11.9,"PORCENTAJE DE VICTIMIZACIÓN POR EL DELITO DE ROBO E INTENTO DE ROBO DE DINERO, CARTERA Y CELULAR",16,AÑO,2017,20,DEPARTAMENTO,PIURA
11.5,"PORCENTAJE DE VICTIMIZACIÓN POR EL DELITO DE ROBO E INTENTO DE ROBO DE DINERO, CARTERA Y CELULAR",17,AÑO,2017,24,DEPARTAMENTO,TUMBES
11.5,"PORCENTAJE DE VICTIMIZACIÓN POR EL DELITO DE ROBO E INTENTO DE ROBO DE DINERO, CARTERA Y CELULAR",18,AÑO,2017,6,DEPARTAMENTO,CAJAMARCA
11,"PORCENTAJE DE VICTIMIZACIÓN POR EL DELITO DE ROBO E INTENTO DE ROBO DE DINERO, CARTERA Y CELULAR",19,AÑO,2017,11,DEPARTAMENTO,ICA
11,"PORCENTAJE DE VICTIMIZACIÓN POR EL DELITO DE ROBO E INTENTO DE ROBO DE DINERO, CARTERA Y CELULAR",20,AÑO,2017,18,DEPARTAMENTO,MOQUEGUA
10.9,"PORCENTAJE DE VICTIMIZACIÓN POR EL DELITO DE ROBO E INTENTO DE ROBO DE DINERO, CARTERA Y CELULAR",21,AÑO,2017,16,DEPARTAMENTO,LORETO
10.2,"PORCENTAJE DE VICTIMIZACIÓN POR EL DELITO DE ROBO E INTENTO DE ROBO DE DINERO, CARTERA Y CELULAR",22,AÑO,2017,2,DEPARTAMENTO,ÁNCASH
10.2,"PORCENTAJE DE VICTIMIZACIÓN POR EL DELITO DE ROBO E INTENTO DE ROBO DE DINERO, CARTERA Y CELULAR",23,AÑO,2017,10,DEPARTAMENTO,HUÁNUCO
7.9,"PORCENTAJE DE VICTIMIZACIÓN POR EL DELITO DE ROBO E INTENTO DE ROBO DE DINERO, CARTERA Y CELULAR",24,AÑO,2017,25,DEPARTAMENTO,UCAYALI
6.9,"PORCENTAJE DE VICTIMIZACIÓN POR EL DELITO DE ROBO E INTENTO DE ROBO DE DINERO, CARTERA Y CELULAR",25,AÑO,2017,1,DEPARTAMENTO,AMAZONAS
5.1,"PORCENTAJE DE VICTIMIZACIÓN POR EL DELITO DE ROBO E INTENTO DE ROBO DE DINERO, CARTERA Y CELULAR",26,AÑO,2017,22,DEPARTAMENTO,SAN MARTÍN
16.7,"PORCENTAJE DE VICTIMIZACIÓN POR EL DELITO DE ROBO E INTENTO DE ROBO DE DINERO, CARTERA Y CELULAR",0,AÑO,2018,0,NACIONAL,NACIONAL
24.5,"PORCENTAJE DE VICTIMIZACIÓN POR EL DELITO DE ROBO E INTENTO DE ROBO DE DINERO, CARTERA Y CELULAR",1,AÑO,2018,12,DEPARTAMENTO,JUNÍN
22.5,"PORCENTAJE DE VICTIMIZACIÓN POR EL DELITO DE ROBO E INTENTO DE ROBO DE DINERO, CARTERA Y CELULAR",2,AÑO,2018,21,DEPARTAMENTO,PUNO
21.3,"PORCENTAJE DE VICTIMIZACIÓN POR EL DELITO DE ROBO E INTENTO DE ROBO DE DINERO, CARTERA Y CELULAR",3,AÑO,2018,8,DEPARTAMENTO,CUSCO
20.9,"PORCENTAJE DE VICTIMIZACIÓN POR EL DELITO DE ROBO E INTENTO DE ROBO DE DINERO, CARTERA Y CELULAR",4,AÑO,2018,23,DEPARTAMENTO,TACNA
20.1,"PORCENTAJE DE VICTIMIZACIÓN POR EL DELITO DE ROBO E INTENTO DE ROBO DE DINERO, CARTERA Y CELULAR",5,AÑO,2018,1501,DEPARTAMENTO,LIMA METROPOLITANA
19.6,"PORCENTAJE DE VICTIMIZACIÓN POR EL DELITO DE ROBO E INTENTO DE ROBO DE DINERO, CARTERA Y CELULAR",6,AÑO,2018,7,DEPARTAMENTO,PROV. CONST. DEL CALLAO
18.1,"PORCENTAJE DE VICTIMIZACIÓN POR EL DELITO DE ROBO E INTENTO DE ROBO DE DINERO, CARTERA Y CELULAR",7,AÑO,2018,4,DEPARTAMENTO,AREQUIPA
18,"PORCENTAJE DE VICTIMIZACIÓN POR EL DELITO DE ROBO E INTENTO DE ROBO DE DINERO, CARTERA Y CELULAR",8,AÑO,2018,5,DEPARTAMENTO,AYACUCHO
16.6,"PORCENTAJE DE VICTIMIZACIÓN POR EL DELITO DE ROBO E INTENTO DE ROBO DE DINERO, CARTERA Y CELULAR",9,AÑO,2018,17,DEPARTAMENTO,MADRE DE DIOS
14.1,"PORCENTAJE DE VICTIMIZACIÓN POR EL DELITO DE ROBO E INTENTO DE ROBO DE DINERO, CARTERA Y CELULAR",10,AÑO,2018,13,DEPARTAMENTO,LA LIBERTAD
14,"PORCENTAJE DE VICTIMIZACIÓN POR EL DELITO DE ROBO E INTENTO DE ROBO DE DINERO, CARTERA Y CELULAR",11,AÑO,2018,1599,DEPARTAMENTO,REGIÓN LIMA
13.8,"PORCENTAJE DE VICTIMIZACIÓN POR EL DELITO DE ROBO E INTENTO DE ROBO DE DINERO, CARTERA Y CELULAR",12,AÑO,2018,9,DEPARTAMENTO,HUANCAVELICA
12.7,"PORCENTAJE DE VICTIMIZACIÓN POR EL DELITO DE ROBO E INTENTO DE ROBO DE DINERO, CARTERA Y CELULAR",13,AÑO,2018,3,DEPARTAMENTO,APURÍMAC
11.7,"PORCENTAJE DE VICTIMIZACIÓN POR EL DELITO DE ROBO E INTENTO DE ROBO DE DINERO, CARTERA Y CELULAR",14,AÑO,2018,14,DEPARTAMENTO,LAMBAYEQUE
11.4,"PORCENTAJE DE VICTIMIZACIÓN POR EL DELITO DE ROBO E INTENTO DE ROBO DE DINERO, CARTERA Y CELULAR",15,AÑO,2018,11,DEPARTAMENTO,ICA
11.3,"PORCENTAJE DE VICTIMIZACIÓN POR EL DELITO DE ROBO E INTENTO DE ROBO DE DINERO, CARTERA Y CELULAR",16,AÑO,2018,16,DEPARTAMENTO,LORETO
11.1,"PORCENTAJE DE VICTIMIZACIÓN POR EL DELITO DE ROBO E INTENTO DE ROBO DE DINERO, CARTERA Y CELULAR",17,AÑO,2018,10,DEPARTAMENTO,HUÁNUCO
10.5,"PORCENTAJE DE VICTIMIZACIÓN POR EL DELITO DE ROBO E INTENTO DE ROBO DE DINERO, CARTERA Y CELULAR",18,AÑO,2018,20,DEPARTAMENTO,PIURA
10.3,"PORCENTAJE DE VICTIMIZACIÓN POR EL DELITO DE ROBO E INTENTO DE ROBO DE DINERO, CARTERA Y CELULAR",19,AÑO,2018,6,DEPARTAMENTO,CAJAMARCA
10.2,"PORCENTAJE DE VICTIMIZACIÓN POR EL DELITO DE ROBO E INTENTO DE ROBO DE DINERO, CARTERA Y CELULAR",20,AÑO,2018,24,DEPARTAMENTO,TUMBES
10.2,"PORCENTAJE DE VICTIMIZACIÓN POR EL DELITO DE ROBO E INTENTO DE ROBO DE DINERO, CARTERA Y CELULAR",21,AÑO,2018,19,DEPARTAMENTO,PASCO
9.4,"PORCENTAJE DE VICTIMIZACIÓN POR EL DELITO DE ROBO E INTENTO DE ROBO DE DINERO, CARTERA Y CELULAR",22,AÑO,2018,2,DEPARTAMENTO,ÁNCASH
8.6,"PORCENTAJE DE VICTIMIZACIÓN POR EL DELITO DE ROBO E INTENTO DE ROBO DE DINERO, CARTERA Y CELULAR",23,AÑO,2018,18,DEPARTAMENTO,MOQUEGUA
7.9,"PORCENTAJE DE VICTIMIZACIÓN POR EL DELITO DE ROBO E INTENTO DE ROBO DE DINERO, CARTERA Y CELULAR",24,AÑO,2018,25,DEPARTAMENTO,UCAYALI
7.8,"PORCENTAJE DE VICTIMIZACIÓN POR EL DELITO DE ROBO E INTENTO DE ROBO DE DINERO, CARTERA Y CELULAR",25,AÑO,2018,1,DEPARTAMENTO,AMAZONAS
4.7,"PORCENTAJE DE VICTIMIZACIÓN POR EL DELITO DE ROBO E INTENTO DE ROBO DE DINERO, CARTERA Y CELULAR",26,AÑO,2018,22,DEPARTAMENTO,SAN MARTÍN
18.3,"PORCENTAJE DE VICTIMIZACIÓN POR EL DELITO DE ROBO E INTENTO DE ROBO DE DINERO, CARTERA Y CELULAR",0,AÑO,2019,0,NACIONAL,NACIONAL
25,"PORCENTAJE DE VICTIMIZACIÓN POR EL DELITO DE ROBO E INTENTO DE ROBO DE DINERO, CARTERA Y CELULAR",1,AÑO,2019,21,DEPARTAMENTO,PUNO
24.1,"PORCENTAJE DE VICTIMIZACIÓN POR EL DELITO DE ROBO E INTENTO DE ROBO DE DINERO, CARTERA Y CELULAR",2,AÑO,2019,12,DEPARTAMENTO,JUNÍN
22.8,"PORCENTAJE DE VICTIMIZACIÓN POR EL DELITO DE ROBO E INTENTO DE ROBO DE DINERO, CARTERA Y CELULAR",3,AÑO,2019,1501,DEPARTAMENTO,LIMA METROPOLITANA
21.5,"PORCENTAJE DE VICTIMIZACIÓN POR EL DELITO DE ROBO E INTENTO DE ROBO DE DINERO, CARTERA Y CELULAR",4,AÑO,2019,7,DEPARTAMENTO,PROV. CONST. DEL CALLAO
20.5,"PORCENTAJE DE VICTIMIZACIÓN POR EL DELITO DE ROBO E INTENTO DE ROBO DE DINERO, CARTERA Y CELULAR",5,AÑO,2019,17,DEPARTAMENTO,MADRE DE DIOS
20,"PORCENTAJE DE VICTIMIZACIÓN POR EL DELITO DE ROBO E INTENTO DE ROBO DE DINERO, CARTERA Y CELULAR",6,AÑO,2019,8,DEPARTAMENTO,CUSCO
19.9,"PORCENTAJE DE VICTIMIZACIÓN POR EL DELITO DE ROBO E INTENTO DE ROBO DE DINERO, CARTERA Y CELULAR",7,AÑO,2019,4,DEPARTAMENTO,AREQUIPA
18.5,"PORCENTAJE DE VICTIMIZACIÓN POR EL DELITO DE ROBO E INTENTO DE ROBO DE DINERO, CARTERA Y CELULAR",8,AÑO,2019,23,DEPARTAMENTO,TACNA
17.9,"PORCENTAJE DE VICTIMIZACIÓN POR EL DELITO DE ROBO E INTENTO DE ROBO DE DINERO, CARTERA Y CELULAR",9,AÑO,2019,3,DEPARTAMENTO,APURÍMAC
17.7,"PORCENTAJE DE VICTIMIZACIÓN POR EL DELITO DE ROBO E INTENTO DE ROBO DE DINERO, CARTERA Y CELULAR",10,AÑO,2019,5,DEPARTAMENTO,AYACUCHO
16.7,"PORCENTAJE DE VICTIMIZACIÓN POR EL DELITO DE ROBO E INTENTO DE ROBO DE DINERO, CARTERA Y CELULAR",11,AÑO,2019,9,DEPARTAMENTO,HUANCAVELICA
14.9,"PORCENTAJE DE VICTIMIZACIÓN POR EL DELITO DE ROBO E INTENTO DE ROBO DE DINERO, CARTERA Y CELULAR",12,AÑO,2019,1599,DEPARTAMENTO,REGIÓN LIMA
14.8,"PORCENTAJE DE VICTIMIZACIÓN POR EL DELITO DE ROBO E INTENTO DE ROBO DE DINERO, CARTERA Y CELULAR",13,AÑO,2019,13,DEPARTAMENTO,LA LIBERTAD
13.6,"PORCENTAJE DE VICTIMIZACIÓN POR EL DELITO DE ROBO E INTENTO DE ROBO DE DINERO, CARTERA Y CELULAR",14,AÑO,2019,19,DEPARTAMENTO,PASCO
13.5,"PORCENTAJE DE VICTIMIZACIÓN POR EL DELITO DE ROBO E INTENTO DE ROBO DE DINERO, CARTERA Y CELULAR",15,AÑO,2019,14,DEPARTAMENTO,LAMBAYEQUE
13,"PORCENTAJE DE VICTIMIZACIÓN POR EL DELITO DE ROBO E INTENTO DE ROBO DE DINERO, CARTERA Y CELULAR",16,AÑO,2019,24,DEPARTAMENTO,TUMBES
13,"PORCENTAJE DE VICTIMIZACIÓN POR EL DELITO DE ROBO E INTENTO DE ROBO DE DINERO, CARTERA Y CELULAR",17,AÑO,2019,16,DEPARTAMENTO,LORETO
11.8,"PORCENTAJE DE VICTIMIZACIÓN POR EL DELITO DE ROBO E INTENTO DE ROBO DE DINERO, CARTERA Y CELULAR",18,AÑO,2019,10,DEPARTAMENTO,HUÁNUCO
11.5,"PORCENTAJE DE VICTIMIZACIÓN POR EL DELITO DE ROBO E INTENTO DE ROBO DE DINERO, CARTERA Y CELULAR",19,AÑO,2019,2,DEPARTAMENTO,ÁNCASH
10.6,"PORCENTAJE DE VICTIMIZACIÓN POR EL DELITO DE ROBO E INTENTO DE ROBO DE DINERO, CARTERA Y CELULAR",20,AÑO,2019,20,DEPARTAMENTO,PIURA
10.4,"PORCENTAJE DE VICTIMIZACIÓN POR EL DELITO DE ROBO E INTENTO DE ROBO DE DINERO, CARTERA Y CELULAR",21,AÑO,2019,11,DEPARTAMENTO,ICA
10,"PORCENTAJE DE VICTIMIZACIÓN POR EL DELITO DE ROBO E INTENTO DE ROBO DE DINERO, CARTERA Y CELULAR",22,AÑO,2019,25,DEPARTAMENTO,UCAYALI
9.7,"PORCENTAJE DE VICTIMIZACIÓN POR EL DELITO DE ROBO E INTENTO DE ROBO DE DINERO, CARTERA Y CELULAR",23,AÑO,2019,6,DEPARTAMENTO,CAJAMARCA
9.1,"PORCENTAJE DE VICTIMIZACIÓN POR EL DELITO DE ROBO E INTENTO DE ROBO DE DINERO, CARTERA Y CELULAR",24,AÑO,2019,18,DEPARTAMENTO,MOQUEGUA
8.1,"PORCENTAJE DE VICTIMIZACIÓN POR EL DELITO DE ROBO E INTENTO DE ROBO DE DINERO, CARTERA Y CELULAR",25,AÑO,2019,1,DEPARTAMENTO,AMAZONAS
4.7,"PORCENTAJE DE VICTIMIZACIÓN POR EL DELITO DE ROBO E INTENTO DE ROBO DE DINERO, CARTERA Y CELULAR",26,AÑO,2019,22,DEPARTAMENTO,SAN MARTÍN
16.5,"PORCENTAJE DE VICTIMIZACIÓN POR EL DELITO DE ROBO E INTENTO DE ROBO DE DINERO, CARTERA Y CELULAR",0,AÑO,2020,0,NACIONAL,NACIONAL
24.3,"PORCENTAJE DE VICTIMIZACIÓN POR EL DELITO DE ROBO E INTENTO DE ROBO DE DINERO, CARTERA Y CELULAR",1,AÑO,2020,12,DEPARTAMENTO,JUNÍN
21.8,"PORCENTAJE DE VICTIMIZACIÓN POR EL DELITO DE ROBO E INTENTO DE ROBO DE DINERO, CARTERA Y CELULAR",2,AÑO,2020,21,DEPARTAMENTO,PUNO
21.1,"PORCENTAJE DE VICTIMIZACIÓN POR EL DELITO DE ROBO E INTENTO DE ROBO DE DINERO, CARTERA Y CELULAR",3,AÑO,2020,1501,DEPARTAMENTO,LIMA METROPOLITANA
20.6,"PORCENTAJE DE VICTIMIZACIÓN POR EL DELITO DE ROBO E INTENTO DE ROBO DE DINERO, CARTERA Y CELULAR",4,AÑO,2020,7,DEPARTAMENTO,PROV. CONST. DEL CALLAO
20.5,"PORCENTAJE DE VICTIMIZACIÓN POR EL DELITO DE ROBO E INTENTO DE ROBO DE DINERO, CARTERA Y CELULAR",5,AÑO,2020,8,DEPARTAMENTO,CUSCO
18.6,"PORCENTAJE DE VICTIMIZACIÓN POR EL DELITO DE ROBO E INTENTO DE ROBO DE DINERO, CARTERA Y CELULAR",6,AÑO,2020,23,DEPARTAMENTO,TACNA
16.7,"PORCENTAJE DE VICTIMIZACIÓN POR EL DELITO DE ROBO E INTENTO DE ROBO DE DINERO, CARTERA Y CELULAR",7,AÑO,2020,5,DEPARTAMENTO,AYACUCHO
15.9,"PORCENTAJE DE VICTIMIZACIÓN POR EL DELITO DE ROBO E INTENTO DE ROBO DE DINERO, CARTERA Y CELULAR",8,AÑO,2020,3,DEPARTAMENTO,APURÍMAC
15.5,"PORCENTAJE DE VICTIMIZACIÓN POR EL DELITO DE ROBO E INTENTO DE ROBO DE DINERO, CARTERA Y CELULAR",9,AÑO,2020,17,DEPARTAMENTO,MADRE DE DIOS
14.4,"PORCENTAJE DE VICTIMIZACIÓN POR EL DELITO DE ROBO E INTENTO DE ROBO DE DINERO, CARTERA Y CELULAR",10,AÑO,2020,13,DEPARTAMENTO,LA LIBERTAD
14.1,"PORCENTAJE DE VICTIMIZACIÓN POR EL DELITO DE ROBO E INTENTO DE ROBO DE DINERO, CARTERA Y CELULAR",11,AÑO,2020,4,DEPARTAMENTO,AREQUIPA
14.1,"PORCENTAJE DE VICTIMIZACIÓN POR EL DELITO DE ROBO E INTENTO DE ROBO DE DINERO, CARTERA Y CELULAR",12,AÑO,2020,9,DEPARTAMENTO,HUANCAVELICA
13.7,"PORCENTAJE DE VICTIMIZACIÓN POR EL DELITO DE ROBO E INTENTO DE ROBO DE DINERO, CARTERA Y CELULAR",13,AÑO,2020,14,DEPARTAMENTO,LAMBAYEQUE
11.8,"PORCENTAJE DE VICTIMIZACIÓN POR EL DELITO DE ROBO E INTENTO DE ROBO DE DINERO, CARTERA Y CELULAR",14,AÑO,2020,1599,DEPARTAMENTO,REGIÓN LIMA
11,"PORCENTAJE DE VICTIMIZACIÓN POR EL DELITO DE ROBO E INTENTO DE ROBO DE DINERO, CARTERA Y CELULAR",15,AÑO,2020,16,DEPARTAMENTO,LORETO
10.4,"PORCENTAJE DE VICTIMIZACIÓN POR EL DELITO DE ROBO E INTENTO DE ROBO DE DINERO, CARTERA Y CELULAR",16,AÑO,2020,19,DEPARTAMENTO,PASCO
10.2,"PORCENTAJE DE VICTIMIZACIÓN POR EL DELITO DE ROBO E INTENTO DE ROBO DE DINERO, CARTERA Y CELULAR",17,AÑO,2020,11,DEPARTAMENTO,ICA
9.8,"PORCENTAJE DE VICTIMIZACIÓN POR EL DELITO DE ROBO E INTENTO DE ROBO DE DINERO, CARTERA Y CELULAR",18,AÑO,2020,25,DEPARTAMENTO,UCAYALI
9.5,"PORCENTAJE DE VICTIMIZACIÓN POR EL DELITO DE ROBO E INTENTO DE ROBO DE DINERO, CARTERA Y CELULAR",19,AÑO,2020,6,DEPARTAMENTO,CAJAMARCA
9.1,"PORCENTAJE DE VICTIMIZACIÓN POR EL DELITO DE ROBO E INTENTO DE ROBO DE DINERO, CARTERA Y CELULAR",20,AÑO,2020,18,DEPARTAMENTO,MOQUEGUA
8.9,"PORCENTAJE DE VICTIMIZACIÓN POR EL DELITO DE ROBO E INTENTO DE ROBO DE DINERO, CARTERA Y CELULAR",21,AÑO,2020,20,DEPARTAMENTO,PIURA
8.7,"PORCENTAJE DE VICTIMIZACIÓN POR EL DELITO DE ROBO E INTENTO DE ROBO DE DINERO, CARTERA Y CELULAR",22,AÑO,2020,24,DEPARTAMENTO,TUMBES
8.4,"PORCENTAJE DE VICTIMIZACIÓN POR EL DELITO DE ROBO E INTENTO DE ROBO DE DINERO, CARTERA Y CELULAR",23,AÑO,2020,10,DEPARTAMENTO,HUÁNUCO
7.6,"PORCENTAJE DE VICTIMIZACIÓN POR EL DELITO DE ROBO E INTENTO DE ROBO DE DINERO, CARTERA Y CELULAR",24,AÑO,2020,2,DEPARTAMENTO,ÁNCASH
7,"PORCENTAJE DE VICTIMIZACIÓN POR EL DELITO DE ROBO E INTENTO DE ROBO DE DINERO, CARTERA Y CELULAR",25,AÑO,2020,1,DEPARTAMENTO,AMAZONAS
3.7,"PORCENTAJE DE VICTIMIZACIÓN POR EL DELITO DE ROBO E INTENTO DE ROBO DE DINERO, CARTERA Y CELULAR",26,AÑO,2020,22,DEPARTAMENTO,SAN MARTÍN
11.3,"PORCENTAJE DE VICTIMIZACIÓN POR EL DELITO DE ROBO E INTENTO DE ROBO DE DINERO, CARTERA Y CELULAR",0,AÑO,2021,0,NACIONAL,NACIONAL
15.9,"PORCENTAJE DE VICTIMIZACIÓN POR EL DELITO DE ROBO E INTENTO DE ROBO DE DINERO, CARTERA Y CELULAR",1,AÑO,2021,17,DEPARTAMENTO,MADRE DE DIOS
15,"PORCENTAJE DE VICTIMIZACIÓN POR EL DELITO DE ROBO E INTENTO DE ROBO DE DINERO, CARTERA Y CELULAR",2,AÑO,2021,12,DEPARTAMENTO,JUNÍN
14.9,"PORCENTAJE DE VICTIMIZACIÓN POR EL DELITO DE ROBO E INTENTO DE ROBO DE DINERO, CARTERA Y CELULAR",3,AÑO,2021,1501,DEPARTAMENTO,LIMA METROPOLITANA
13.7,"PORCENTAJE DE VICTIMIZACIÓN POR EL DELITO DE ROBO E INTENTO DE ROBO DE DINERO, CARTERA Y CELULAR",4,AÑO,2021,7,DEPARTAMENTO,PROV. CONST. DEL CALLAO
13.2,"PORCENTAJE DE VICTIMIZACIÓN POR EL DELITO DE ROBO E INTENTO DE ROBO DE DINERO, CARTERA Y CELULAR",5,AÑO,2021,8,DEPARTAMENTO,CUSCO
12.5,"PORCENTAJE DE VICTIMIZACIÓN POR EL DELITO DE ROBO E INTENTO DE ROBO DE DINERO, CARTERA Y CELULAR",6,AÑO,2021,21,DEPARTAMENTO,PUNO
10.8,"PORCENTAJE DE VICTIMIZACIÓN POR EL DELITO DE ROBO E INTENTO DE ROBO DE DINERO, CARTERA Y CELULAR",7,AÑO,2021,13,DEPARTAMENTO,LA LIBERTAD
10.8,"PORCENTAJE DE VICTIMIZACIÓN POR EL DELITO DE ROBO E INTENTO DE ROBO DE DINERO, CARTERA Y CELULAR",8,AÑO,2021,4,DEPARTAMENTO,AREQUIPA
9.7,"PORCENTAJE DE VICTIMIZACIÓN POR EL DELITO DE ROBO E INTENTO DE ROBO DE DINERO, CARTERA Y CELULAR",9,AÑO,2021,5,DEPARTAMENTO,AYACUCHO
9.7,"PORCENTAJE DE VICTIMIZACIÓN POR EL DELITO DE ROBO E INTENTO DE ROBO DE DINERO, CARTERA Y CELULAR",10,AÑO,2021,14,DEPARTAMENTO,LAMBAYEQUE
8.2,"PORCENTAJE DE VICTIMIZACIÓN POR EL DELITO DE ROBO E INTENTO DE ROBO DE DINERO, CARTERA Y CELULAR",11,AÑO,2021,16,DEPARTAMENTO,LORETO
8.1,"PORCENTAJE DE VICTIMIZACIÓN POR EL DELITO DE ROBO E INTENTO DE ROBO DE DINERO, CARTERA Y CELULAR",12,AÑO,2021,23,DEPARTAMENTO,TACNA
7.9,"PORCENTAJE DE VICTIMIZACIÓN POR EL DELITO DE ROBO E INTENTO DE ROBO DE DINERO, CARTERA Y CELULAR",13,AÑO,2021,3,DEPARTAMENTO,APURÍMAC
7.8,"PORCENTAJE DE VICTIMIZACIÓN POR EL DELITO DE ROBO E INTENTO DE ROBO DE DINERO, CARTERA Y CELULAR",14,AÑO,2021,10,DEPARTAMENTO,HUÁNUCO
7.5,"PORCENTAJE DE VICTIMIZACIÓN POR EL DELITO DE ROBO E INTENTO DE ROBO DE DINERO, CARTERA Y CELULAR",15,AÑO,2021,11,DEPARTAMENTO,ICA
7.5,"PORCENTAJE DE VICTIMIZACIÓN POR EL DELITO DE ROBO E INTENTO DE ROBO DE DINERO, CARTERA Y CELULAR",16,AÑO,2021,9,DEPARTAMENTO,HUANCAVELICA
7.1,"PORCENTAJE DE VICTIMIZACIÓN POR EL DELITO DE ROBO E INTENTO DE ROBO DE DINERO, CARTERA Y CELULAR",17,AÑO,2021,1599,DEPARTAMENTO,REGIÓN LIMA
6.7,"PORCENTAJE DE VICTIMIZACIÓN POR EL DELITO DE ROBO E INTENTO DE ROBO DE DINERO, CARTERA Y CELULAR",18,AÑO,2021,25,DEPARTAMENTO,UCAYALI
6.6,"PORCENTAJE DE VICTIMIZACIÓN POR EL DELITO DE ROBO E INTENTO DE ROBO DE DINERO, CARTERA Y CELULAR",19,AÑO,2021,19,DEPARTAMENTO,PASCO
6.2,"PORCENTAJE DE VICTIMIZACIÓN POR EL DELITO DE ROBO E INTENTO DE ROBO DE DINERO, CARTERA Y CELULAR",20,AÑO,2021,20,DEPARTAMENTO,PIURA
5.9,"PORCENTAJE DE VICTIMIZACIÓN POR EL DELITO DE ROBO E INTENTO DE ROBO DE DINERO, CARTERA Y CELULAR",21,AÑO,2021,24,DEPARTAMENTO,TUMBES
5.7,"PORCENTAJE DE VICTIMIZACIÓN POR EL DELITO DE ROBO E INTENTO DE ROBO DE DINERO, CARTERA Y CELULAR",22,AÑO,2021,2,DEPARTAMENTO,ÁNCASH
4.7,"PORCENTAJE DE VICTIMIZACIÓN POR EL DELITO DE ROBO E INTENTO DE ROBO DE DINERO, CARTERA Y CELULAR",23,AÑO,2021,6,DEPARTAMENTO,CAJAMARCA
4.5,"PORCENTAJE DE VICTIMIZACIÓN POR EL DELITO DE ROBO E INTENTO DE ROBO DE DINERO, CARTERA Y CELULAR",24,AÑO,2021,18,DEPARTAMENTO,MOQUEGUA
3.8,"PORCENTAJE DE VICTIMIZACIÓN POR EL DELITO DE ROBO E INTENTO DE ROBO DE DINERO, CARTERA Y CELULAR",25,AÑO,2021,1,DEPARTAMENTO,AMAZONAS
2.5,"PORCENTAJE DE VICTIMIZACIÓN POR EL DELITO DE ROBO E INTENTO DE ROBO DE DINERO, CARTERA Y CELULAR",26,AÑO,2021,22,DEPARTAMENTO,SAN MARTÍN
14.7,"PORCENTAJE DE VICTIMIZACIÓN POR EL DELITO DE ROBO E INTENTO DE ROBO DE DINERO, CARTERA Y CELULAR",0,AÑO,2022,0,NACIONAL,NACIONAL
19.4,"PORCENTAJE DE VICTIMIZACIÓN POR EL DELITO DE ROBO E INTENTO DE ROBO DE DINERO, CARTERA Y CELULAR",1,AÑO,2022,21,DEPARTAMENTO,PUNO
18.9,"PORCENTAJE DE VICTIMIZACIÓN POR EL DELITO DE ROBO E INTENTO DE ROBO DE DINERO, CARTERA Y CELULAR",2,AÑO,2022,1501,DEPARTAMENTO,LIMA METROPOLITANA
18.6,"PORCENTAJE DE VICTIMIZACIÓN POR EL DELITO DE ROBO E INTENTO DE ROBO DE DINERO, CARTERA Y CELULAR",3,AÑO,2022,12,DEPARTAMENTO,JUNÍN
17,"PORCENTAJE DE VICTIMIZACIÓN POR EL DELITO DE ROBO E INTENTO DE ROBO DE DINERO, CARTERA Y CELULAR",4,AÑO,2022,17,DEPARTAMENTO,MADRE DE DIOS
16.4,"PORCENTAJE DE VICTIMIZACIÓN POR EL DELITO DE ROBO E INTENTO DE ROBO DE DINERO, CARTERA Y CELULAR",5,AÑO,2022,4,DEPARTAMENTO,AREQUIPA
16.4,"PORCENTAJE DE VICTIMIZACIÓN POR EL DELITO DE ROBO E INTENTO DE ROBO DE DINERO, CARTERA Y CELULAR",6,AÑO,2022,8,DEPARTAMENTO,CUSCO
14.6,"PORCENTAJE DE VICTIMIZACIÓN POR EL DELITO DE ROBO E INTENTO DE ROBO DE DINERO, CARTERA Y CELULAR",7,AÑO,2022,7,DEPARTAMENTO,PROV. CONST. DEL CALLAO
14.1,"PORCENTAJE DE VICTIMIZACIÓN POR EL DELITO DE ROBO E INTENTO DE ROBO DE DINERO, CARTERA Y CELULAR",8,AÑO,2022,23,DEPARTAMENTO,TACNA
13.6,"PORCENTAJE DE VICTIMIZACIÓN POR EL DELITO DE ROBO E INTENTO DE ROBO DE DINERO, CARTERA Y CELULAR",9,AÑO,2022,5,DEPARTAMENTO,AYACUCHO
13.3,"PORCENTAJE DE VICTIMIZACIÓN POR EL DELITO DE ROBO E INTENTO DE ROBO DE DINERO, CARTERA Y CELULAR",10,AÑO,2022,1599,DEPARTAMENTO,REGIÓN LIMA
12.5,"PORCENTAJE DE VICTIMIZACIÓN POR EL DELITO DE ROBO E INTENTO DE ROBO DE DINERO, CARTERA Y CELULAR",11,AÑO,2022,13,DEPARTAMENTO,LA LIBERTAD
11.4,"PORCENTAJE DE VICTIMIZACIÓN POR EL DELITO DE ROBO E INTENTO DE ROBO DE DINERO, CARTERA Y CELULAR",12,AÑO,2022,16,DEPARTAMENTO,LORETO
11.3,"PORCENTAJE DE VICTIMIZACIÓN POR EL DELITO DE ROBO E INTENTO DE ROBO DE DINERO, CARTERA Y CELULAR",13,AÑO,2022,14,DEPARTAMENTO,LAMBAYEQUE
11,"PORCENTAJE DE VICTIMIZACIÓN POR EL DELITO DE ROBO E INTENTO DE ROBO DE DINERO, CARTERA Y CELULAR",14,AÑO,2022,9,DEPARTAMENTO,HUANCAVELICA
9.9,"PORCENTAJE DE VICTIMIZACIÓN POR EL DELITO DE ROBO E INTENTO DE ROBO DE DINERO, CARTERA Y CELULAR",15,AÑO,2022,3,DEPARTAMENTO,APURÍMAC
9.8,"PORCENTAJE DE VICTIMIZACIÓN POR EL DELITO DE ROBO E INTENTO DE ROBO DE DINERO, CARTERA Y CELULAR",16,AÑO,2022,25,DEPARTAMENTO,UCAYALI
9.5,"PORCENTAJE DE VICTIMIZACIÓN POR EL DELITO DE ROBO E INTENTO DE ROBO DE DINERO, CARTERA Y CELULAR",17,AÑO,2022,19,DEPARTAMENTO,PASCO
9.3,"PORCENTAJE DE VICTIMIZACIÓN POR EL DELITO DE ROBO E INTENTO DE ROBO DE DINERO, CARTERA Y CELULAR",18,AÑO,2022,11,DEPARTAMENTO,ICA
9.1,"PORCENTAJE DE VICTIMIZACIÓN POR EL DELITO DE ROBO E INTENTO DE ROBO DE DINERO, CARTERA Y CELULAR",19,AÑO,2022,20,DEPARTAMENTO,PIURA
8.2,"PORCENTAJE DE VICTIMIZACIÓN POR EL DELITO DE ROBO E INTENTO DE ROBO DE DINERO, CARTERA Y CELULAR",20,AÑO,2022,10,DEPARTAMENTO,HUÁNUCO
7.8,"PORCENTAJE DE VICTIMIZACIÓN POR EL DELITO DE ROBO E INTENTO DE ROBO DE DINERO, CARTERA Y CELULAR",21,AÑO,2022,2,DEPARTAMENTO,ÁNCASH
7.3,"PORCENTAJE DE VICTIMIZACIÓN POR EL DELITO DE ROBO E INTENTO DE ROBO DE DINERO, CARTERA Y CELULAR",22,AÑO,2022,18,DEPARTAMENTO,MOQUEGUA
7.2,"PORCENTAJE DE VICTIMIZACIÓN POR EL DELITO DE ROBO E INTENTO DE ROBO DE DINERO, CARTERA Y CELULAR",23,AÑO,2022,6,DEPARTAMENTO,CAJAMARCA
6.7,"PORCENTAJE DE VICTIMIZACIÓN POR EL DELITO DE ROBO E INTENTO DE ROBO DE DINERO, CARTERA Y CELULAR",24,AÑO,2022,24,DEPARTAMENTO,TUMBES
4.9,"PORCENTAJE DE VICTIMIZACIÓN POR EL DELITO DE ROBO E INTENTO DE ROBO DE DINERO, CARTERA Y CELULAR",25,AÑO,2022,1,DEPARTAMENTO,AMAZONAS
3.8,"PORCENTAJE DE VICTIMIZACIÓN POR EL DELITO DE ROBO E INTENTO DE ROBO DE DINERO, CARTERA Y CELULAR",26,AÑO,2022,22,DEPARTAMENTO,SAN MARTÍN
16.5,"PORCENTAJE DE VICTIMIZACIÓN POR EL DELITO DE ROBO E INTENTO DE ROBO DE DINERO, CARTERA Y CELULAR",0,AÑO,2023,0,NACIONAL,NACIONAL
21.5,"PORCENTAJE DE VICTIMIZACIÓN POR EL DELITO DE ROBO E INTENTO DE ROBO DE DINERO, CARTERA Y CELULAR",1,AÑO,2023,21,DEPARTAMENTO,PUNO
20.8,"PORCENTAJE DE VICTIMIZACIÓN POR EL DELITO DE ROBO E INTENTO DE ROBO DE DINERO, CARTERA Y CELULAR",2,AÑO,2023,1501,DEPARTAMENTO,LIMA METROPOLITANA
20,"PORCENTAJE DE VICTIMIZACIÓN POR EL DELITO DE ROBO E INTENTO DE ROBO DE DINERO, CARTERA Y CELULAR",3,AÑO,2023,12,DEPARTAMENTO,JUNÍN
19.9,"PORCENTAJE DE VICTIMIZACIÓN POR EL DELITO DE ROBO E INTENTO DE ROBO DE DINERO, CARTERA Y CELULAR",4,AÑO,2023,17,DEPARTAMENTO,MADRE DE DIOS
19.5,"PORCENTAJE DE VICTIMIZACIÓN POR EL DELITO DE ROBO E INTENTO DE ROBO DE DINERO, CARTERA Y CELULAR",5,AÑO,2023,4,DEPARTAMENTO,AREQUIPA
18.7,"PORCENTAJE DE VICTIMIZACIÓN POR EL DELITO DE ROBO E INTENTO DE ROBO DE DINERO, CARTERA Y CELULAR",6,AÑO,2023,8,DEPARTAMENTO,CUSCO
18.4,"PORCENTAJE DE VICTIMIZACIÓN POR EL DELITO DE ROBO E INTENTO DE ROBO DE DINERO, CARTERA Y CELULAR",7,AÑO,2023,5,DEPARTAMENTO,AYACUCHO
18.1,"PORCENTAJE DE VICTIMIZACIÓN POR EL DELITO DE ROBO E INTENTO DE ROBO DE DINERO, CARTERA Y CELULAR",8,AÑO,2023,7,DEPARTAMENTO,PROV. CONST. DEL CALLAO
17.9,"PORCENTAJE DE VICTIMIZACIÓN POR EL DELITO DE ROBO E INTENTO DE ROBO DE DINERO, CARTERA Y CELULAR",9,AÑO,2023,23,DEPARTAMENTO,TACNA
14,"PORCENTAJE DE VICTIMIZACIÓN POR EL DELITO DE ROBO E INTENTO DE ROBO DE DINERO, CARTERA Y CELULAR",10,AÑO,2023,1599,DEPARTAMENTO,REGIÓN LIMA
13.6,"PORCENTAJE DE VICTIMIZACIÓN POR EL DELITO DE ROBO E INTENTO DE ROBO DE DINERO, CARTERA Y CELULAR",11,AÑO,2023,9,DEPARTAMENTO,HUANCAVELICA
12.8,"PORCENTAJE DE VICTIMIZACIÓN POR EL DELITO DE ROBO E INTENTO DE ROBO DE DINERO, CARTERA Y CELULAR",12,AÑO,2023,20,DEPARTAMENTO,PIURA
12.4,"PORCENTAJE DE VICTIMIZACIÓN POR EL DELITO DE ROBO E INTENTO DE ROBO DE DINERO, CARTERA Y CELULAR",13,AÑO,2023,3,DEPARTAMENTO,APURÍMAC
12.2,"PORCENTAJE DE VICTIMIZACIÓN POR EL DELITO DE ROBO E INTENTO DE ROBO DE DINERO, CARTERA Y CELULAR",14,AÑO,2023,13,DEPARTAMENTO,LA LIBERTAD
11.6,"PORCENTAJE DE VICTIMIZACIÓN POR EL DELITO DE ROBO E INTENTO DE ROBO DE DINERO, CARTERA Y CELULAR",15,AÑO,2023,14,DEPARTAMENTO,LAMBAYEQUE
10.9,"PORCENTAJE DE VICTIMIZACIÓN POR EL DELITO DE ROBO E INTENTO DE ROBO DE DINERO, CARTERA Y CELULAR",16,AÑO,2023,19,DEPARTAMENTO,PASCO
10.5,"PORCENTAJE DE VICTIMIZACIÓN POR EL DELITO DE ROBO E INTENTO DE ROBO DE DINERO, CARTERA Y CELULAR",17,AÑO,2023,25,DEPARTAMENTO,UCAYALI
10.3,"PORCENTAJE DE VICTIMIZACIÓN POR EL DELITO DE ROBO E INTENTO DE ROBO DE DINERO, CARTERA Y CELULAR",18,AÑO,2023,10,DEPARTAMENTO,HUÁNUCO
10.1,"PORCENTAJE DE VICTIMIZACIÓN POR EL DELITO DE ROBO E INTENTO DE ROBO DE DINERO, CARTERA Y CELULAR",19,AÑO,2023,11,DEPARTAMENTO,ICA
10,"PORCENTAJE DE VICTIMIZACIÓN POR EL DELITO DE ROBO E INTENTO DE ROBO DE DINERO, CARTERA Y CELULAR",20,AÑO,2023,24,DEPARTAMENTO,TUMBES
9.2,"PORCENTAJE DE VICTIMIZACIÓN POR EL DELITO DE ROBO E INTENTO DE ROBO DE DINERO, CARTERA Y CELULAR",21,AÑO,2023,16,DEPARTAMENTO,LORETO
8.8,"PORCENTAJE DE VICTIMIZACIÓN POR EL DELITO DE ROBO E INTENTO DE ROBO DE DINERO, CARTERA Y CELULAR",22,AÑO,2023,6,DEPARTAMENTO,CAJAMARCA
7,"PORCENTAJE DE VICTIMIZACIÓN POR EL DELITO DE ROBO E INTENTO DE ROBO DE DINERO, CARTERA Y CELULAR",23,AÑO,2023,18,DEPARTAMENTO,MOQUEGUA
7,"PORCENTAJE DE VICTIMIZACIÓN POR EL DELITO DE ROBO E INTENTO DE ROBO DE DINERO, CARTERA Y CELULAR",24,AÑO,2023,2,DEPARTAMENTO,ÁNCASH
5.7,"PORCENTAJE DE VICTIMIZACIÓN POR EL DELITO DE ROBO E INTENTO DE ROBO DE DINERO, CARTERA Y CELULAR",25,AÑO,2023,1,DEPARTAMENTO,AMAZONAS
5.3,"PORCENTAJE DE VICTIMIZACIÓN POR EL DELITO DE ROBO E INTENTO DE ROBO DE DINERO, CARTERA Y CELULAR",26,AÑO,2023,22,DEPARTAMENTO,SAN MARTÍN
15.7,"PORCENTAJE DE VICTIMIZACIÓN POR EL DELITO DE ROBO E INTENTO DE ROBO DE DINERO, CARTERA Y CELULAR",0,AÑO,2024,0,NACIONAL,NACIONAL
22.1,"PORCENTAJE DE VICTIMIZACIÓN POR EL DELITO DE ROBO E INTENTO DE ROBO DE DINERO, CARTERA Y CELULAR",1,AÑO,2024,12,DEPARTAMENTO,JUNÍN
21.8,"PORCENTAJE DE VICTIMIZACIÓN POR EL DELITO DE ROBO E INTENTO DE ROBO DE DINERO, CARTERA Y CELULAR",2,AÑO,2024,21,DEPARTAMENTO,PUNO
20.2,"PORCENTAJE DE VICTIMIZACIÓN POR EL DELITO DE ROBO E INTENTO DE ROBO DE DINERO, CARTERA Y CELULAR",3,AÑO,2024,8,DEPARTAMENTO,CUSCO
19.7,"PORCENTAJE DE VICTIMIZACIÓN POR EL DELITO DE ROBO E INTENTO DE ROBO DE DINERO, CARTERA Y CELULAR",4,AÑO,2024,5,DEPARTAMENTO,AYACUCHO
19.6,"PORCENTAJE DE VICTIMIZACIÓN POR EL DELITO DE ROBO E INTENTO DE ROBO DE DINERO, CARTERA Y CELULAR",5,AÑO,2024,4,DEPARTAMENTO,AREQUIPA
19,"PORCENTAJE DE VICTIMIZACIÓN POR EL DELITO DE ROBO E INTENTO DE ROBO DE DINERO, CARTERA Y CELULAR",6,AÑO,2024,1501,DEPARTAMENTO,LIMA METROPOLITANA
17.3,"PORCENTAJE DE VICTIMIZACIÓN POR EL DELITO DE ROBO E INTENTO DE ROBO DE DINERO, CARTERA Y CELULAR",7,AÑO,2024,23,DEPARTAMENTO,TACNA
16.6,"PORCENTAJE DE VICTIMIZACIÓN POR EL DELITO DE ROBO E INTENTO DE ROBO DE DINERO, CARTERA Y CELULAR",8,AÑO,2024,7,DEPARTAMENTO,PROV. CONST. DEL CALLAO
15,"PORCENTAJE DE VICTIMIZACIÓN POR EL DELITO DE ROBO E INTENTO DE ROBO DE DINERO, CARTERA Y CELULAR",9,AÑO,2024,17,DEPARTAMENTO,MADRE DE DIOS
13.7,"PORCENTAJE DE VICTIMIZACIÓN POR EL DELITO DE ROBO E INTENTO DE ROBO DE DINERO, CARTERA Y CELULAR",10,AÑO,2024,9,DEPARTAMENTO,HUANCAVELICA
13.5,"PORCENTAJE DE VICTIMIZACIÓN POR EL DELITO DE ROBO E INTENTO DE ROBO DE DINERO, CARTERA Y CELULAR",11,AÑO,2024,3,DEPARTAMENTO,APURÍMAC
13.1,"PORCENTAJE DE VICTIMIZACIÓN POR EL DELITO DE ROBO E INTENTO DE ROBO DE DINERO, CARTERA Y CELULAR",12,AÑO,2024,13,DEPARTAMENTO,LA LIBERTAD
11.6,"PORCENTAJE DE VICTIMIZACIÓN POR EL DELITO DE ROBO E INTENTO DE ROBO DE DINERO, CARTERA Y CELULAR",13,AÑO,2024,20,DEPARTAMENTO,PIURA
11.4,"PORCENTAJE DE VICTIMIZACIÓN POR EL DELITO DE ROBO E INTENTO DE ROBO DE DINERO, CARTERA Y CELULAR",14,AÑO,2024,18,DEPARTAMENTO,MOQUEGUA
10.9,"PORCENTAJE DE VICTIMIZACIÓN POR EL DELITO DE ROBO E INTENTO DE ROBO DE DINERO, CARTERA Y CELULAR",15,AÑO,2024,14,DEPARTAMENTO,LAMBAYEQUE
10.8,"PORCENTAJE DE VICTIMIZACIÓN POR EL DELITO DE ROBO E INTENTO DE ROBO DE DINERO, CARTERA Y CELULAR",16,AÑO,2024,11,DEPARTAMENTO,ICA
10.5,"PORCENTAJE DE VICTIMIZACIÓN POR EL DELITO DE ROBO E INTENTO DE ROBO DE DINERO, CARTERA Y CELULAR",17,AÑO,2024,1599,DEPARTAMENTO,REGIÓN LIMA
10.4,"PORCENTAJE DE VICTIMIZACIÓN POR EL DELITO DE ROBO E INTENTO DE ROBO DE DINERO, CARTERA Y CELULAR",18,AÑO,2024,19,DEPARTAMENTO,PASCO
9.1,"PORCENTAJE DE VICTIMIZACIÓN POR EL DELITO DE ROBO E INTENTO DE ROBO DE DINERO, CARTERA Y CELULAR",19,AÑO,2024,25,DEPARTAMENTO,UCAYALI
8.9,"PORCENTAJE DE VICTIMIZACIÓN POR EL DELITO DE ROBO E INTENTO DE ROBO DE DINERO, CARTERA Y CELULAR",20,AÑO,2024,16,DEPARTAMENTO,LORETO
8.6,"PORCENTAJE DE VICTIMIZACIÓN POR EL DELITO DE ROBO E INTENTO DE ROBO DE DINERO, CARTERA Y CELULAR",21,AÑO,2024,10,DEPARTAMENTO,HUÁNUCO
7.9,"PORCENTAJE DE VICTIMIZACIÓN POR EL DELITO DE ROBO E INTENTO DE ROBO DE DINERO, CARTERA Y CELULAR",22,AÑO,2024,6,DEPARTAMENTO,CAJAMARCA
7.4,"PORCENTAJE DE VICTIMIZACIÓN POR EL DELITO DE ROBO E INTENTO DE ROBO DE DINERO, CARTERA Y CELULAR",23,AÑO,2024,2,DEPARTAMENTO,ÁNCASH
7.3,"PORCENTAJE DE VICTIMIZACIÓN POR EL DELITO DE ROBO E INTENTO DE ROBO DE DINERO, CARTERA Y CELULAR",24,AÑO,2024,24,DEPARTAMENTO,TUMBES
5.4,"PORCENTAJE DE VICTIMIZACIÓN POR EL DELITO DE ROBO E INTENTO DE ROBO DE DINERO, CARTERA Y CELULAR",25,AÑO,2024,22,DEPARTAMENTO,SAN MARTÍN
5,"PORCENTAJE DE VICTIMIZACIÓN POR EL DELITO DE ROBO E INTENTO DE ROBO DE DINERO, CARTERA Y CELULAR",26,AÑO,2024,1,DEPARTAMENTO,AMAZONAS
11.5,PORCENTAJE DE VICTIMIZACIÓN POR ESTAFA,0,AÑO,2013,0,NACIONAL,NACIONAL
17,PORCENTAJE DE VICTIMIZACIÓN POR ESTAFA,1,AÑO,2013,2,DEPARTAMENTO,ÁNCASH
15.2,PORCENTAJE DE VICTIMIZACIÓN POR ESTAFA,2,AÑO,2013,1501,DEPARTAMENTO,LIMA METROPOLITANA
14.8,PORCENTAJE DE VICTIMIZACIÓN POR ESTAFA,3,AÑO,2013,1599,DEPARTAMENTO,REGIÓN LIMA
14.4,PORCENTAJE DE VICTIMIZACIÓN POR ESTAFA,4,AÑO,2013,18,DEPARTAMENTO,PASCO
13.4,PORCENTAJE DE VICTIMIZACIÓN POR ESTAFA,5,AÑO,2013,13,DEPARTAMENTO,LA LIBERTAD
13.2,PORCENTAJE DE VICTIMIZACIÓN POR ESTAFA,6,AÑO,2013,8,DEPARTAMENTO,CUSCO
13,PORCENTAJE DE VICTIMIZACIÓN POR ESTAFA,7,AÑO,2013,23,DEPARTAMENTO,TACNA
11.8,PORCENTAJE DE VICTIMIZACIÓN POR ESTAFA,8,AÑO,2013,9,DEPARTAMENTO,HUANCAVELICA
11.4,PORCENTAJE DE VICTIMIZACIÓN POR ESTAFA,9,AÑO,2013,19,DEPARTAMENTO,PIURA
11,PORCENTAJE DE VICTIMIZACIÓN POR ESTAFA,10,AÑO,2013,20,DEPARTAMENTO,PROV. CONST. DEL CALLAO
10.6,PORCENTAJE DE VICTIMIZACIÓN POR ESTAFA,11,AÑO,2013,12,DEPARTAMENTO,JUNÍN
10.5,PORCENTAJE DE VICTIMIZACIÓN POR ESTAFA,12,AÑO,2013,25,DEPARTAMENTO,UCAYALI
8.1,PORCENTAJE DE VICTIMIZACIÓN POR ESTAFA,13,AÑO,2013,3,DEPARTAMENTO,APURÍMAC
7.5,PORCENTAJE DE VICTIMIZACIÓN POR ESTAFA,14,AÑO,2013,6,DEPARTAMENTO,CAJAMARCA
7.4,PORCENTAJE DE VICTIMIZACIÓN POR ESTAFA,15,AÑO,2013,24,DEPARTAMENTO,TUMBES
7.1,PORCENTAJE DE VICTIMIZACIÓN POR ESTAFA,16,AÑO,2013,11,DEPARTAMENTO,ICA
6.9,PORCENTAJE DE VICTIMIZACIÓN POR ESTAFA,17,AÑO,2013,15,DEPARTAMENTO,LORETO
6.8,PORCENTAJE DE VICTIMIZACIÓN POR ESTAFA,18,AÑO,2013,16,DEPARTAMENTO,MADRE DE DIOS
5.9,PORCENTAJE DE VICTIMIZACIÓN POR ESTAFA,19,AÑO,2013,10,DEPARTAMENTO,HUÁNUCO
5,PORCENTAJE DE VICTIMIZACIÓN POR ESTAFA,20,AÑO,2013,4,DEPARTAMENTO,AREQUIPA
4.9,PORCENTAJE DE VICTIMIZACIÓN POR ESTAFA,21,AÑO,2013,22,DEPARTAMENTO,SAN MARTÍN
4.8,PORCENTAJE DE VICTIMIZACIÓN POR ESTAFA,22,AÑO,2013,17,DEPARTAMENTO,MOQUEGUA
4.4,PORCENTAJE DE VICTIMIZACIÓN POR ESTAFA,23,AÑO,2013,1,DEPARTAMENTO,AMAZONAS
3.2,PORCENTAJE DE VICTIMIZACIÓN POR ESTAFA,24,AÑO,2013,21,DEPARTAMENTO,PUNO
1.7,PORCENTAJE DE VICTIMIZACIÓN POR ESTAFA,25,AÑO,2013,5,DEPARTAMENTO,AYACUCHO
1,PORCENTAJE DE VICTIMIZACIÓN POR ESTAFA,26,AÑO,2013,14,DEPARTAMENTO,LAMBAYEQUE
7,PORCENTAJE DE VICTIMIZACIÓN POR ESTAFA,0,AÑO,2014,0,NACIONAL,NACIONAL
12,PORCENTAJE DE VICTIMIZACIÓN POR ESTAFA,1,AÑO,2014,1599,DEPARTAMENTO,REGIÓN LIMA
10.8,PORCENTAJE DE VICTIMIZACIÓN POR ESTAFA,2,AÑO,2014,8,DEPARTAMENTO,CUSCO
9.1,PORCENTAJE DE VICTIMIZACIÓN POR ESTAFA,3,AÑO,2014,12,DEPARTAMENTO,JUNÍN
9,PORCENTAJE DE VICTIMIZACIÓN POR ESTAFA,4,AÑO,2014,2,DEPARTAMENTO,ÁNCASH
8.8,PORCENTAJE DE VICTIMIZACIÓN POR ESTAFA,5,AÑO,2014,1501,DEPARTAMENTO,LIMA METROPOLITANA
8.1,PORCENTAJE DE VICTIMIZACIÓN POR ESTAFA,6,AÑO,2014,13,DEPARTAMENTO,LA LIBERTAD
7.7,PORCENTAJE DE VICTIMIZACIÓN POR ESTAFA,7,AÑO,2014,23,DEPARTAMENTO,TACNA
7.6,PORCENTAJE DE VICTIMIZACIÓN POR ESTAFA,8,AÑO,2014,7,DEPARTAMENTO,PROV. CONST. DEL CALLAO
7.3,PORCENTAJE DE VICTIMIZACIÓN POR ESTAFA,9,AÑO,2014,25,DEPARTAMENTO,UCAYALI
6.2,PORCENTAJE DE VICTIMIZACIÓN POR ESTAFA,10,AÑO,2014,9,DEPARTAMENTO,HUANCAVELICA
5.7,PORCENTAJE DE VICTIMIZACIÓN POR ESTAFA,11,AÑO,2014,20,DEPARTAMENTO,PIURA
5.3,PORCENTAJE DE VICTIMIZACIÓN POR ESTAFA,12,AÑO,2014,6,DEPARTAMENTO,CAJAMARCA
4.6,PORCENTAJE DE VICTIMIZACIÓN POR ESTAFA,13,AÑO,2014,16,DEPARTAMENTO,LORETO
4.6,PORCENTAJE DE VICTIMIZACIÓN POR ESTAFA,13,AÑO,2014,22,DEPARTAMENTO,SAN MARTÍN
4.3,PORCENTAJE DE VICTIMIZACIÓN POR ESTAFA,15,AÑO,2014,3,DEPARTAMENTO,APURÍMAC
4.3,PORCENTAJE DE VICTIMIZACIÓN POR ESTAFA,15,AÑO,2014,21,DEPARTAMENTO,PUNO
4,PORCENTAJE DE VICTIMIZACIÓN POR ESTAFA,17,AÑO,2014,19,DEPARTAMENTO,PASCO
3.7,PORCENTAJE DE VICTIMIZACIÓN POR ESTAFA,18,AÑO,2014,18,DEPARTAMENTO,MOQUEGUA
3.3,PORCENTAJE DE VICTIMIZACIÓN POR ESTAFA,19,AÑO,2014,11,DEPARTAMENTO,ICA
3.2,PORCENTAJE DE VICTIMIZACIÓN POR ESTAFA,20,AÑO,2014,1,DEPARTAMENTO,AMAZONAS
2.3,PORCENTAJE DE VICTIMIZACIÓN POR ESTAFA,21,AÑO,2014,10,DEPARTAMENTO,HUÁNUCO
2.1,PORCENTAJE DE VICTIMIZACIÓN POR ESTAFA,22,AÑO,2014,4,DEPARTAMENTO,AREQUIPA
1.9,PORCENTAJE DE VICTIMIZACIÓN POR ESTAFA,23,AÑO,2014,17,DEPARTAMENTO,MADRE DE DIOS
1.4,PORCENTAJE DE VICTIMIZACIÓN POR ESTAFA,24,AÑO,2014,24,DEPARTAMENTO,TUMBES
1.1,PORCENTAJE DE VICTIMIZACIÓN POR ESTAFA,25,AÑO,2014,5,DEPARTAMENTO,AYACUCHO
0.4,PORCENTAJE DE VICTIMIZACIÓN POR ESTAFA,26,AÑO,2014,14,DEPARTAMENTO,LAMBAYEQUE
9,PORCENTAJE DE VICTIMIZACIÓN POR ESTAFA,0,AÑO,2015,0,NACIONAL,NACIONAL
14.5,PORCENTAJE DE VICTIMIZACIÓN POR ESTAFA,1,AÑO,2015,8,DEPARTAMENTO,CUSCO
13.8,PORCENTAJE DE VICTIMIZACIÓN POR ESTAFA,2,AÑO,2015,2,DEPARTAMENTO,ÁNCASH
12.8,PORCENTAJE DE VICTIMIZACIÓN POR ESTAFA,3,AÑO,2015,1599,DEPARTAMENTO,REGIÓN LIMA
12.1,PORCENTAJE DE VICTIMIZACIÓN POR ESTAFA,4,AÑO,2015,1501,DEPARTAMENTO,LIMA METROPOLITANA
10.2,PORCENTAJE DE VICTIMIZACIÓN POR ESTAFA,5,AÑO,2015,7,DEPARTAMENTO,PROV. CONST. DEL CALLAO
10.1,PORCENTAJE DE VICTIMIZACIÓN POR ESTAFA,6,AÑO,2015,9,DEPARTAMENTO,HUANCAVELICA
9.5,PORCENTAJE DE VICTIMIZACIÓN POR ESTAFA,7,AÑO,2015,13,DEPARTAMENTO,LA LIBERTAD
9.2,PORCENTAJE DE VICTIMIZACIÓN POR ESTAFA,8,AÑO,2015,20,DEPARTAMENTO,PIURA
8.2,PORCENTAJE DE VICTIMIZACIÓN POR ESTAFA,9,AÑO,2015,12,DEPARTAMENTO,JUNÍN
8.1,PORCENTAJE DE VICTIMIZACIÓN POR ESTAFA,10,AÑO,2015,25,DEPARTAMENTO,UCAYALI
7.8,PORCENTAJE DE VICTIMIZACIÓN POR ESTAFA,11,AÑO,2015,23,DEPARTAMENTO,TACNA
7.6,PORCENTAJE DE VICTIMIZACIÓN POR ESTAFA,12,AÑO,2015,17,DEPARTAMENTO,MADRE DE DIOS
6.8,PORCENTAJE DE VICTIMIZACIÓN POR ESTAFA,13,AÑO,2015,21,DEPARTAMENTO,PUNO
6.2,PORCENTAJE DE VICTIMIZACIÓN POR ESTAFA,14,AÑO,2015,11,DEPARTAMENTO,ICA
6.2,PORCENTAJE DE VICTIMIZACIÓN POR ESTAFA,14,AÑO,2015,19,DEPARTAMENTO,PASCO
5.3,PORCENTAJE DE VICTIMIZACIÓN POR ESTAFA,16,AÑO,2015,18,DEPARTAMENTO,MOQUEGUA
4.2,PORCENTAJE DE VICTIMIZACIÓN POR ESTAFA,17,AÑO,2015,4,DEPARTAMENTO,AREQUIPA
3.5,PORCENTAJE DE VICTIMIZACIÓN POR ESTAFA,18,AÑO,2015,1,DEPARTAMENTO,AMAZONAS
3.3,PORCENTAJE DE VICTIMIZACIÓN POR ESTAFA,19,AÑO,2015,22,DEPARTAMENTO,SAN MARTÍN
2.7,PORCENTAJE DE VICTIMIZACIÓN POR ESTAFA,20,AÑO,2015,3,DEPARTAMENTO,APURÍMAC
2.7,PORCENTAJE DE VICTIMIZACIÓN POR ESTAFA,20,AÑO,2015,16,DEPARTAMENTO,LORETO
2.4,PORCENTAJE DE VICTIMIZACIÓN POR ESTAFA,22,AÑO,2015,6,DEPARTAMENTO,CAJAMARCA
1.7,PORCENTAJE DE VICTIMIZACIÓN POR ESTAFA,23,AÑO,2015,10,DEPARTAMENTO,HUÁNUCO
1,PORCENTAJE DE VICTIMIZACIÓN POR ESTAFA,24,AÑO,2015,5,DEPARTAMENTO,AYACUCHO
0.8,PORCENTAJE DE VICTIMIZACIÓN POR ESTAFA,25,AÑO,2015,24,DEPARTAMENTO,TUMBES
0.5,PORCENTAJE DE VICTIMIZACIÓN POR ESTAFA,26,AÑO,2015,14,DEPARTAMENTO,LAMBAYEQUE
7.7,PORCENTAJE DE VICTIMIZACIÓN POR ESTAFA,0,AÑO,2016,0,NACIONAL,NACIONAL
15.6,PORCENTAJE DE VICTIMIZACIÓN POR ESTAFA,1,AÑO,2016,2,DEPARTAMENTO,ÁNCASH
13.2,PORCENTAJE DE VICTIMIZACIÓN POR ESTAFA,2,AÑO,2016,9,DEPARTAMENTO,HUANCAVELICA
12.8,PORCENTAJE DE VICTIMIZACIÓN POR ESTAFA,3,AÑO,2016,8,DEPARTAMENTO,CUSCO
12.5,PORCENTAJE DE VICTIMIZACIÓN POR ESTAFA,4,AÑO,2016,17,DEPARTAMENTO,MADRE DE DIOS
11.5,PORCENTAJE DE VICTIMIZACIÓN POR ESTAFA,5,AÑO,2016,23,DEPARTAMENTO,TACNA
10.5,PORCENTAJE DE VICTIMIZACIÓN POR ESTAFA,6,AÑO,2016,13,DEPARTAMENTO,LA LIBERTAD
9.2,PORCENTAJE DE VICTIMIZACIÓN POR ESTAFA,7,AÑO,2016,7,DEPARTAMENTO,PROV. CONST. DEL CALLAO
9.1,PORCENTAJE DE VICTIMIZACIÓN POR ESTAFA,8,AÑO,2016,1501,DEPARTAMENTO,LIMA METROPOLITANA
9,PORCENTAJE DE VICTIMIZACIÓN POR ESTAFA,9,AÑO,2016,19,DEPARTAMENTO,PASCO
8.3,PORCENTAJE DE VICTIMIZACIÓN POR ESTAFA,10,AÑO,2016,11,DEPARTAMENTO,ICA
8.3,PORCENTAJE DE VICTIMIZACIÓN POR ESTAFA,10,AÑO,2016,20,DEPARTAMENTO,PIURA
7.2,PORCENTAJE DE VICTIMIZACIÓN POR ESTAFA,12,AÑO,2016,22,DEPARTAMENTO,SAN MARTÍN
7,PORCENTAJE DE VICTIMIZACIÓN POR ESTAFA,13,AÑO,2016,1599,DEPARTAMENTO,REGIÓN LIMA
6.5,PORCENTAJE DE VICTIMIZACIÓN POR ESTAFA,14,AÑO,2016,25,DEPARTAMENTO,UCAYALI
6.2,PORCENTAJE DE VICTIMIZACIÓN POR ESTAFA,15,AÑO,2016,12,DEPARTAMENTO,JUNÍN
5.7,PORCENTAJE DE VICTIMIZACIÓN POR ESTAFA,16,AÑO,2016,21,DEPARTAMENTO,PUNO
4.1,PORCENTAJE DE VICTIMIZACIÓN POR ESTAFA,17,AÑO,2016,3,DEPARTAMENTO,APURÍMAC
4,PORCENTAJE DE VICTIMIZACIÓN POR ESTAFA,18,AÑO,2016,16,DEPARTAMENTO,LORETO
2.9,PORCENTAJE DE VICTIMIZACIÓN POR ESTAFA,19,AÑO,2016,6,DEPARTAMENTO,CAJAMARCA
2.5,PORCENTAJE DE VICTIMIZACIÓN POR ESTAFA,20,AÑO,2016,4,DEPARTAMENTO,AREQUIPA
2.2,PORCENTAJE DE VICTIMIZACIÓN POR ESTAFA,21,AÑO,2016,18,DEPARTAMENTO,MOQUEGUA
1.9,PORCENTAJE DE VICTIMIZACIÓN POR ESTAFA,22,AÑO,2016,1,DEPARTAMENTO,AMAZONAS
1.3,PORCENTAJE DE VICTIMIZACIÓN POR ESTAFA,23,AÑO,2016,10,DEPARTAMENTO,HUÁNUCO
1.2,PORCENTAJE DE VICTIMIZACIÓN POR ESTAFA,24,AÑO,2016,5,DEPARTAMENTO,AYACUCHO
0.7,PORCENTAJE DE VICTIMIZACIÓN POR ESTAFA,25,AÑO,2016,24,DEPARTAMENTO,TUMBES
0.6,PORCENTAJE DE VICTIMIZACIÓN POR ESTAFA,26,AÑO,2016,14,DEPARTAMENTO,LAMBAYEQUE
5.3,PORCENTAJE DE VICTIMIZACIÓN POR ESTAFA,0,AÑO,2017,0,NACIONAL,NACIONAL
17.9,PORCENTAJE DE VICTIMIZACIÓN POR ESTAFA,1,AÑO,2017,23,DEPARTAMENTO,TACNA
10.2,PORCENTAJE DE VICTIMIZACIÓN POR ESTAFA,2,AÑO,2017,8,DEPARTAMENTO,CUSCO
10.1,PORCENTAJE DE VICTIMIZACIÓN POR ESTAFA,3,AÑO,2017,2,DEPARTAMENTO,ÁNCASH
8.1,PORCENTAJE DE VICTIMIZACIÓN POR ESTAFA,4,AÑO,2017,9,DEPARTAMENTO,HUANCAVELICA
7.8,PORCENTAJE DE VICTIMIZACIÓN POR ESTAFA,5,AÑO,2017,12,DEPARTAMENTO,JUNÍN
7.3,PORCENTAJE DE VICTIMIZACIÓN POR ESTAFA,6,AÑO,2017,21,DEPARTAMENTO,PUNO
6.6,PORCENTAJE DE VICTIMIZACIÓN POR ESTAFA,7,AÑO,2017,17,DEPARTAMENTO,MADRE DE DIOS
6,PORCENTAJE DE VICTIMIZACIÓN POR ESTAFA,8,AÑO,2017,1599,DEPARTAMENTO,REGIÓN LIMA
5.8,PORCENTAJE DE VICTIMIZACIÓN POR ESTAFA,9,AÑO,2017,19,DEPARTAMENTO,PASCO
5.4,PORCENTAJE DE VICTIMIZACIÓN POR ESTAFA,10,AÑO,2017,1501,DEPARTAMENTO,LIMA METROPOLITANA
5.3,PORCENTAJE DE VICTIMIZACIÓN POR ESTAFA,11,AÑO,2017,13,DEPARTAMENTO,LA LIBERTAD
5.3,PORCENTAJE DE VICTIMIZACIÓN POR ESTAFA,11,AÑO,2017,7,DEPARTAMENTO,PROV. CONST. DEL CALLAO
4.6,PORCENTAJE DE VICTIMIZACIÓN POR ESTAFA,13,AÑO,2017,3,DEPARTAMENTO,APURÍMAC
4.6,PORCENTAJE DE VICTIMIZACIÓN POR ESTAFA,13,AÑO,2017,25,DEPARTAMENTO,UCAYALI
4.2,PORCENTAJE DE VICTIMIZACIÓN POR ESTAFA,15,AÑO,2017,4,DEPARTAMENTO,AREQUIPA
4.1,PORCENTAJE DE VICTIMIZACIÓN POR ESTAFA,16,AÑO,2017,11,DEPARTAMENTO,ICA
3.9,PORCENTAJE DE VICTIMIZACIÓN POR ESTAFA,17,AÑO,2017,5,DEPARTAMENTO,AYACUCHO
3.9,PORCENTAJE DE VICTIMIZACIÓN POR ESTAFA,17,AÑO,2017,20,DEPARTAMENTO,PIURA
3.1,PORCENTAJE DE VICTIMIZACIÓN POR ESTAFA,19,AÑO,2017,22,DEPARTAMENTO,SAN MARTÍN
3,PORCENTAJE DE VICTIMIZACIÓN POR ESTAFA,20,AÑO,2017,1,DEPARTAMENTO,AMAZONAS
2.9,PORCENTAJE DE VICTIMIZACIÓN POR ESTAFA,21,AÑO,2017,16,DEPARTAMENTO,LORETO
2.8,PORCENTAJE DE VICTIMIZACIÓN POR ESTAFA,22,AÑO,2017,18,DEPARTAMENTO,MOQUEGUA
2.1,PORCENTAJE DE VICTIMIZACIÓN POR ESTAFA,23,AÑO,2017,6,DEPARTAMENTO,CAJAMARCA
1.5,PORCENTAJE DE VICTIMIZACIÓN POR ESTAFA,24,AÑO,2017,10,DEPARTAMENTO,HUÁNUCO
1.3,PORCENTAJE DE VICTIMIZACIÓN POR ESTAFA,25,AÑO,2017,24,DEPARTAMENTO,TUMBES
0.8,PORCENTAJE DE VICTIMIZACIÓN POR ESTAFA,26,AÑO,2017,14,DEPARTAMENTO,LAMBAYEQUE
5.2,PORCENTAJE DE VICTIMIZACIÓN POR ESTAFA,0,AÑO,2018,0,NACIONAL,NACIONAL
15.7,PORCENTAJE DE VICTIMIZACIÓN POR ESTAFA,1,AÑO,2018,23,DEPARTAMENTO,TACNA
12.3,PORCENTAJE DE VICTIMIZACIÓN POR ESTAFA,2,AÑO,2018,21,DEPARTAMENTO,PUNO
12.1,PORCENTAJE DE VICTIMIZACIÓN POR ESTAFA,3,AÑO,2018,17,DEPARTAMENTO,MADRE DE DIOS
10.7,PORCENTAJE DE VICTIMIZACIÓN POR ESTAFA,4,AÑO,2018,12,DEPARTAMENTO,JUNÍN
10.6,PORCENTAJE DE VICTIMIZACIÓN POR ESTAFA,5,AÑO,2018,8,DEPARTAMENTO,CUSCO
8.9,PORCENTAJE DE VICTIMIZACIÓN POR ESTAFA,6,AÑO,2018,9,DEPARTAMENTO,HUANCAVELICA
8.5,PORCENTAJE DE VICTIMIZACIÓN POR ESTAFA,7,AÑO,2018,2,DEPARTAMENTO,ÁNCASH
6.8,PORCENTAJE DE VICTIMIZACIÓN POR ESTAFA,8,AÑO,2018,19,DEPARTAMENTO,PASCO
6.2,PORCENTAJE DE VICTIMIZACIÓN POR ESTAFA,9,AÑO,2018,1599,DEPARTAMENTO,REGIÓN LIMA
6,PORCENTAJE DE VICTIMIZACIÓN POR ESTAFA,10,AÑO,2018,13,DEPARTAMENTO,LA LIBERTAD
5,PORCENTAJE DE VICTIMIZACIÓN POR ESTAFA,11,AÑO,2018,1501,DEPARTAMENTO,LIMA METROPOLITANA
4.7,PORCENTAJE DE VICTIMIZACIÓN POR ESTAFA,12,AÑO,2018,5,DEPARTAMENTO,AYACUCHO
4.2,PORCENTAJE DE VICTIMIZACIÓN POR ESTAFA,13,AÑO,2018,25,DEPARTAMENTO,UCAYALI
4.1,PORCENTAJE DE VICTIMIZACIÓN POR ESTAFA,14,AÑO,2018,7,DEPARTAMENTO,PROV. CONST. DEL CALLAO
3.8,PORCENTAJE DE VICTIMIZACIÓN POR ESTAFA,15,AÑO,2018,1,DEPARTAMENTO,AMAZONAS
3.4,PORCENTAJE DE VICTIMIZACIÓN POR ESTAFA,16,AÑO,2018,20,DEPARTAMENTO,PIURA
3.4,PORCENTAJE DE VICTIMIZACIÓN POR ESTAFA,16,AÑO,2018,24,DEPARTAMENTO,TUMBES
3.2,PORCENTAJE DE VICTIMIZACIÓN POR ESTAFA,18,AÑO,2018,3,DEPARTAMENTO,APURÍMAC
3.2,PORCENTAJE DE VICTIMIZACIÓN POR ESTAFA,18,AÑO,2018,4,DEPARTAMENTO,AREQUIPA
3.1,PORCENTAJE DE VICTIMIZACIÓN POR ESTAFA,20,AÑO,2018,16,DEPARTAMENTO,LORETO
2.6,PORCENTAJE DE VICTIMIZACIÓN POR ESTAFA,21,AÑO,2018,6,DEPARTAMENTO,CAJAMARCA
2.4,PORCENTAJE DE VICTIMIZACIÓN POR ESTAFA,22,AÑO,2018,22,DEPARTAMENTO,SAN MARTÍN
2.3,PORCENTAJE DE VICTIMIZACIÓN POR ESTAFA,23,AÑO,2018,18,DEPARTAMENTO,MOQUEGUA
1.9,PORCENTAJE DE VICTIMIZACIÓN POR ESTAFA,24,AÑO,2018,11,DEPARTAMENTO,ICA
1.3,PORCENTAJE DE VICTIMIZACIÓN POR ESTAFA,25,AÑO,2018,10,DEPARTAMENTO,HUÁNUCO
0.2,PORCENTAJE DE VICTIMIZACIÓN POR ESTAFA,26,AÑO,2018,14,DEPARTAMENTO,LAMBAYEQUE
4.3,PORCENTAJE DE VICTIMIZACIÓN POR ESTAFA,0,AÑO,2019,0,NACIONAL,NACIONAL
12.2,PORCENTAJE DE VICTIMIZACIÓN POR ESTAFA,1,AÑO,2019,23,DEPARTAMENTO,TACNA
12,PORCENTAJE DE VICTIMIZACIÓN POR ESTAFA,2,AÑO,2019,21,DEPARTAMENTO,PUNO
10.7,PORCENTAJE DE VICTIMIZACIÓN POR ESTAFA,3,AÑO,2019,17,DEPARTAMENTO,MADRE DE DIOS
8.5,PORCENTAJE DE VICTIMIZACIÓN POR ESTAFA,4,AÑO,2019,8,DEPARTAMENTO,CUSCO
8.2,PORCENTAJE DE VICTIMIZACIÓN POR ESTAFA,5,AÑO,2019,2,DEPARTAMENTO,ÁNCASH
6.4,PORCENTAJE DE VICTIMIZACIÓN POR ESTAFA,6,AÑO,2019,9,DEPARTAMENTO,HUANCAVELICA
6.2,PORCENTAJE DE VICTIMIZACIÓN POR ESTAFA,7,AÑO,2019,13,DEPARTAMENTO,LA LIBERTAD
5.9,PORCENTAJE DE VICTIMIZACIÓN POR ESTAFA,8,AÑO,2019,12,DEPARTAMENTO,JUNÍN
5,PORCENTAJE DE VICTIMIZACIÓN POR ESTAFA,9,AÑO,2019,19,DEPARTAMENTO,PASCO
4.7,PORCENTAJE DE VICTIMIZACIÓN POR ESTAFA,10,AÑO,2019,1599,DEPARTAMENTO,REGIÓN LIMA
3.9,PORCENTAJE DE VICTIMIZACIÓN POR ESTAFA,11,AÑO,2019,1501,DEPARTAMENTO,LIMA METROPOLITANA
3.9,PORCENTAJE DE VICTIMIZACIÓN POR ESTAFA,12,AÑO,2019,1,DEPARTAMENTO,AMAZONAS
3.5,PORCENTAJE DE VICTIMIZACIÓN POR ESTAFA,13,AÑO,2019,7,DEPARTAMENTO,PROV. CONST. DEL CALLAO
3.1,PORCENTAJE DE VICTIMIZACIÓN POR ESTAFA,14,AÑO,2019,11,DEPARTAMENTO,ICA
3.1,PORCENTAJE DE VICTIMIZACIÓN POR ESTAFA,15,AÑO,2019,4,DEPARTAMENTO,AREQUIPA
2.9,PORCENTAJE DE VICTIMIZACIÓN POR ESTAFA,16,AÑO,2019,20,DEPARTAMENTO,PIURA
2.8,PORCENTAJE DE VICTIMIZACIÓN POR ESTAFA,17,AÑO,2019,25,DEPARTAMENTO,UCAYALI
2.7,PORCENTAJE DE VICTIMIZACIÓN POR ESTAFA,18,AÑO,2019,24,DEPARTAMENTO,TUMBES
2.6,PORCENTAJE DE VICTIMIZACIÓN POR ESTAFA,19,AÑO,2019,3,DEPARTAMENTO,APURÍMAC
2.3,PORCENTAJE DE VICTIMIZACIÓN POR ESTAFA,20,AÑO,2019,18,DEPARTAMENTO,MOQUEGUA
2.2,PORCENTAJE DE VICTIMIZACIÓN POR ESTAFA,21,AÑO,2019,22,DEPARTAMENTO,SAN MARTÍN
2.2,PORCENTAJE DE VICTIMIZACIÓN POR ESTAFA,22,AÑO,2019,16,DEPARTAMENTO,LORETO
2,PORCENTAJE DE VICTIMIZACIÓN POR ESTAFA,23,AÑO,2019,5,DEPARTAMENTO,AYACUCHO
1.5,PORCENTAJE DE VICTIMIZACIÓN POR ESTAFA,24,AÑO,2019,6,DEPARTAMENTO,CAJAMARCA
1.4,PORCENTAJE DE VICTIMIZACIÓN POR ESTAFA,25,AÑO,2019,10,DEPARTAMENTO,HUÁNUCO
0.5,PORCENTAJE DE VICTIMIZACIÓN POR ESTAFA,26,AÑO,2019,14,DEPARTAMENTO,LAMBAYEQUE
3.2,PORCENTAJE DE VICTIMIZACIÓN POR ESTAFA,0,AÑO,2020,0,NACIONAL,NACIONAL
7.1,PORCENTAJE DE VICTIMIZACIÓN POR ESTAFA,1,AÑO,2020,8,DEPARTAMENTO,CUSCO
6.3,PORCENTAJE DE VICTIMIZACIÓN POR ESTAFA,2,AÑO,2020,23,DEPARTAMENTO,TACNA
6.2,PORCENTAJE DE VICTIMIZACIÓN POR ESTAFA,3,AÑO,2020,2,DEPARTAMENTO,ÁNCASH
6.1,PORCENTAJE DE VICTIMIZACIÓN POR ESTAFA,4,AÑO,2020,21,DEPARTAMENTO,PUNO
5.7,PORCENTAJE DE VICTIMIZACIÓN POR ESTAFA,5,AÑO,2020,9,DEPARTAMENTO,HUANCAVELICA
5,PORCENTAJE DE VICTIMIZACIÓN POR ESTAFA,6,AÑO,2020,13,DEPARTAMENTO,LA LIBERTAD
4.1,PORCENTAJE DE VICTIMIZACIÓN POR ESTAFA,7,AÑO,2020,12,DEPARTAMENTO,JUNÍN
4,PORCENTAJE DE VICTIMIZACIÓN POR ESTAFA,8,AÑO,2020,19,DEPARTAMENTO,PASCO
3.9,PORCENTAJE DE VICTIMIZACIÓN POR ESTAFA,9,AÑO,2020,1599,DEPARTAMENTO,REGIÓN LIMA
3.7,PORCENTAJE DE VICTIMIZACIÓN POR ESTAFA,10,AÑO,2020,17,DEPARTAMENTO,MADRE DE DIOS
3.2,PORCENTAJE DE VICTIMIZACIÓN POR ESTAFA,11,AÑO,2020,1501,DEPARTAMENTO,LIMA METROPOLITANA
3.1,PORCENTAJE DE VICTIMIZACIÓN POR ESTAFA,12,AÑO,2020,25,DEPARTAMENTO,UCAYALI
3,PORCENTAJE DE VICTIMIZACIÓN POR ESTAFA,13,AÑO,2020,18,DEPARTAMENTO,MOQUEGUA
2.8,PORCENTAJE DE VICTIMIZACIÓN POR ESTAFA,14,AÑO,2020,7,DEPARTAMENTO,PROV. CONST. DEL CALLAO
2.6,PORCENTAJE DE VICTIMIZACIÓN POR ESTAFA,15,AÑO,2020,3,DEPARTAMENTO,APURÍMAC
2.4,PORCENTAJE DE VICTIMIZACIÓN POR ESTAFA,16,AÑO,2020,22,DEPARTAMENTO,SAN MARTÍN
2.3,PORCENTAJE DE VICTIMIZACIÓN POR ESTAFA,17,AÑO,2020,5,DEPARTAMENTO,AYACUCHO
2.3,PORCENTAJE DE VICTIMIZACIÓN POR ESTAFA,18,AÑO,2020,11,DEPARTAMENTO,ICA
2.2,PORCENTAJE DE VICTIMIZACIÓN POR ESTAFA,19,AÑO,2020,1,DEPARTAMENTO,AMAZONAS
2,PORCENTAJE DE VICTIMIZACIÓN POR ESTAFA,20,AÑO,2020,20,DEPARTAMENTO,PIURA
1.4,PORCENTAJE DE VICTIMIZACIÓN POR ESTAFA,21,AÑO,2020,4,DEPARTAMENTO,AREQUIPA
1.4,PORCENTAJE DE VICTIMIZACIÓN POR ESTAFA,22,AÑO,2020,10,DEPARTAMENTO,HUÁNUCO
1,PORCENTAJE DE VICTIMIZACIÓN POR ESTAFA,23,AÑO,2020,16,DEPARTAMENTO,LORETO
0.9,PORCENTAJE DE VICTIMIZACIÓN POR ESTAFA,24,AÑO,2020,24,DEPARTAMENTO,TUMBES
0.8,PORCENTAJE DE VICTIMIZACIÓN POR ESTAFA,25,AÑO,2020,6,DEPARTAMENTO,CAJAMARCA
0.2,PORCENTAJE DE VICTIMIZACIÓN POR ESTAFA,26,AÑO,2020,14,DEPARTAMENTO,LAMBAYEQUE
2.8,PORCENTAJE DE VICTIMIZACIÓN POR ESTAFA,0,AÑO,2021,0,NACIONAL,NACIONAL
6.9,PORCENTAJE DE VICTIMIZACIÓN POR ESTAFA,1,AÑO,2021,8,DEPARTAMENTO,CUSCO
6.2,PORCENTAJE DE VICTIMIZACIÓN POR ESTAFA,2,AÑO,2021,21,DEPARTAMENTO,PUNO
5.7,PORCENTAJE DE VICTIMIZACIÓN POR ESTAFA,3,AÑO,2021,13,DEPARTAMENTO,LA LIBERTAD
5.1,PORCENTAJE DE VICTIMIZACIÓN POR ESTAFA,4,AÑO,2021,9,DEPARTAMENTO,HUANCAVELICA
5.1,PORCENTAJE DE VICTIMIZACIÓN POR ESTAFA,4,AÑO,2021,23,DEPARTAMENTO,TACNA
3.8,PORCENTAJE DE VICTIMIZACIÓN POR ESTAFA,6,AÑO,2021,1599,DEPARTAMENTO,REGIÓN LIMA
3.5,PORCENTAJE DE VICTIMIZACIÓN POR ESTAFA,7,AÑO,2021,17,DEPARTAMENTO,MADRE DE DIOS
3,PORCENTAJE DE VICTIMIZACIÓN POR ESTAFA,8,AÑO,2021,2,DEPARTAMENTO,ÁNCASH
2.8,PORCENTAJE DE VICTIMIZACIÓN POR ESTAFA,9,AÑO,2021,1501,DEPARTAMENTO,LIMA METROPOLITANA
2.8,PORCENTAJE DE VICTIMIZACIÓN POR ESTAFA,9,AÑO,2021,25,DEPARTAMENTO,UCAYALI
2.7,PORCENTAJE DE VICTIMIZACIÓN POR ESTAFA,11,AÑO,2021,12,DEPARTAMENTO,JUNÍN
2.7,PORCENTAJE DE VICTIMIZACIÓN POR ESTAFA,11,AÑO,2021,19,DEPARTAMENTO,PASCO
2.4,PORCENTAJE DE VICTIMIZACIÓN POR ESTAFA,13,AÑO,2021,16,DEPARTAMENTO,LORETO
2.1,PORCENTAJE DE VICTIMIZACIÓN POR ESTAFA,14,AÑO,2021,11,DEPARTAMENTO,ICA
2.1,PORCENTAJE DE VICTIMIZACIÓN POR ESTAFA,14,AÑO,2021,7,DEPARTAMENTO,PROV. CONST. DEL CALLAO
2,PORCENTAJE DE VICTIMIZACIÓN POR ESTAFA,16,AÑO,2021,18,DEPARTAMENTO,MOQUEGUA
1.9,PORCENTAJE DE VICTIMIZACIÓN POR ESTAFA,17,AÑO,2021,5,DEPARTAMENTO,AYACUCHO
1.8,PORCENTAJE DE VICTIMIZACIÓN POR ESTAFA,18,AÑO,2021,1,DEPARTAMENTO,AMAZONAS
1.5,PORCENTAJE DE VICTIMIZACIÓN POR ESTAFA,19,AÑO,2021,3,DEPARTAMENTO,APURÍMAC
1.5,PORCENTAJE DE VICTIMIZACIÓN POR ESTAFA,19,AÑO,2021,22,DEPARTAMENTO,SAN MARTÍN
1.4,PORCENTAJE DE VICTIMIZACIÓN POR ESTAFA,21,AÑO,2021,10,DEPARTAMENTO,HUÁNUCO
1.4,PORCENTAJE DE VICTIMIZACIÓN POR ESTAFA,21,AÑO,2021,20,DEPARTAMENTO,PIURA
1.1,PORCENTAJE DE VICTIMIZACIÓN POR ESTAFA,23,AÑO,2021,24,DEPARTAMENTO,TUMBES
0.8,PORCENTAJE DE VICTIMIZACIÓN POR ESTAFA,24,AÑO,2021,4,DEPARTAMENTO,AREQUIPA
0.5,PORCENTAJE DE VICTIMIZACIÓN POR ESTAFA,25,AÑO,2021,6,DEPARTAMENTO,CAJAMARCA
0.3,PORCENTAJE DE VICTIMIZACIÓN POR ESTAFA,26,AÑO,2021,14,DEPARTAMENTO,LAMBAYEQUE
4.3,PORCENTAJE DE VICTIMIZACIÓN POR ESTAFA,0,AÑO,2022,0,NACIONAL,NACIONAL
8.2,PORCENTAJE DE VICTIMIZACIÓN POR ESTAFA,1,AÑO,2022,3,DEPARTAMENTO,APURÍMAC
7.4,PORCENTAJE DE VICTIMIZACIÓN POR ESTAFA,2,AÑO,2022,9,DEPARTAMENTO,HUANCAVELICA
7.3,PORCENTAJE DE VICTIMIZACIÓN POR ESTAFA,3,AÑO,2022,8,DEPARTAMENTO,CUSCO
6.7,PORCENTAJE DE VICTIMIZACIÓN POR ESTAFA,4,AÑO,2022,22,DEPARTAMENTO,SAN MARTÍN
6.6,PORCENTAJE DE VICTIMIZACIÓN POR ESTAFA,5,AÑO,2022,23,DEPARTAMENTO,TACNA
5.9,PORCENTAJE DE VICTIMIZACIÓN POR ESTAFA,6,AÑO,2022,19,DEPARTAMENTO,PASCO
5.6,PORCENTAJE DE VICTIMIZACIÓN POR ESTAFA,7,AÑO,2022,2,DEPARTAMENTO,ÁNCASH
5.1,PORCENTAJE DE VICTIMIZACIÓN POR ESTAFA,8,AÑO,2022,21,DEPARTAMENTO,PUNO
5.1,PORCENTAJE DE VICTIMIZACIÓN POR ESTAFA,9,AÑO,2022,20,DEPARTAMENTO,PIURA
4.9,PORCENTAJE DE VICTIMIZACIÓN POR ESTAFA,10,AÑO,2022,25,DEPARTAMENTO,UCAYALI
4.7,PORCENTAJE DE VICTIMIZACIÓN POR ESTAFA,11,AÑO,2022,1501,DEPARTAMENTO,LIMA METROPOLITANA
4.6,PORCENTAJE DE VICTIMIZACIÓN POR ESTAFA,12,AÑO,2022,17,DEPARTAMENTO,MADRE DE DIOS
4.6,PORCENTAJE DE VICTIMIZACIÓN POR ESTAFA,13,AÑO,2022,1599,DEPARTAMENTO,REGIÓN LIMA
4.1,PORCENTAJE DE VICTIMIZACIÓN POR ESTAFA,14,AÑO,2022,18,DEPARTAMENTO,MOQUEGUA
3.9,PORCENTAJE DE VICTIMIZACIÓN POR ESTAFA,15,AÑO,2022,13,DEPARTAMENTO,LA LIBERTAD
3.9,PORCENTAJE DE VICTIMIZACIÓN POR ESTAFA,16,AÑO,2022,16,DEPARTAMENTO,LORETO
3.7,PORCENTAJE DE VICTIMIZACIÓN POR ESTAFA,17,AÑO,2022,4,DEPARTAMENTO,AREQUIPA
3.2,PORCENTAJE DE VICTIMIZACIÓN POR ESTAFA,18,AÑO,2022,11,DEPARTAMENTO,ICA
3.2,PORCENTAJE DE VICTIMIZACIÓN POR ESTAFA,19,AÑO,2022,7,DEPARTAMENTO,PROV. CONST. DEL CALLAO
3.1,PORCENTAJE DE VICTIMIZACIÓN POR ESTAFA,20,AÑO,2022,12,DEPARTAMENTO,JUNÍN
2.2,PORCENTAJE DE VICTIMIZACIÓN POR ESTAFA,21,AÑO,2022,24,DEPARTAMENTO,TUMBES
2.2,PORCENTAJE DE VICTIMIZACIÓN POR ESTAFA,22,AÑO,2022,5,DEPARTAMENTO,AYACUCHO
2.2,PORCENTAJE DE VICTIMIZACIÓN POR ESTAFA,23,AÑO,2022,1,DEPARTAMENTO,AMAZONAS
0.8,PORCENTAJE DE VICTIMIZACIÓN POR ESTAFA,24,AÑO,2022,10,DEPARTAMENTO,HUÁNUCO
0.7,PORCENTAJE DE VICTIMIZACIÓN POR ESTAFA,25,AÑO,2022,6,DEPARTAMENTO,CAJAMARCA
0.5,PORCENTAJE DE VICTIMIZACIÓN POR ESTAFA,26,AÑO,2022,14,DEPARTAMENTO,LAMBAYEQUE
5.1,PORCENTAJE DE VICTIMIZACIÓN POR ESTAFA,0,AÑO,2023,0,NACIONAL,NACIONAL
7.3,PORCENTAJE DE VICTIMIZACIÓN POR ESTAFA,1,AÑO,2023,21,DEPARTAMENTO,PUNO
7,PORCENTAJE DE VICTIMIZACIÓN POR ESTAFA,2,AÑO,2023,8,DEPARTAMENTO,CUSCO
6.4,PORCENTAJE DE VICTIMIZACIÓN POR ESTAFA,3,AÑO,2023,23,DEPARTAMENTO,TACNA
6.3,PORCENTAJE DE VICTIMIZACIÓN POR ESTAFA,4,AÑO,2023,1501,DEPARTAMENTO,LIMA METROPOLITANA
6.1,PORCENTAJE DE VICTIMIZACIÓN POR ESTAFA,5,AÑO,2023,20,DEPARTAMENTO,PIURA
5.6,PORCENTAJE DE VICTIMIZACIÓN POR ESTAFA,6,AÑO,2023,4,DEPARTAMENTO,AREQUIPA
5,PORCENTAJE DE VICTIMIZACIÓN POR ESTAFA,7,AÑO,2023,7,DEPARTAMENTO,PROV. CONST. DEL CALLAO
5,PORCENTAJE DE VICTIMIZACIÓN POR ESTAFA,8,AÑO,2023,19,DEPARTAMENTO,PASCO
5,PORCENTAJE DE VICTIMIZACIÓN POR ESTAFA,9,AÑO,2023,1599,DEPARTAMENTO,REGIÓN LIMA
4.5,PORCENTAJE DE VICTIMIZACIÓN POR ESTAFA,10,AÑO,2023,13,DEPARTAMENTO,LA LIBERTAD
4.2,PORCENTAJE DE VICTIMIZACIÓN POR ESTAFA,11,AÑO,2023,22,DEPARTAMENTO,SAN MARTÍN
4.1,PORCENTAJE DE VICTIMIZACIÓN POR ESTAFA,12,AÑO,2023,2,DEPARTAMENTO,ÁNCASH
4.1,PORCENTAJE DE VICTIMIZACIÓN POR ESTAFA,13,AÑO,2023,12,DEPARTAMENTO,JUNÍN
3.8,PORCENTAJE DE VICTIMIZACIÓN POR ESTAFA,14,AÑO,2023,25,DEPARTAMENTO,UCAYALI
3.6,PORCENTAJE DE VICTIMIZACIÓN POR ESTAFA,15,AÑO,2023,16,DEPARTAMENTO,LORETO
3.6,PORCENTAJE DE VICTIMIZACIÓN POR ESTAFA,16,AÑO,2023,9,DEPARTAMENTO,HUANCAVELICA
3.2,PORCENTAJE DE VICTIMIZACIÓN POR ESTAFA,17,AÑO,2023,11,DEPARTAMENTO,ICA
3.1,PORCENTAJE DE VICTIMIZACIÓN POR ESTAFA,18,AÑO,2023,17,DEPARTAMENTO,MADRE DE DIOS
3,PORCENTAJE DE VICTIMIZACIÓN POR ESTAFA,19,AÑO,2023,18,DEPARTAMENTO,MOQUEGUA
2.5,PORCENTAJE DE VICTIMIZACIÓN POR ESTAFA,20,AÑO,2023,1,DEPARTAMENTO,AMAZONAS
2,PORCENTAJE DE VICTIMIZACIÓN POR ESTAFA,21,AÑO,2023,24,DEPARTAMENTO,TUMBES
1.9,PORCENTAJE DE VICTIMIZACIÓN POR ESTAFA,22,AÑO,2023,14,DEPARTAMENTO,LAMBAYEQUE
1.9,PORCENTAJE DE VICTIMIZACIÓN POR ESTAFA,23,AÑO,2023,5,DEPARTAMENTO,AYACUCHO
1.4,PORCENTAJE DE VICTIMIZACIÓN POR ESTAFA,24,AÑO,2023,3,DEPARTAMENTO,APURÍMAC
0.6,PORCENTAJE DE VICTIMIZACIÓN POR ESTAFA,25,AÑO,2023,6,DEPARTAMENTO,CAJAMARCA
0.4,PORCENTAJE DE VICTIMIZACIÓN POR ESTAFA,26,AÑO,2023,10,DEPARTAMENTO,HUÁNUCO
3.8,PORCENTAJE DE VICTIMIZACIÓN POR ESTAFA,0,AÑO,2024,0,NACIONAL,NACIONAL
6.8,PORCENTAJE DE VICTIMIZACIÓN POR ESTAFA,1,AÑO,2024,23,DEPARTAMENTO,TACNA
6.7,PORCENTAJE DE VICTIMIZACIÓN POR ESTAFA,2,AÑO,2024,21,DEPARTAMENTO,PUNO
6.1,PORCENTAJE DE VICTIMIZACIÓN POR ESTAFA,3,AÑO,2024,4,DEPARTAMENTO,AREQUIPA
5.4,PORCENTAJE DE VICTIMIZACIÓN POR ESTAFA,4,AÑO,2024,11,DEPARTAMENTO,ICA
4.2,PORCENTAJE DE VICTIMIZACIÓN POR ESTAFA,5,AÑO,2024,1501,DEPARTAMENTO,LIMA METROPOLITANA
4.1,PORCENTAJE DE VICTIMIZACIÓN POR ESTAFA,6,AÑO,2024,13,DEPARTAMENTO,LA LIBERTAD
4.1,PORCENTAJE DE VICTIMIZACIÓN POR ESTAFA,7,AÑO,2024,9,DEPARTAMENTO,HUANCAVELICA
4,PORCENTAJE DE VICTIMIZACIÓN POR ESTAFA,8,AÑO,2024,20,DEPARTAMENTO,PIURA
3.8,PORCENTAJE DE VICTIMIZACIÓN POR ESTAFA,9,AÑO,2024,12,DEPARTAMENTO,JUNÍN
3.8,PORCENTAJE DE VICTIMIZACIÓN POR ESTAFA,10,AÑO,2024,8,DEPARTAMENTO,CUSCO
3.4,PORCENTAJE DE VICTIMIZACIÓN POR ESTAFA,11,AÑO,2024,2,DEPARTAMENTO,ÁNCASH
3.4,PORCENTAJE DE VICTIMIZACIÓN POR ESTAFA,12,AÑO,2024,22,DEPARTAMENTO,SAN MARTÍN
3.4,PORCENTAJE DE VICTIMIZACIÓN POR ESTAFA,13,AÑO,2024,18,DEPARTAMENTO,MOQUEGUA
3.3,PORCENTAJE DE VICTIMIZACIÓN POR ESTAFA,14,AÑO,2024,7,DEPARTAMENTO,PROV. CONST. DEL CALLAO
3.2,PORCENTAJE DE VICTIMIZACIÓN POR ESTAFA,15,AÑO,2024,1599,DEPARTAMENTO,REGIÓN LIMA
3,PORCENTAJE DE VICTIMIZACIÓN POR ESTAFA,16,AÑO,2024,25,DEPARTAMENTO,UCAYALI
2.4,PORCENTAJE DE VICTIMIZACIÓN POR ESTAFA,17,AÑO,2024,16,DEPARTAMENTO,LORETO
2.3,PORCENTAJE DE VICTIMIZACIÓN POR ESTAFA,18,AÑO,2024,19,DEPARTAMENTO,PASCO
2.1,PORCENTAJE DE VICTIMIZACIÓN POR ESTAFA,19,AÑO,2024,17,DEPARTAMENTO,MADRE DE DIOS
2,PORCENTAJE DE VICTIMIZACIÓN POR ESTAFA,20,AÑO,2024,1,DEPARTAMENTO,AMAZONAS
1.3,PORCENTAJE DE VICTIMIZACIÓN POR ESTAFA,21,AÑO,2024,14,DEPARTAMENTO,LAMBAYEQUE
1.1,PORCENTAJE DE VICTIMIZACIÓN POR ESTAFA,22,AÑO,2024,5,DEPARTAMENTO,AYACUCHO
0.9,PORCENTAJE DE VICTIMIZACIÓN POR ESTAFA,23,AÑO,2024,24,DEPARTAMENTO,TUMBES
0.7,PORCENTAJE DE VICTIMIZACIÓN POR ESTAFA,24,AÑO,2024,3,DEPARTAMENTO,APURÍMAC
0.5,PORCENTAJE DE VICTIMIZACIÓN POR ESTAFA,25,AÑO,2024,10,DEPARTAMENTO,HUÁNUCO
0.5,PORCENTAJE DE VICTIMIZACIÓN POR ESTAFA,26,AÑO,2024,6,DEPARTAMENTO,CAJAMARCA
